id,date,country,source,title,score,summary,link,embedding,countries,people,organizations,locations,category,confidence
3265,2026-06-17,,www.aljazeera.com,UN reports decline in cross-border fire in southern Lebanon,9,UN reports decline in cross-border fire in southern Lebanon,,"b'\xeeqz\xbe\x86\x08\x04?\xc9W\x02>G|\xdf=o\x04\x99>!\xa2\'>\x96\xe2\x93\xbd\xc0\xb9s=\xc1)\x92>\xb6\xae\\\xbc\xda\x85)\xbe|g,\xbe57\xa7\xbc\x94\x8b!\xbe\xf76\xbe\xbd\x9atO\xbd\x9e\x05\xa9\xbeuz\x81\xbe]\x0b\x10>[C\xbb\xbe\x0b\x958>\xc6\x08\x87\xbdY\xfd\xb8=\xf2Q\xa3\xbd\x99\x9e\x1f>\xf7~\xbe\xbe\x9e=\xc2\xbd\nW\xe6>\tr7\xbe\xac\x84\xee\xbd\\/\xbf=\xcc7\x93>}\xd0i\xbf@\x96\xed>\r\xbcB>\xc0\xb1\xf2=\x7fMn=\x91\xbc3>\tT-\xbd\x10\x97#>\xde\xfc\x15?\xfa\x15\x95>\x97\xdc\x93>\xd4u\xc0\xbe\x16?\xa4=>\x82\x04>\x907g\xbe\x9f\xc8\x86\xbe\x9e\xa8\xbf\xbe\xa0\xf0q>_\xa9q>\x97\xb3;?V\xea\x0f\xbeEv\xb9>\xeb?V=\xaaP9\xbe\'\xba\xdd\xbd4&a>iL\xd8\xbe\x9a\xe2\xc8\xbeU\x88\xf4\xbd\xc4\\O=9^\xe3\xbdY;\x14\xbe]\x08\x85=\xf0)\xd5>lQ\xc8=\xaf\x04J>\r\xaa\xbd>1\xdc\x02\xbe\x84M\xcd\xbe\xe1\xed\xa3>\xd6<\r>v\xabB\xbe0\x05\xc1\xbdo\xae\\=\xb3\xaa\x07=n;2?\x87v4<\xc7A\x99\xbe\x92*\x03?\xc5\xc2\xc6>\x1ayy\xbeLGM>I\xa8y>\x99\n\xed\xbe\x95\x95\xdc<\x00Z\xf1=\'qj>\x9c\xf9\x03\xbe\r\xe7\xf4\xbd\xf2\x92\x95>b\xd2\xa8=\xfe\xae\x13?j\xbag\xbe\x1cT<\xbe\x84\xde\x92>dU7\xbe]nv=\xa2\xf5$\xbe3\x85\t>2\x85\xb9\xbdkA\x1d>\xc9L\'>I=\x9f\xbd\x86r\xf9\xbd\x03\x83\xac\xbc\x90\x0c\x08\xbe*Q"">\xc6>\xb1\xbe\xc4\xfdg\xbeA\xc1\x1f\xbe\x99d\x9a=\xe3(k\xbe\xf4\\+\xbe2V\x82\xbe\x0f\\O=-\xe8\x8e=\x16(>\xbe\xa9_O>\x99\xa0p\xbei\x06\x06=\xded\x0e>\x1c\x7f\x9b;/\x12\x80\xbd5\x85\x11>d,\x97\xbe7cW\xbd\x87\x1aD\xbd\xd4(\x94<\x1a\xc9\x9c>\x1aJ5\xbe\xf5:`\xbe~UY\xbe\xe6\xdeW=#\x1dS\xbe\xaa\xa2\xea\xbdo@,\xbe\x8a`B\xbe\xc5\xae\n>\xf6\xc3\x12>EI\xcb\xbe\xf1\xdc\x0b\xbe\x1a\xbf{>\x02\xd9I\xbc9\xfe@\xbd{\\1\xbe\xfa\x19T\xbc\x01I\x85\xbe\xc2\xe0N\xbe\x1b\x85U>\xcc\xd3\xb6\xbe\xe6W\xb4\xbc\x00e\x16\xbeSi\xef={\x97d>L~4\xbe\xf4Q\x00;\xe93>>\x87E\xf5>\xbaac>k5\x94\xbeUX:\xbe\x00\x90\x12>\xd3\xe8\x15\xbf&%\xbf=\xd7\x8dt=A\x17\x96\xbdm\xd9,\xben\xdb\x0b\xbeS\x06\x8d>)e>\xbd\xd31\xd8>\xef\xd7\xd5\xbe\xd5\x9d\xa7=\xd5k\xa6\xbeu[\xf6\xbd\x19N\xb5>""g#=\x7f\xd1^>\xa2\xd9D\xbeelq>\xd6]T>\x14\x07X\xbc9x\xcc\xbd\xc3D\x90\xbb\xabM\x91\xbc\xe0B\xbf=|z\xcb>o\x95\xab=Z\xee\'\xbf\x9f\xcbM\xbe\xed\x0f\xa2>\xa1\xb6e>\xda\xa1\x96>\x7f\xa7\x14>\xde\x02\x10\xbe\xccu\xea\xbd\xc1F5>Pj\x14<.\xa1\x1d>\xf9\xfc\xa1>\x87A\x15\xbec\xe9\x85=\x81M\xd3=\x13J\xdb\xbe\x05X\x1d>\x7f\xa8;\xbe\xdbC\x80<e#\x1b\xbe\x11\xfd\xca\xbd\xe65\x13\xbeF\x04\xbe\xbe\xa3\xc1d\xbeU\xda\x7f>\x00\xa0\x8a\xbe<69>\xedK`<4\xfa9<\x17\xfe\x08\xbd\xb4\x81m>\xff\xca\xb1\xbe\x97A\x13>C&\x92<\xe3\x95\x07>\n\x15\x8f>,#\xb2\xbe\xf1\xa6\xa0<\xdaX$>\x8aG>\xbd\xa7\xee\xf8>{\x80\xa9<\xdeM\x97>\x04\xd6\x94>\x06\xccG\xbe\xab\x0fh=\x826\x15>KB\x08<\x7f\x0b\xae\xbdS\x89\xc9=\x8d\x03\xe0\xbd\x12/&\xbb\x9a\xe0\x04?\xc4EL>\xe5\x13\xd4\xbd\x82\xa7\xd8\xbd!Z\x9b\xbd\x1a\xc2\xcf=\xb3\xdd\xa1\xbe\xbb\xe5E>\x0ek\xf4>G\x83q\xbe\x16\xcf\x01\xbfZ\xc9\xa9\xbe0\xfbb>\x89D\x00>\x95TY\xbe^\x85e\xbd\xca\x06\xa5=A+I\xbeKJ\x97\xbebBO\xbd/H\xdc=d\x0f\x1d\xbf\x1ew\x9e=\xe2A\x02\xbd\xae\t\xa5>\xa5\x02\xb4\xbe\x17\xfa\x02>\xbaW\xf2=\x99k%\xbe\x1d\xea\xc1\xbdd\xe0\xe0\xbd\xdf\xae\xc8\xbdW\xf2\x0b>f\x17~\xbc!\x03\xde=\xb3\x0b0>\xf2\xd3\x07>\xeb\xa5h>\xe6\xb8\xfe\xbe\xa2\x13O>\x93H\x8e\xbe\x10\xa4H=#\x8e\xee>\xda\x1c\xc3\xbe\xc6+\x7f\xbeB\x08\x82=\x92\x01\x9c=e\x0e\x96\xbe2\xd8L>%\xce\xf2=L\x9e(?A\xf2\xf1=\xf3mq>\xbfx\x8b=\xc0H\n\xbf\xef\xa1\x17\xbe\x01hF>\x1c!\xad>\x98_\x85\xbe\xb2[\x1a\xbeT^\\\xbe\xdf\xb0\xdf=\x91\xb4\x0e\xbd@\xdc\x91>\xf4,\xe9\xbd\x83\xab\x12>s\x07\x04>\x06\xa1\xa0\xbd\xed}~\xbe\x8e\xfe\xb9\xbd\x1a\xe7D\xbc\xa9\x1ap>\xb0r%\xbe.\x80\x8a<\x1c\x0b.>:P\x9b\xbe\xa2\xfb\xd8\xbdK\xac\x04<U\x13\xae>\xe5\xbfI\xbd\xfau\xce\xbd\x90\xd3\x12\xbdA6\xc5\xbe-\x86(\xbe\x9e\xc3\xe8=\x1e\x9bV>\xfe\xcc\x91\xbdBK\xdc=\xc1M\xab\xbe\x9cp\x1d\xbe\xeeb\x83\xbd\xa2^\xa3>\x97\x83\xa7\xbe\xa9\xf2\x10\xbc\xa0\x115>wp\x99\xbc\x07\xd9\x0f>\xc9\x94\x88<\x04\xd7\xa3\xbe7\xd7y>\xcb\x0e\xfd\xbe\x86-\xeb=\x9ais9\x96\x9c\x06\xbd\x1c\x89\xb9<\xe2\xd0W\xbeDL\xa7\xbe\xfd\xee\x10>\xf1G\x19>\xb6\x0f\xd9\xbd/\x01k>?\x8e\xb0>3x\xe9\xba\xf7\rW\xbd\x81\xee\x94=\xbd[\x07>#\x08\xb9\xbd\x0f\xb2\xec=\x05\x84\x97>\xcf\xfe\xce>\xb3h\xbe=0\xb8(\xbe\x1a\xed\x9b\xbe\x8f ~\xbe\x15\xa0m=7\xf5\x8d\xbe\xfb\x97\xa5\xbe\xda\xf7d>\xf6\x01\x12?\xe3\x9c\x0f\xbf=^P\xbd\xa3\xc5\x8e\xbe\\;3>\xb9\x9a\xa3\xbe\x01\xfa\xfa=aJ<\xbdO\x0b:=\x95\xf4\xaa\xbe\x11\xfcq>\x95wj>\xf7\xbb\xcd\xbdz\xca\x89>'","[""Lebanon""]",[],"[""UN""]","[""southern Lebanon""]",Border Crisis,0.95
1133,2026-05-19,Cross_Regional,Middle East Eye,Israel's Netanyahu praises naval forces for raiding Gaza-bound flotilla,9,"[CYPRUS ALERT] Ισραηλινές ναυτικές δυνάμεις έκαναν έφοδο και κατέλαβαν πλοία ανθρωπιστικής βοήθειας που κατευθύνονταν προς τη Γάζα, κοντά στην Κύπρο. Ο πρωθυπουργός του Ισραήλ επαίνεσε το ναυτικό για την επιχείρηση.",,,"[""Israel"", ""Cyprus""]","[""Netanyahu""]",[],"[""Gaza""]",Humanitarian,0.9
2287,2026-06-08,Lebanon,Daraj,لبنان بالأبيض والأسود… كيف سرقت الحروب ألوان الحياة؟,7,"[BORDER INFO] Ο Λίβανος βιώνει περίοδο πολέμων, με τον πληθυσμό να λαμβάνει ειδοποιήσεις εκκένωσης και να ζει υπό συνθήκες αγωνίας για την επιβίωση.",,,"[""Lebanon""]",[],[],[],Humanitarian,0.9
2211,2026-06-07,Cross_Regional,Middle East Eye,"Two killed, 22 wounded in Israeli strike on south Lebanon, ministry says",7,"[BORDER INFO] Ισραηλινή επίθεση στην πόλη Saksakiyeh του Νότιου Λιβάνου σκότωσε δύο άτομα και τραυμάτισε 22, συμπεριλαμβανομένων παιδιών.",,,"[""Israel"", ""Lebanon""]",[],[],"[""Saksakiyeh"", ""South Lebanon""]",Humanitarian,0.9
2268,2026-06-07,Cross_Regional,Al Monitor,Israel strikes south Beirut after intercepting Hezbollah launches,7,"[BORDER INFO] Ισραηλινά πλήγματα έπληξαν νότια προάστια της Βηρυτού, προκαλώντας δύο νεκρούς και 20 τραυματίες, συμπεριλαμβανομένων παιδιών.",,,"[""Israel""]",[],"[""Hezbollah""]","[""Beirut"", ""South Beirut""]",Border Crisis,0.9
2085,2026-06-05,Cross_Regional,Al Jazeera,Iran war live: Hezbollah rejects truce as Israel continues Lebanon strikes,7,[BORDER INFO] Το Ισραήλ συνεχίζει τα πλήγματα στον Λίβανο καθώς η Χεζμπολάχ απορρίπτει την εκεχειρία.,,,"[""Iran"", ""Israel"", ""Lebanon""]",[],"[""Hezbollah""]",[],Border Crisis,0.9
2086,2026-06-05,Cross_Regional,Middle East Eye,Lawmakers vote to curb Trump war on Iran but fail similar effort on Lebanon,7,"[BORDER INFO] Συνεχιζόμενες στρατιωτικές επιχειρήσεις στο Λίβανο έχουν προκαλέσει τον θάνατο άνω των 3.500 ανθρώπων και τον βίαιο εκτοπισμό πληθυσμών, με βομβαρδισμούς κατοικιών και ιατρικών εγκαταστάσεων.",,,"[""Iran"", ""Lebanon""]","[""Trump""]",[],[],Border Crisis,0.9
1946,2026-06-03,Cross_Regional,BBC Arabic,إسرائيل توجه إنذار إخلاء عاجل لسكان بلدات جنوب لبنان قبل انطلاق جولة جديدة من المفاوضات,7,"[BORDER INFO] Το Ισραήλ εξέδωσε επείγουσα προειδοποίηση εκκένωσης σε κατοίκους περιοχών του Νοτίου Λιβάνου, ενώ συνεχίστηκαν οι αμοιβαίες επιθέσεις με τη Χεζμπολάχ.",,,"[""Israel"", ""Lebanon""]",[],"[""Hezbollah""]","[""Southern Lebanon""]",Border Crisis,0.9
2005,2026-06-03,Cross_Regional,Al Monitor,"Israel strikes near Beirut, intercepts 'hostile aircraft'",7,[BORDER INFO] Ισραηλινά πλήγματα με drone σκότωσαν τουλάχιστον έξι άτομα στον νότιο Λίβανο και έπληξαν όχημα νότια της Βηρυτού. Οι εχθροπραξίες συνεχίζονται παρά τη μεσολάβηση συμφωνίας.,,,"[""Israel"", ""Lebanon""]",[],[],"[""Beirut"", ""South Lebanon""]",Border Crisis,0.9
1905,2026-06-01,Cross_Regional,Middle East Eye,Morning update,7,[BORDER INFO] Το Ισραήλ συνεχίζει να βομβαρδίζει αμάχους στο Λίβανο παρά τις διεθνείς πιέσεις για αποκλιμάκωση.,,,"[""Israel"", ""Lebanon""]",[],[],[],Border Crisis,0.9
1801,2026-05-31,Egypt,Mada Masr English,Israeli forces cross Litani River to south Lebanon’s Zawtar in costly bid to ‘exert pressure’ amid talk of US-Iran truce,7,"[BORDER INFO] Ισραηλινές δυνάμεις διέσχισαν τον ποταμό Λιτάνι στον Νότιο Λίβανο, αντιμετωπίζοντας αντίσταση από τη Χεζμπολάχ.",,,"[""Israel"", ""Lebanon"", ""United States"", ""Iran""]",[],"[""Hezbollah""]","[""Litani River"", ""Zawtar"", ""South Lebanon""]",Border Crisis,0.9
1803,2026-05-31,Egypt,Mada Masr English,Residents pack up to leave Dahiyeh before Eid al-Adha as Netanyahu threatens to ‘intensify strikes’,7,[BORDER INFO] Κάτοικοι της νότιας Βηρυτού ετοιμάζονται να εγκαταλείψουν τις εστίες τους εν μέσω απειλών για κλιμάκωση των ισραηλινών επιθέσεων.,,,"[""Israel"", ""Lebanon""]","[""Netanyahu""]",[],"[""Dahiyeh"", ""Beirut""]",Border Crisis,0.9
1808,2026-05-31,Cross_Regional,BBC Arabic,رئيس الوزراء اللبناني: سياسة الأرض المحروقة لن تضمن أمن إسرائيل,7,[BORDER INFO] Ισραηλινές δυνάμεις εξαπέλυσαν επιδρομές σε δεκάδες χωριά του Νότιου Λιβάνου και εξέδωσαν εντολές εκκένωσης για πάνω από δέκα χωριά.,,,"[""Lebanon"", ""Israel""]",[],[],"[""Southern Lebanon""]",Border Crisis,0.9
1816,2026-05-31,Cross_Regional,Middle East Eye,Israeli army says forces crossed Litani River in large-scale military offensive,7,"[BORDER INFO] Ισραηλινές δυνάμεις διέσχισαν τον ποταμό Λιτάνι και ξεκίνησαν μια μεγάλης κλίμακας στρατιωτική επιχείρηση στον νότιο Λίβανο, στοχεύοντας υποδομές της Χεζμπολάχ και μαχητές.",,,"[""Israel"", ""Lebanon""]",[],"[""Hezbollah""]","[""Litani River"", ""Southern Lebanon""]",Border Crisis,0.95
1739,2026-05-29,Syria,Enab Baladi,"Evacuations Ordered in Deir Ezzor, Syria, as Euphrates Rises",7,[BORDER INFO] Δόθηκαν εντολές άμεσης εκκένωσης στην επαρχία Deir Ezzor της Συρίας λόγω της ανόδου της στάθμης του ποταμού Ευφράτη.,,,"[""Syria""]",[],[],"[""Deir Ezzor"", ""Euphrates River""]",Humanitarian,0.95
1753,2026-05-29,Egypt,Mada Masr English,Israeli forces cross Litani River to south Lebanon’s Zawtar in costly bid to ‘exert pressure’ amid talk of US-Iran truce,7,[BORDER INFO] Ισραηλινές δυνάμεις διέσχισαν τον ποταμό Λιτάνι στον Νότιο Λίβανο και αντιμετωπίζουν αντίσταση από δυνάμεις της Χεζμπολάχ.,,,"[""Israel"", ""Lebanon"", ""US"", ""Iran""]",[],"[""Hezbollah""]","[""Litani River"", ""South Lebanon"", ""Zawtar""]",Border Crisis,0.9
1755,2026-05-29,Egypt,Mada Masr English,Residents pack up to leave Dahiyeh before Eid al-Adha as Netanyahu threatens to ‘intensify strikes’,7,"[BORDER INFO] Κάτοικοι των νότιων προαστίων της Βηρυτού ετοιμάζονται να εγκαταλείψουν τις εστίες τους, καθώς ο Νετανιάχου απειλεί με εντατικοποίηση των επιθέσεων στον Λίβανο.",,,"[""Lebanon""]","[""Netanyahu""]",[],"[""Dahiyeh"", ""Beirut""]",Border Crisis,0.9
1766,2026-05-29,Cross_Regional,Middle East Eye,"Israel issues expulsion threats in Lebanon's Nabatieh, strikes area in Tyre",7,"[BORDER INFO] Ο ισραηλινός στρατός στόχευσε την πόλη Maaroub στην Τύρο και εξέδωσε απειλές εκδίωξης προς τους κατοίκους της Ain Qana στη Ναμπατίγια, διατάσσοντάς τους να απομακρυνθούν.",,,"[""Israel"", ""Lebanon""]",[],[],"[""Nabatieh"", ""Tyre"", ""Maaroub"", ""Ain Qana""]",Border Crisis,0.9
1773,2026-05-29,Cross_Regional,Al Monitor,Netanyahu directs Israeli forces to expand Gaza control to 70 percent,7,[BORDER INFO] Ο Πρωθυπουργός του Ισραήλ Μπενιαμίν Νετανιάχου έδωσε εντολή στον στρατό να επεκτείνει τον έλεγχο στη Γάζα στο 70% του εδάφους.,,,"[""Israel""]","[""Benjamin Netanyahu""]",[],"[""Gaza""]",Policy Change,0.9
1681,2026-05-28,Cross_Regional,BBC Arabic,إسرائيل تصدر أوامر إخلاء لمناطق واسعة في جنوب لبنان,7,"[BORDER INFO] Το Ισραήλ εξέδωσε εντολές εκκένωσης για μεγάλες περιοχές στο νότιο Λίβανο, οι οποίες καλύπτουν περίπου το 14% της λιβανικής επικράτειας.",,,"[""Israel"", ""Lebanon""]",[],[],"[""Southern Lebanon""]",Border Crisis,0.9
1683,2026-05-28,Cross_Regional,Middle East Eye,"In pictures: Israel pounds southern Lebanon, two killed in Tyre",7,"[BORDER INFO] Ισραηλινές δυνάμεις βομβάρδισαν τον Νότιο Λίβανο, με δύο νεκρούς στην Τύρο.",,,"[""Israel"", ""Lebanon""]",[],[],"[""Southern Lebanon"", ""Tyre""]",Border Crisis,0.9
1592,2026-05-27,Cross_Regional,Al Jazeera,Iran war day 89: Lebanon strikes kill 31 as ceasefire tensions rise,7,"[BORDER INFO] Ισραηλινές επιθέσεις σκότωσαν 31 άτομα στον Λίβανο, ενώ οι επιθέσεις εντάθηκαν και εξαπλώθηκαν εντολές εκτοπισμού πληθυσμών.",,,"[""Iran"", ""Lebanon"", ""Israel""]",[],[],[],Border Crisis,0.9
1509,2026-05-26,Cross_Regional,Al Jazeera,Netanyahu vows to ‘smite’ Hezbollah with ‘overwhelming’ force,7,[BORDER INFO] Ο Ισραηλινός πρωθυπουργός Μπενιαμίν Νετανιάχου ορκίστηκε να «πλήξει» τη Χεζμπολάχ με «συντριπτική» δύναμη.,,,"[""Israel""]","[""Benjamin Netanyahu""]","[""Hezbollah""]",[],Border Crisis,0.9
1513,2026-05-26,Cross_Regional,Middle East Eye,"Israeli ministers call for cutting power to Lebanon, return to full-scale war",7,[BORDER INFO] Ισραηλινοί υπουργοί ζητούν διακοπή ηλεκτροδότησης στον Λίβανο και επιστροφή σε πλήρους κλίμακας στρατιωτικές επιχειρήσεις.,,,"[""Israel"", ""Lebanon""]",[],[],[],Border Crisis,0.9
1451,2026-05-25,Lebanon,Daraj,أيتام في غزة… نجوا من الإبادة ووقعوا في متاهات القضاء,7,"[BORDER INFO] Ορφανά και εκτοπισμένοι πληθυσμοί στη Γάζα αντιμετωπίζουν σφοδρή ανθρωπιστική κρίση, πείνα, και απουσία οικονομικού ή νομικού ορίζοντα.",,,[],[],[],"[""Gaza""]",Humanitarian,0.9
1471,2026-05-25,Cross_Regional,Middle East Eye,Israeli army orders evacuations of 10 Lebanon villages ahead of strikes,7,[BORDER INFO] Ο ισραηλινός στρατός διέταξε την εκκένωση 10 χωριών στον Νότιο Λίβανο ενόψει επικείμενων επιθέσεων. Τρεις άνθρωποι σκοτώθηκαν σε ισραηλινά πλήγματα στην περιοχή.,,,"[""Israel"", ""Lebanon""]",[],"[""Israeli army""]","[""Southern Lebanon""]",Border Crisis,0.9
1323,2026-05-24,Lebanon,Daraj,الشيعة بين حلم العودة والترانسفير,7,"[BORDER INFO] Συστηματική καταστροφή και συνεχιζόμενοι βομβαρδισμοί πλήττουν χωριά στον Νότιο Λίβανο, ενισχύοντας την αίσθηση αδυναμίας επιστροφής και τις συζητήσεις για εκτοπισμό πληθυσμών.",,,"[""Lebanon""]",[],[],"[""Southern Lebanon""]",Refugee Flow,0.95
1285,2026-05-22,Lebanon,Daraj,3 سنوات على الحرب في السودان: مشكلات الانتقال السياسي والعدالة,7,"[BORDER INFO] Ο πόλεμος στο Σουδάν οδηγεί σε οικονομική κατάρρευση, επιδείνωση των εκτοπισμών και διάλυση του κράτους.",,,"[""Sudan""]",[],[],[],Humanitarian,0.9
1304,2026-05-22,Cross_Regional,Middle East Eye,Footage shows Israeli soldiers celebrating destruction in southern Lebanon,7,"[BORDER INFO] Ισραηλινοί στρατιώτες γιόρτασαν την καταστροφή χωριών στον νότιο Λίβανο. Η εν εξελίξει επίθεση και καταστροφή έχουν εκτοπίσει πάνω από 1,6 εκατομμύρια ανθρώπους στη χώρα.",,,"[""Israel"", ""Lebanon""]",[],[],"[""Southern Lebanon""]",Refugee Flow,0.9
1310,2026-05-22,Cross_Regional,Al Monitor,Lebanese accuse Israel of wiping their towns off the map,7,[BORDER INFO] Ευρεία καταστροφή δεκάδων πόλεων και χωριών κατά μήκος των νότιων συνόρων του Λιβάνου από ισραηλινές δυνάμεις.,,,"[""Lebanon"", ""Israel""]",[],[],"[""southern borders of Lebanon""]",Border Crisis,0.9
1204,2026-05-21,Lebanon,Daraj,عن العري حينما يُعلّمنا لكننا نصفعه!,7,"[BORDER INFO] Μια χώρα αντιμετωπίζει χιλιάδες εκτοπισμένους, πόλεμο, καταστροφική κατοχή, κατεστραμμένη οικονομία και εκτεταμένη διαφθορά.",,,[],[],[],[],Refugee Flow,0.9
1176,2026-05-20,Cross_Regional,BBC Arabic,الصحة اللبنانية تعلن مقتل 19 بغارات إسرائيلية على جنوب لبنان,7,"[BORDER INFO] Ισραηλινές επιδρομές και βομβαρδισμοί έπληξαν τον Νότιο Λίβανο, με 19 νεκρούς. Οι κάτοικοι 12 λιβανικών χωριών και πόλεων ειδοποιήθηκαν να εκκενώσουν άμεσα.",,,"[""Lebanon"", ""Israel""]",[],"[""Lebanese Health Ministry""]","[""South Lebanon""]",Border Crisis,0.9
1104,2026-05-19,Cross_Regional,Middle East Eye,Morning update,7,[BORDER INFO] Συνεχίζεται η στρατιωτική δραστηριότητα στον Λίβανο με βομβαρδισμούς στην Τύρο του νότιου Λιβάνου και εκδόθηκαν προειδοποιήσεις εκτοπισμού πληθυσμού.,,,"[""Lebanon""]",[],[],"[""Tyre"", ""southern Lebanon""]",Border Crisis,0.9
905,2026-05-17,Lebanon,Daraj,أنثروبولوجيا الخراب: عن قبور أهلنا في جنوب الليطاني,7,"[BORDER INFO] Η είδηση περιγράφει τις επιπτώσεις βομβαρδισμών και καταστροφών στον Νότιο Λίβανο, συνθήκες που μπορούν να οδηγήσουν σε μετακινήσεις πληθυσμών και δυνητικές μεταναστευτικές ροές.",,,"[""Lebanon""]",[],[],"[""South Litani"", ""South Lebanon""]",Refugee Flow,0.9
934,2026-05-17,Cross_Regional,Al Jazeera,Iran war live: Tehran plans tolls in Hormuz; Trump warns of ‘very bad time’,7,"[BORDER INFO] Επιθέσεις του Ισραήλ σε Λίβανο και Γάζα προκαλούν θύματα, αυξάνοντας την περιφερειακή αστάθεια και τον κίνδυνο μετακίνησης πληθυσμών από κράτη-πηγές μεταναστευτικών ροών προς την Κύπρο.",,,"[""Iran"", ""Israel"", ""Lebanon"", ""Cyprus""]","[""Trump""]",[],"[""Tehran"", ""Hormuz"", ""Gaza""]",Refugee Flow,0.9
943,2026-05-17,Cross_Regional,Al Monitor,Israel strikes south Lebanon day after ceasefire extension,7,[BORDER INFO] Οι ισραηλινές αεροπορικές επιδρομές στον Νότιο Λίβανο οδήγησαν χιλιάδες κατοίκους να εγκαταλείψουν τα σπίτια τους. Αυτό δημιουργεί αυξημένο δυνητικό κίνδυνο για μεταναστευτικές ροές προς την Κύπρο και την Ανατολική Μεσόγειο.,,,"[""Israel"", ""Lebanon"", ""Cyprus""]",[],[],"[""South Lebanon"", ""Eastern Mediterranean""]",Refugee Flow,0.9
832,2026-05-14,Cross_Regional,Al Monitor,"Lebanon, Israel to hold new talks in US as ceasefire nears end",7,"[BORDER INFO] Εντατικές ισραηλινές αεροπορικές επιθέσεις στον Λίβανο προκαλούν θανάτους αμάχων και πλήττουν δεκάδες τοποθεσίες, αυξάνοντας τον κίνδυνο μετακίνησης πληθυσμών στην Ανατολική Μεσόγειο.",,,"[""Lebanon"", ""Israel"", ""US""]",[],[],"[""Eastern Mediterranean""]",Humanitarian,0.9
848,2026-05-14,Lebanon,Daraj,“لن أغادر طالما هناك مصاب”: طبيب على خطّ الحرب في جنوب لبنان,7,"[BORDER INFO] Έντονες συγκρούσεις και σοβαρή ανθρωπιστική κρίση στο Νότιο Λίβανο, με γιατρούς να διαχειρίζονται μεγάλο αριθμό τραυματιών, αυξάνοντας τον κίνδυνο μετακίνησης πληθυσμών.",,,"[""Lebanon""]",[],[],"[""South Lebanon""]",Border Crisis,0.9
729,2026-05-12,Syria,North Press Agency,Report warns Syria’s health system strained by mass returnees,7,"[BORDER INFO] Έκθεση αναφέρει ότι το σύστημα υγείας της Συρίας πιέζεται έντονα από την επιστροφή 1,4 εκατομμυρίων Σύριων, μια κατάσταση που υποδηλώνει εσωτερική αστάθεια και δυνητικά αυξάνει τον κίνδυνο μελλοντικών μεταναστευτικών ροών.",,,"[""Syria""]",[],[],[],Refugee Flow,0.95
746,2026-05-12,Lebanon,Daraj,عن لا مرئية موتنا نحن أبناء الجنوب,7,"[BORDER INFO] Στο Νότιο Λίβανο, οι κάτοικοι βιώνουν καθημερινό θάνατο και απώλειες, με την αδυναμία να φανταστούν επιστροφή στα σπίτια τους. Αυτή η κρίσιμη κατάσταση αυξάνει τον κίνδυνο δημιουργίας μεταναστευτικών ροών προς την Κύπρο και την Ανατολική Μεσόγειο.",,,"[""Lebanon"", ""Cyprus""]",[],[],"[""Southern Lebanon"", ""Eastern Mediterranean""]",Refugee Flow,0.9
773,2026-05-12,Cross_Regional,Middle East Eye,Israel issues new evacuation orders for four south Lebanon towns,7,"[BORDER INFO] Το Ισραήλ εξέδωσε νέες εντολές εκκένωσης για πόλεις του νοτίου Λιβάνου εν μέσω συνεχιζόμενων επιθέσεων, με τις λιβανικές αρχές να αναφέρουν πάνω από ένα εκατομμύριο εκτοπισμένους από τον Μάρτιο.",,,"[""Israel"", ""Lebanon""]",[],[],"[""South Lebanon""]",Border Crisis,0.95
635,2026-05-11,Lebanon,Daraj,“ماما، لماذا لست سورياً؟”: أبناء السوريات من “أجانب”… بلا قيد ولا شهادة ميلاد,7,"[BORDER INFO] Η είδηση αναδεικνύει το πρόβλημα των ανιθαγενών παιδιών Σύριων μητέρων στη Συρία, γεγονός που συνιστά ισχυρό παράγοντα ώθησης για μελλοντικές μεταναστευτικές ροές από την περιοχή.",,,"[""Syria""]",[],[],[],Humanitarian,0.9
581,2026-05-09,Lebanon,Daraj,“ماما، لماذا لست سورياً؟”: أبناء السوريات من “أجانب”… بلا قيد ولا شهادة ميلاد,7,"[BORDER INFO] Η είδηση αναδεικνύει το πρόβλημα των ανιθαγενών παιδιών Σύριων μητέρων, τα οποία στερούνται ιθαγένειας και επίσημων εγγράφων. Αυτό δημιουργεί μια εκτεταμένη και εξαιρετικά ευάλωτη πληθυσμιακή ομάδα στη Συρία, ενισχύοντας τους παράγοντες ώθησης για μελλοντικές μεταναστευτικές ροές.",,,"[""Syria""]",[],[],[],Humanitarian,0.9
582,2026-05-09,Lebanon,Daraj,“نؤلمهم ويؤلموننا”: حزب الله حوّل الجنوب إلى ميزان ألم غير متكافئ,7,"[BORDER INFO] Η είδηση αναφέρει ότι ο Λίβανος ""συνθλίβεται"" λόγω της σύγκρουσης, κάτι που υποδηλώνει σοβαρή κλιμάκωση και αυξημένο κίνδυνο για μετακινήσεις πληθυσμών από τη χώρα προς την Αν. Μεσόγειο.",,,"[""Lebanon""]",[],"[""Hezbollah""]","[""Southern Lebanon"", ""Eastern Mediterranean""]",Border Crisis,0.9
480,2026-05-07,Lebanon,Daraj,الجنوب أسير الجماعة والطائفة… لسنا أبناءً ولا إخوة إنّما نحن لبنانيّون,7,"[BORDER INFO] Το κείμενο περιγράφει μια καταστροφική κατάσταση στα νότια χωριά, με σπίτια να μετατρέπονται σε στάχτες και χιλιάδες θύματα, υποδηλώνοντας σοβαρές συνθήκες που οδηγούν σε αναγκαστικές μετακινήσεις πληθυσμών στην ευρύτερη περιοχή.",,,"[""Lebanon""]",[],[],"[""Southern Lebanon""]",Humanitarian,0.9
508,2026-05-07,Cross_Regional,Middle East Eye,Morning update,7,"[BORDER INFO] Η κλιμάκωση των ισραηλινών επιθέσεων και η απειλή κατάρρευσης της εκεχειρίας στον Λίβανο, με θύματα και χτυπήματα στη Βηρυτό, αυξάνει τον κίνδυνο εκτοπισμού πληθυσμών.",,,"[""Israel"", ""Lebanon""]",[],[],"[""Beirut""]",Refugee Flow,0.9
554,2026-05-07,Cross_Regional,Al Jazeera,Iran war day 69: Tehran ‘reviewing’ US proposals; Israel bombs Beirut,7,"[BORDER INFO] Η είδηση αναφέρει βομβαρδισμό της Βηρυτού από το Ισραήλ, γεγονός που προκαλεί αστάθεια στον Λίβανο, μια χώρα-κλειδί για τις μεταναστευτικές ροές προς την Κύπρο και την Αν. Μεσόγειο, αυξάνοντας τον κίνδυνο μετακίνησης πληθυσμών.",,,"[""Iran"", ""US"", ""Israel"", ""Lebanon"", ""Cyprus""]",[],[],"[""Tehran"", ""Beirut"", ""Eastern Mediterranean""]",Refugee Flow,0.9
442,2026-05-06,Egypt,Mada Masr English,Israel attacks villages north of Litani to ease pressure on troops occupying crucial axis,7,"[BORDER INFO] Οι ισραηλινές επιθέσεις σε χωριά στο νότιο Λίβανο εντείνουν την αστάθεια, γεγονός που μπορεί να οδηγήσει σε μετακινήσεις πληθυσμών και δυνητικά σε ροές προς την Κύπρο και την Αν. Μεσόγειο.",,,"[""Israel"", ""Lebanon"", ""Cyprus""]",[],[],"[""Litani"", ""Southern Lebanon"", ""Eastern Mediterranean""]",Refugee Flow,0.9
457,2026-05-06,Cross_Regional,Middle East Eye,Israel orders evacuations for 12 villages in Lebanon before planned strikes,7,"[BORDER INFO] Το Ισραήλ διέταξε την εκκένωση 12 χωριών στον Νότιο Λίβανο ενόψει επικείμενων αεροπορικών επιδρομών, δημιουργώντας εσωτερική μετακίνηση πληθυσμών που ενδέχεται να οδηγήσει σε μεταναστευτικές ροές προς την Κύπρο ή την Αν. Μεσόγειο.",,,"[""Israel"", ""Lebanon"", ""Cyprus""]",[],[],"[""Southern Lebanon"", ""Eastern Mediterranean""]",Refugee Flow,0.95
458,2026-05-06,Cross_Regional,Middle East Eye,Israel says strikes targeted Hezbollah sites across southern Lebanon,7,"[BORDER INFO] Σφοδρές ισραηλινές επιχειρήσεις στον νότιο Λίβανο έχουν οδηγήσει στον εκτοπισμό 1,2 εκατομμυρίων ανθρώπων, αυξάνοντας σημαντικά τον κίνδυνο μεταναστευτικών ροών στην Ανατολική Μεσόγειο.",,,"[""Israel"", ""Lebanon""]",[],"[""Hezbollah""]","[""southern Lebanon"", ""Eastern Mediterranean""]",Refugee Flow,0.9
406,2026-05-05,Cross_Regional,BBC Arabic,مقتل 17 شخصاً بغارات إسرائيلية على جنوب لبنان رغم وقف إطلاق النار,7,"[BORDER INFO] Ισραηλινές επιδρομές στον νότιο Λίβανο προκάλεσαν 17 θανάτους, υποδεικνύοντας σοβαρή κλιμάκωση της βίας και αστάθειας σε μια περιοχή με άμεση σημασία για τις μεταναστευτικές ροές προς την Κύπρο.",,,"[""Israel"", ""Lebanon"", ""Cyprus""]",[],[],"[""South Lebanon""]",Border Crisis,0.95
265,2026-05-04,Syria,Enab Baladi,"Thousands of Multiple Sclerosis Patients Face Drug Gap, Rising Costs",7,"[BORDER INFO] Χιλιάδες ασθενείς με σκλήρυνση κατά πλάκας στη Συρία αντιμετωπίζουν έλλειψη φαρμάκων και αυξημένο κόστος, γεγονός που επιδεινώνει τις συνθήκες διαβίωσης και μπορεί να αποτελέσει παράγοντα ώθησης για μετανάστευση από τη χώρα.",,,"[""Syria""]",[],[],[],Humanitarian,0.9
276,2026-05-04,Lebanon,Daraj,هل أصبحنا على حافة الاستسلام؟,7,"[BORDER INFO] Η είδηση περιγράφει μια βαθιά υπαρξιακή κρίση ανασφάλειας, αστάθειας και έλλειψης αξιοπρέπειας για τους πληθυσμούς, συνθήκες που αυξάνουν σημαντικά τον κίνδυνο δημιουργίας μεταναστευτικών ροών.",,,[],[],[],[],Border Crisis,0.9
251,2026-05-03,Cross_Regional,Middle East Eye,Israeli military orders evacuations in 11 south Lebanon towns,7,"[BORDER INFO] Οι ισραηλινές ένοπλες δυνάμεις διέταξαν την άμεση εκκένωση 11 πόλεων στον νότιο Λίβανο, προκαλώντας αναγκαστική μετακίνηση πληθυσμών λόγω κλιμάκωσης των συγκρούσεων στην περιοχή. Αυτό ενέχει άμεσο κίνδυνο δημιουργίας νέων μεταναστευτικών ροών προς την Ανατολική Μεσόγειο και την Κύπρο.",,,"[""Israel"", ""Lebanon"", ""Cyprus""]",[],[],"[""Southern Lebanon"", ""Eastern Mediterranean""]",Border Crisis,0.9
26,2026-05-02,Egypt,Mada Masr English,"Limbo in the south: Despite ceasefire, Lebanon’s displaced still await political pathway",7,"[BORDER INFO] Η παραμονή εκτοπισμένων στον Λίβανο σε αβεβαιότητα μετά την εκεχειρία, χωρίς πολιτική λύση, αυξάνει τον κίνδυνο μεταναστευτικών ροών προς την Κύπρο και την Αν. Μεσόγειο.",,,"[""Lebanon"", ""Cyprus""]",[],[],"[""Eastern Mediterranean""]",Refugee Flow,0.9
33,2026-05-02,Cross_Regional,Al Jazeera,Israeli air strikes kill 10 people in southern Lebanon,7,"[BORDER INFO] Ισραηλινές αεροπορικές επιδρομές στο νότιο Λίβανο με νεκρούς και πληγείσες πόλεις, εν μέσω κλιμάκωσης, αυξάνουν τον κίνδυνο μετακίνησης πληθυσμών από την περιοχή.",,,"[""Israel"", ""Lebanon""]",[],[],"[""Southern Lebanon""]",Border Crisis,0.9
2387,2026-06-09,Egypt,Egyptian Streets,Gaza Ceasefire Talks Resume in Cairo,6,[BORDER INFO] Σφοδροί ισραηλινοί αεροπορικοί βομβαρδισμοί στη Γάζα σκότωσαν τουλάχιστον 10 Παλαιστίνιους και έπληξαν κατοικίες στην πόλη της Γάζας.,,,"[""Israel""]",[],[],"[""Gaza"", ""Cairo"", ""Gaza City""]",Border Crisis,0.95
2394,2026-06-09,Cross_Regional,Middle East Eye,Israel expands forcible displacement orders in southern Lebanon's Tyre,6,"[BORDER INFO] Το Ισραήλ εξέδωσε εντολές αναγκαστικού εκτοπισμού για κατοίκους περιοχών γύρω από την Τύρο στον Νότιο Λίβανο, συμπεριλαμβανομένων παλαιστινιακών προσφυγικών καταυλισμών.",,,"[""Israel"", ""Lebanon"", ""Palestine""]",[],[],"[""Tyre"", ""Southern Lebanon""]",Border Crisis,0.9
2395,2026-06-09,Cross_Regional,Middle East Eye,Morning update,6,"[BORDER INFO] Οι ισραηλινές δυνάμεις συνέχισαν αεροπορικές επιδρομές στον νότιο Λίβανο, με τουλάχιστον δώδεκα ανθρώπους να αναφέρονται νεκροί.",,,"[""Israel"", ""Lebanon""]",[],[],"[""Southern Lebanon""]",Border Crisis,0.95
2300,2026-06-08,Egypt,Egyptian Streets,Gaza Ceasefire Talks Resume in Cairo,6,"[BORDER INFO] Συνεχίζονται οι συνομιλίες για εκεχειρία στη Γάζα. Εν τω μεταξύ, η βία στην περιοχή επιμένει με πρόσφατες αεροπορικές επιδρομές να σκοτώνουν τουλάχιστον 10 Παλαιστινίους.",,,"[""Egypt"", ""Palestine""]",[],[],"[""Gaza"", ""Cairo""]",Border Crisis,0.9
2179,2026-06-07,Syria,North Press Agency,UNHCR welcomes Syrian citizenship drive for Kurds,6,[BORDER INFO] Ο ΟΗΕ καλωσορίζει την πρωτοβουλία για χορήγηση συριακής υπηκοότητας σε Κούρδους στη Συρία.,,,"[""Syria""]",[],"[""UNHCR"", ""UN""]",[],Policy Change,0.9
2193,2026-06-07,Lebanon,Daraj,لبنان بالأبيض والأسود… كيف سرقت الحروب ألوان الحياة؟,6,"[BORDER INFO] Ο Λίβανος βιώνει συνέπειες πολέμων, με τους κατοίκους να λαμβάνουν ειδοποιήσεις εκκένωσης και να ζουν σε κλίμα αγωνίας.",,,"[""Lebanon""]",[],[],[],Border Crisis,0.9
2198,2026-06-07,Egypt,Mada Masr English,"Sudan Nashra: RSF-armed Salamat, Beni Halba locked in deadly ‘tribal war’ | New wave of RSF violence near Bara kills dozens, communities mobilize to defend villages | RSF-led Tasis establishes Security and Defense Council | Quintet’s Addis Ababa meet",6,"[BORDER INFO] Φυλετικός πόλεμος στο Νότιο Νταρφούρ του Σουδάν και νέα κύματα βίας από τις Δυνάμεις Ταχείας Υποστήριξης (RSF) έχουν σκοτώσει δεκάδες, προκαλώντας καταστροφικό ανθρωπιστικό αντίκτυπο.",,,"[""Sudan""]",[],"[""RSF"", ""Tasis""]","[""Bara"", ""South Darfur"", ""Addis Ababa""]",Humanitarian,0.9
2221,2026-06-07,Syria,North Press Agency,Euphrates River shifts from historic low flows to devastating flooding,6,"[BORDER INFO] Ο ποταμός Ευφράτης στη Συρία παρουσιάζει ακραίες διακυμάνσεις από ιστορικά χαμηλές στάθμες σε καταστροφικές πλημμύρες, επηρεάζοντας τη γεωργία, τις τοπικές κοινότητες και τις υποδομές.",,,"[""Syria""]",[],[],"[""Euphrates River""]",Border Crisis,0.9
2251,2026-06-07,Cross_Regional,BBC Arabic,"قاليباف: القواعد الأمريكية والمصالح الإسرائيلية في الشرق الأوسط ""أهداف مشروعة""، وترامب يدعو لضربات ""دقيقة"" ضد حزب الله",6,"[BORDER INFO] Το Ισραήλ συνεχίζει επιθέσεις στο εσωτερικό του Λιβάνου, με πάνω από εκατό επιθέσεις αυτό το Σαββατοκύριακο.",,,"[""United States"", ""Israel"", ""Lebanon""]","[""Ghalibaf"", ""Trump""]","[""Hezbollah""]","[""Middle East""]",Border Crisis,0.9
2151,2026-06-06,Lebanon,Daraj,كيف غدونا أضراراً جانبية؟,6,"[BORDER INFO] Η σιιτική κοινότητα στον Λίβανο βιώνει υπαρξιακή καταστροφή, με αναφορά σε ιστορικές εκτοπίσεις πληθυσμών.",,,"[""Lebanon""]",[],[],[],Humanitarian,0.95
2163,2026-06-06,Egypt,Mada Masr English,New refugee bylaws set 9-month deadline for state to take over asylum processing from UNHCR,6,[BORDER INFO] Η αιγυπτιακή κυβέρνηση θέτει προθεσμία εννέα μηνών για να αναλάβει τον έλεγχο της επεξεργασίας αιτήσεων ασύλου από την UNHCR.,,,"[""Egypt""]",[],"[""UNHCR""]",[],Policy Change,0.9
2064,2026-06-05,Lebanon,Daraj,كيف غدونا أضراراً جانبية؟,6,"[BORDER INFO] Η σιιτική κοινότητα στον Λίβανο βιώνει μια υπαρξιακή καταστροφή, με ιστορικές αναλογίες εκτοπισμού πληθυσμών κατά τον Λιβανικό Πόλεμο.",,,"[""Lebanon""]",[],[],[],Refugee Flow,0.9
2065,2026-06-05,Lebanon,Daraj,كلُّ بيتٍ يحمل غائباً في “الصقلاوية”: 10 سنوات على تغييبِ نحو 700 رجل عراقي!,6,"[BORDER INFO] Περίπου 700 Ιρακινοί άνδρες αγνοούνται εδώ και 10 χρόνια στην περιοχή της Σακλαβίγια, μετά την εξαφάνισή τους κατά τη διάρκεια της εκτόπισης από τις μάχες το 2016.",,,"[""Iraq""]",[],[],"[""Saklawiyah""]",Humanitarian,0.9
2076,2026-06-05,Egypt,Mada Masr English,New refugee bylaws set 9-month deadline for state to take over asylum processing from UNHCR,6,"[BORDER INFO] Η Αίγυπτος θέτει νέα πρωτόκολλα για τη διαχείριση αιτήσεων ασύλου, με το κράτος να αναλαμβάνει τον πλήρη έλεγχο από την UNHCR εντός εννέα μηνών.",,,"[""Egypt""]",[],"[""UNHCR""]",[],Policy Change,0.9
2082,2026-06-05,Cross_Regional,BBC Arabic,الأوضاع الأمنية تحرِم آلاف الطلبة في محافظة السويداء جنوبي سوريا التقدّم إلى امتحانات الشهادات العامة,6,"[BORDER INFO] Χιλιάδες μαθητές στην επαρχία Σουέιντα της νότιας Συρίας δεν μπορούν να δώσουν εξετάσεις λόγω της δράσης ένοπλων συμμοριών, με αποτέλεσμα το Υπουργείο Παιδείας να μεταφέρει τις εξετάσεις στο αγροτικό τμήμα της Δαμασκού.",,,"[""Syria""]",[],"[""Ministry of Education""]","[""Suwayda Governorate"", ""Damascus""]",Humanitarian,0.9
2083,2026-06-05,Cross_Regional,Al Jazeera,Iran war day 98: Tehran raises doubts on deal as Lebanon fighting continues,6,[BORDER INFO] Συνεχίζονται οι μάχες και οι ισραηλινές επιθέσεις στον Λίβανο παρά την εκεχειρία. Ο απολογισμός νεκρών έχει ξεπεράσει τους 3.500.,,,"[""Iran"", ""Lebanon"", ""Israel""]",[],[],"[""Tehran""]",Border Crisis,0.9
2088,2026-06-05,Cross_Regional,Middle East Eye,Morning update,6,"[BORDER INFO] Ισραηλινές επιθέσεις συνεχίστηκαν στον νότιο Λίβανο, πλήττοντας την περιοχή νοσοκομείου και τραυματίζοντας τουλάχιστον 12 αμάχους.",,,"[""Israel"", ""Lebanon""]",[],[],"[""Southern Lebanon""]",Border Crisis,0.95
2010,2026-06-04,Syria,Enab Baladi,"369,000 Syrians Returned From Lebanon Since Assad’s Fall",6,[BORDER INFO] Η Συριακή Γενική Αρχή για Συνοριακές Διόδους ανακοίνωσε ότι 369.000 Σύροι πολίτες έχουν επιστρέψει εθελοντικά από τον Λίβανο.,,,"[""Syria"", ""Lebanon""]",[],"[""Syrian General Authority for Border Crossings""]",[],Refugee Flow,0.95
2013,2026-06-04,Syria,Syria Direct,White earth: Soil salinization threatens farming in Raqqa’s Euphrates river basin,6,"[BORDER INFO] Η αλάτωση του εδάφους απειλεί τη γεωργία στη λεκάνη του Ευφράτη της Ράκα, καθιστώντας τα χωράφια άχρηστα για τους αγρότες.",,,"[""Syria""]",[],[],"[""Raqqa"", ""Euphrates river basin""]",Humanitarian,0.9
2019,2026-06-04,Lebanon,Daraj,ثيودوسيا كرم: طريق الموت إلى قاعة الامتحان,6,[BORDER INFO] Μαθητές αντιμετωπίζουν πολλαπλές μετατοπίσεις και ταξιδεύουν μέσα από οδούς εκτεθειμένες σε βομβαρδισμούς.,,,[],"[""Theodosia Karam""]",[],[],Humanitarian,0.9
2021,2026-06-04,Lebanon,Daraj,جيش وشعب… وصنّاع محتوى!,6,"[BORDER INFO] Η είδηση αναφέρεται σε σφαγές, αστική και πολιτιστική γενοκτονία και την επαν-κατάληψη χωριών από το Ισραήλ.",,,"[""Israel""]",[],[],[],Border Crisis,0.9
2031,2026-06-04,Egypt,Mada Masr English,New refugee bylaws set 9-month deadline for state to take over asylum processing from UNHCR,6,"[BORDER INFO] Η Αίγυπτος θεσπίζει νέους κανονισμούς ασύλου, αναλαμβάνοντας τον πλήρη έλεγχο της επεξεργασίας τους από την UNHCR εντός εννέα μηνών.",,,"[""Egypt""]",[],"[""UNHCR""]",[],Policy Change,0.9
1921,2026-06-03,Syria,Syria Direct,White earth: Soil salinization threatens farming in Raqqa’s Euphrates river basin,6,"[BORDER INFO] Η αλάτωση του εδάφους αποτελεί αυξανόμενη κρίση στη Ράκα της Συρίας, καθιστώντας τα αγροτικά χωράφια ακατάλληλα για χρήση.",,,"[""Syria""]",[],[],"[""Raqqa"", ""Euphrates river basin""]",Humanitarian,0.95
1928,2026-06-03,Lebanon,Daraj,التكنولوجيا العسكرية بيد حرس الحدود: إعادة إنتاج العنف و تعريف المهاجر,6,[BORDER INFO] Η χρήση στρατιωτικής τεχνολογίας και η στρατιωτικοποίηση των συνόρων δεν θα σταματήσουν την παράτυπη μετανάστευση. Αυτές οι πολιτικές εξάγουν την κρίση στα εξωτερικά όρια της Ευρωπαϊκής Ένωσης.,,,[],[],"[""European Union""]",[],Border Crisis,0.9
1939,2026-06-03,Egypt,Mada Masr English,Israeli forces cross Litani River to south Lebanon’s Zawtar in costly bid to ‘exert pressure’ amid talk of US-Iran truce,6,"[BORDER INFO] Ισραηλινές δυνάμεις διέσχισαν τον ποταμό Λιτάνι στον Νότιο Λίβανο, αντιμετωπίζοντας αντίσταση από την Χεζμπολάχ.",,,"[""Israel"", ""Lebanon"", ""US"", ""Iran""]",[],"[""Hezbollah""]","[""Litani River"", ""Zawtar"", ""South Lebanon""]",Border Crisis,0.9
1941,2026-06-03,Egypt,Mada Masr English,Residents pack up to leave Dahiyeh before Eid al-Adha as Netanyahu threatens to ‘intensify strikes’,6,[BORDER INFO] Κάτοικοι των νότιων προαστίων της Βηρυτού ετοιμάζονται να εγκαταλείψουν την περιοχή ενόψει απειλών για εντατικοποίηση των ισραηλινών επιθέσεων.,,,"[""Israel"", ""Lebanon""]","[""Netanyahu""]",[],"[""Dahiyeh"", ""Beirut""]",Border Crisis,0.9
1962,2026-06-03,Syria,North Press Agency,"Israeli airstrikes kill 6, including 4 Syrians, in southern Lebanon",6,"[BORDER INFO] Ισραηλινές αεροπορικές επιδρομές σκότωσαν 6 άτομα, εκ των οποίων 4 Σύρους, στον Νότιο Λίβανο.",,,"[""Israel"", ""Syria"", ""Lebanon""]",[],[],"[""southern Lebanon""]",Border Crisis,0.9
1976,2026-06-03,Lebanon,Daraj,ثيودوسيا كرم: طريق الموت إلى قاعة الامتحان,6,[BORDER INFO] Μαθητές έχουν εκτοπιστεί επανειλημμένα και ζουν υπό συνεχή ψυχολογική και ασφάλειας πίεση λόγω βομβαρδισμών σε επικίνδυνες διαδρομές.,,,[],"[""Theodosia Karam""]",[],[],Border Crisis,0.9
1996,2026-06-03,Cross_Regional,BBC Arabic,إسرائيل توجه إنذاراً عاجلاً بالإخلاء لسكان بلدات جنوب لبنان قبل انطلاق جولة جديدة من المفاوضات,6,[BORDER INFO] Η Ισραηλινή κυβέρνηση εξέδωσε επείγουσα προειδοποίηση εκκένωσης σε κατοίκους πόλεων του Νοτίου Λιβάνου. Συνεχίστηκαν οι αμοιβαίες επιθέσεις μεταξύ Ισραήλ και Χεζμπολάχ στην περιοχή.,,,"[""Israel"", ""Lebanon""]",[],"[""Hezbollah""]","[""Southern Lebanon""]",Border Crisis,0.9
1831,2026-06-01,Syria,Syria Direct,White earth: Soil salinization threatens farming in Raqqa’s Euphrates river basin,6,"[BORDER INFO] Η αλάτωση του εδάφους απειλεί τη γεωργία στην Ράκκα της Συρίας, καθιστώντας τα χωράφια ακατάλληλα.",,,"[""Syria""]",[],[],"[""Raqqa"", ""Euphrates river basin""]",Humanitarian,0.9
1837,2026-06-01,Lebanon,Daraj,فيضان الفرات: جريمة سياسية لا كارثة طبيعية!,6,"[BORDER INFO] Πλημμύρες στον Ευφράτη της Συρίας, χαρακτηριζόμενες ως πολιτικό έγκλημα λόγω χειραγώγησης υδάτων από την Τουρκία και αμέλειας της συριακής κυβέρνησης, πλήττουν τους κατοίκους στην Ανατολική Συρία.",,,"[""Syria"", ""Turkey""]",[],[],"[""Euphrates"", ""Eastern Syria""]",Humanitarian,0.9
1838,2026-06-01,Lebanon,Daraj,إسرائيل تفتك بصور والنبطية والجنوب… ونصف الحكومة اللبنانية في إجازة!,6,[BORDER INFO] Ισραηλινές επιθέσεις σφυροκοπούν τις πόλεις Τύρο και Ναμπατίγια στον Νότιο Λίβανο εν μέσω πολέμου. Σημαντικό μέρος της λιβανέζικης κυβέρνησης απουσιάζει σε άδεια.,,,"[""Israel"", ""Lebanon""]",[],[],"[""Tyre"", ""Nabatieh"", ""Southern Lebanon""]",Border Crisis,0.9
1840,2026-06-01,Lebanon,Daraj,“نموذج غزة” في جنوب لبنان: الطريق السريع نحو التطبيع بالإكراه,6,"[BORDER INFO] Το Ισραήλ επεκτείνει το «μοντέλο της Γάζας» στον Νότιο Λίβανο, δημιουργώντας μια «νεκρή ζώνη» και απαγορεύοντας την πρόσβαση των κατοίκων στις πόλεις τους.",,,"[""Lebanon"", ""Israel""]",[],[],"[""Gaza"", ""South Lebanon""]",Border Crisis,0.9
1850,2026-06-01,Egypt,Mada Masr English,Residents pack up to leave Dahiyeh before Eid al-Adha as Netanyahu threatens to ‘intensify strikes’,6,[BORDER INFO] Κάτοικοι στα νότια προάστια της Βηρυτού ετοιμάζονται να εγκαταλείψουν την περιοχή εν μέσω απειλών για κλιμάκωση των ισραηλινών επιθέσεων στον Λίβανο.,,,"[""Israel"", ""Lebanon""]","[""Netanyahu""]",[],"[""Dahiyeh"", ""Beirut""]",Humanitarian,0.9
1855,2026-06-01,Cross_Regional,BBC Arabic,"نتنياهو يعتبر السيطرة على قلعة الشقيف ""تحولاً حاسماً"" في جنوب لبنان",6,[BORDER INFO] Ισραηλινές δυνάμεις επέστρεψαν στην κορυφή του κάστρου Beaufort στον Νότιο Λίβανο και ύψωσαν την ισραηλινή σημαία.,,,"[""Lebanon"", ""Israel""]","[""Netanyahu""]",[],"[""Beaufort Castle"", ""South Lebanon""]",Border Crisis,0.95
1908,2026-06-01,Cross_Regional,Al Monitor,Israel's Netanyahu orders military to attack targets in Beirut southern suburbs,6,[BORDER INFO] Ο Πρωθυπουργός του Ισραήλ διέταξε τον στρατό να επιτεθεί σε στόχους στα νότια προάστια της Βηρυτού στον Λίβανο.,,,"[""Israel"", ""Lebanon""]","[""Netanyahu""]","[""Military""]","[""Beirut"", ""Beirut southern suburbs""]",Border Crisis,0.9
1791,2026-05-31,Lebanon,Daraj,فيضان الفرات: جريمة سياسية لا كارثة طبيعية!,6,"[BORDER INFO] Πολιτικής φύσης πλημμύρες του Ευφράτη στη Συρία, λόγω πολιτικών της Τουρκίας και αδράνειας της Δαμασκού, καταστρέφουν γεωργικές καλλιέργειες και υποδομές, επηρεάζοντας τον συριακό πληθυσμό στην Ανατολή.",,,"[""Syria"", ""Turkey""]",[],[],"[""Euphrates"", ""Damascus"", ""The East""]",Border Crisis,0.9
1793,2026-05-31,Lebanon,Daraj,لا شيء يعوّض المنازل المدمّرة,6,[BORDER INFO] Καταστροφή κατοικιών και υποδομών σημειώνεται σε περιοχή του Νότου λόγω σύγκρουσης.,,,[],[],[],"[""Region of the South""]",Border Crisis,0.9
1794,2026-05-31,Lebanon,Daraj,“نموذج غزة” في جنوب لبنان: الطريق السريع نحو التطبيع بالإكراه,6,"[BORDER INFO] Το Ισραήλ επεκτείνει τις στρατιωτικές του επιχειρήσεις στον Νότιο Λίβανο και τη Νότια Συρία, δημιουργώντας ζώνες αποκλεισμού και απαγορεύοντας την είσοδο κατοίκων στις περιοχές.",,,"[""Lebanon"", ""Israel"", ""Syria""]",[],[],"[""Gaza"", ""South Lebanon"", ""South Syria""]",Border Crisis,0.95
1810,2026-05-31,Cross_Regional,Al Jazeera,Rescues in eastern Syria after the Euphrates River bursts its banks,6,[BORDER INFO] Σωστικά συνεργεία απεγκλώβισαν αγρότες από πλημμυρισμένες περιοχές στην ανατολική Συρία μετά την υπερχείλιση του Ευφράτη.,,,"[""Syria""]",[],[],"[""eastern Syria"", ""Euphrates River""]",Humanitarian,0.9
1811,2026-05-31,Cross_Regional,Al Jazeera,Iran war live: Lebanon slams Israel’s invasion; US-Tehran deal in limbo,6,"[BORDER INFO] Σφοδρές ισραηλινές επιθέσεις και εισβολή πλήττουν τον Λίβανο, με τον πρωθυπουργό να τις χαρακτηρίζει συλλογική τιμωρία.",,,"[""Iran"", ""Lebanon"", ""Israel"", ""US""]",[],[],"[""Tehran""]",Border Crisis,0.9
1820,2026-05-31,Cross_Regional,Al Monitor,Lebanon PM denounces Israeli campaign as fresh strikes hit south,6,"[BORDER INFO] Νέες ισραηλινές αεροπορικές επιδρομές έπληξαν τον Νότιο Λίβανο, με την κυβέρνηση να καταγγέλλει πολιτική καμένης γης και να εκδίδει προειδοποιήσεις εκκένωσης για πολλές περιοχές.",,,"[""Lebanon"", ""Israel""]",[],[],"[""Southern Lebanon""]",Border Crisis,0.9
1738,2026-05-29,Syria,Enab Baladi,Syrian Detainees in Iraq Raise Rights Concerns,6,"[BORDER INFO] Εγείρονται ανησυχίες για τα δικαιώματα των Σύρων κρατουμένων στο Ιράκ, καθώς επιταχύνονται τα βήματα για την εφαρμογή συμφωνίας μεταξύ της συριακής κυβέρνησης και των SDF.",,,"[""Syria"", ""Iraq""]",[],"[""SDF"", ""Syrian Government""]","[""Iraq"", ""Syria""]",Policy Change,0.9
1761,2026-05-29,Cross_Regional,BBC Arabic,إسرائيل تصعّد قصفها على لبنان قبيل محادثات أمنية مباشرة بين الجانبين,6,"[BORDER INFO] Το Ισραήλ κλιμάκωσε τους βομβαρδισμούς στον Λίβανο, με 14 νεκρούς σε επιδρομές στον νότιο Λίβανο και στόχευση κατοικίας στην Σουαϊφάτ.",,,"[""Israel"", ""Lebanon""]",[],[],"[""Southern Lebanon"", ""Souaifat""]",Border Crisis,0.9
1767,2026-05-29,Cross_Regional,Middle East Eye,Morning update,6,[BORDER INFO] Ο Ισραηλινός Πρωθυπουργός σηματοδότησε σχέδια για τον έλεγχο του 70 τοις εκατό της Λωρίδας της Γάζας από το Ισραήλ.,,,"[""Israel""]",[],[],"[""Gaza Strip""]",Policy Change,0.9
1774,2026-05-29,Cross_Regional,Al Monitor,Flooding in north and east Syria as Euphrates level rises,6,[BORDER INFO] Πλημμύρες πλήττουν τη βόρεια και ανατολική Συρία λόγω αύξησης της στάθμης του Ευφράτη ποταμού. Η άνοδος οφείλεται σε αυξημένες ροές από την Τουρκία και πρόσφατες βροχοπτώσεις.,,,"[""Syria"", ""Turkey""]",[],[],"[""north and east Syria"", ""Euphrates River""]",Humanitarian,0.95
1658,2026-05-28,Syria,Syria Direct,White earth: Soil salinization threatens farming in Raqqa’s Euphrates river basin,6,"[BORDER INFO] Στη λεκάνη του Ευφράτη, στη Ράκα, η αλάτωση του εδάφους απειλεί τη γεωργία, καθιστώντας τα χωράφια άχρηστα.",,,"[""Syria""]",[],[],"[""Raqqa"", ""Euphrates river basin""]",Economic Migration,0.9
1674,2026-05-28,Egypt,Mada Masr English,Residents pack up to leave Dahiyeh before Eid al-Adha as Netanyahu threatens to ‘intensify strikes’,6,"[BORDER INFO] Κάτοικοι προετοιμάζονται να εγκαταλείψουν την Νταχιέχ της Βηρυτού, εν μέσω απειλών του Νετανιάχου για εντατικοποίηση των επιθέσεων.",,,"[""Lebanon""]","[""Netanyahu""]",[],"[""Dahiyeh"", ""Beirut""]",Humanitarian,0.9
1688,2026-05-28,Cross_Regional,Al Monitor,Israel strikes Tyre after declaring 'combat zones' in south Lebanon,6,"[BORDER INFO] Το Ισραήλ έπληξε την Τύρο στον Νότιο Λίβανο, εκδίδοντας προειδοποίηση εκκένωσης στους κατοίκους και κηρύσσοντας την περιοχή ζώνη μάχης.",,,"[""Israel"", ""Lebanon""]",[],[],"[""Tyre"", ""South Lebanon""]",Border Crisis,0.9
1583,2026-05-27,Egypt,Mada Masr English,Residents pack up to leave Dahiyeh before Eid al-Adha as Netanyahu threatens to ‘intensify strikes’,6,[BORDER INFO] Κάτοικοι στα νότια προάστια της Βηρυτού ετοιμάζονται να εγκαταλείψουν τις εστίες τους ενόψει απειλών για εντατικοποίηση ισραηλινών επιθέσεων.,,,"[""Israel""]","[""Netanyahu""]",[],"[""Dahiyeh"", ""Beirut""]",Humanitarian,0.9
1588,2026-05-27,Cross_Regional,BBC Arabic,غارات إسرائيلية على لبنان هي من الأعنف منذ بدء وقف إطلاق النار,6,"[BORDER INFO] Σφοδρές ισραηλινές επιδρομές στον Λίβανο, οι πιο βίαιες από την έναρξη της εκεχειρίας, προκάλεσαν δεκάδες θανάτους στον νότιο Λίβανο.",,,"[""Israel"", ""Lebanon""]",[],[],"[""Southern Lebanon""]",Border Crisis,0.9
1594,2026-05-27,Cross_Regional,Al Jazeera,‘No livestock but still hope’: Palestinians prepare for Eid al-Adha in Gaza,6,[BORDER INFO] Οι Παλαιστίνιοι στη Γάζα προετοιμάζονται για το Eid al-Adha υπό συνθήκες πολέμου και σοβαρής έλλειψης τροφίμων.,,,"[""Palestine""]",[],[],"[""Gaza""]",Border Crisis,0.9
1595,2026-05-27,Cross_Regional,Middle East Eye,Israeli strike at dawn in Tyre kills two amid start of Eid al-Adha,6,[BORDER INFO] Ισραηλινή επίθεση στην Τύρο του Νότιου Λιβάνου σκότωσε δύο άτομα και τραυμάτισε ένα.,,,"[""Israel"", ""Lebanon""]",[],[],"[""Tyre"", ""Southern Lebanon""]",Border Crisis,0.9
1596,2026-05-27,Cross_Regional,Middle East Eye,Morning update,6,"[BORDER INFO] Ισραηλινές επιθέσεις εντάθηκαν στον Λίβανο και τη Γάζα, με δεκάδες νεκρούς και επέκταση χερσαίων επιχειρήσεων στον Λίβανο.",,,"[""Israel"", ""Lebanon""]",[],[],"[""Gaza""]",Border Crisis,0.9
1600,2026-05-27,Cross_Regional,Al Monitor,Israel says it killed Hamas' new armed wing chief in Gaza,6,"[BORDER INFO] Το Ισραήλ εντείνει τη στρατιωτική πίεση στη Γάζα και επεκτείνει τις επιχειρήσεις στον Λίβανο, ανακοινώνοντας τον θάνατο του νέου αρχηγού του ενόπλου σκέλους της Χαμάς.",,,"[""Israel"", ""Lebanon""]",[],"[""Hamas""]","[""Gaza""]",Border Crisis,0.9
1511,2026-05-26,Cross_Regional,Middle East Eye,Video: Australian flotilla activist describes abuse in Israeli detention,6,[BORDER INFO] Ακτιβιστές σε στολίσκο προς τη Γάζα αναχαιτίστηκαν κοντά στην Κύπρο και περιέγραψαν κακομεταχείριση σε ισραηλινή κράτηση.,,,"[""Australia"", ""Israel"", ""Cyprus""]",[],[],"[""Gaza""]",Border Crisis,0.9
1449,2026-05-25,Lebanon,Daraj,الشيعة بين حلم العودة والترانسفير,6,"[BORDER INFO] Συστηματική καταστροφή και βομβαρδισμοί από το Ισραήλ πλήττουν χωριά στον Νότιο Λίβανο, δημιουργώντας στους κατοίκους την αίσθηση αδυναμίας επιστροφής και τον κίνδυνο εκτοπισμού.",,,"[""Israel"", ""Lebanon""]",[],[],"[""Southern Lebanon""]",Border Crisis,0.9
1460,2026-05-25,Egypt,Mada Masr English,"Sudan Nashra: Military moves ahead with allied forces integration, Juba armed movements scramble to secure political guarantees | RSF introduces emergency internal measures across Darfur amid wave of defections | Darfur’s Jebel Marra grapples with di",6,"[BORDER INFO] Οι RSF επέβαλαν έκτακτα εσωτερικά μέτρα στο Νταρφούρ εν μέσω αποστασιών, ενώ η περιοχή Jebel Marra αντιμετωπίζει εστίες ασθενειών.",,,"[""Sudan""]",[],"[""RSF"", ""Military""]","[""Darfur"", ""Jebel Marra"", ""Juba""]",Border Crisis,0.9
1465,2026-05-25,Cross_Regional,BBC Arabic,"عون: انسحاب إسرائيل من جنوب لبنان مطلب ""لا تنازل عنه""، وواشنطن تدين ""دعوة الحزب لإسقاط حكومة سلام""",6,"[BORDER INFO] Ο Πρόεδρος του Λιβάνου επανέλαβε την απαίτηση για αποχώρηση του Ισραήλ από τον Νότιο Λίβανο, όπου ο ισραηλινός στρατός συνεχίζει τις επιχειρήσεις του. Η Ουάσιγκτον καταδίκασε την έκκληση για ανατροπή της κυβέρνησης στον Λίβανο.",,,"[""Israel"", ""Lebanon"", ""USA""]","[""Aoun"", ""Salam""]",[],"[""South Lebanon"", ""Washington""]",Border Crisis,0.9
1325,2026-05-24,Lebanon,Daraj,أيتام في غزة… نجوا من الإبادة ووقعوا في متاهات القضاء,6,"[BORDER INFO] Ορφανά και μια μητέρα στη Γάζα βιώνουν εκτοπισμό, πείνα και περίπλοκη οικονομική κατάσταση, ζώντας σε ερειπωμένες σκηνές.",,,[],[],[],"[""Gaza""]",Humanitarian,0.9
1428,2026-05-24,Cross_Regional,Middle East Eye,'No Eid' in Gaza for third year as livestock crisis erases holiday rituals,6,"[BORDER INFO] Η Γάζα αντιμετωπίζει σοβαρή κρίση στον τομέα της κτηνοτροφίας λόγω ισραηλινών επιθέσεων και αποκλεισμού, με πολλές οικογένειες να είναι εκτοπισμένες σε καταφύγια.",,,"[""Israel""]",[],[],"[""Gaza""]",Border Crisis,0.9
1431,2026-05-24,Cross_Regional,Al Monitor,"Israeli fire kills parents and their infant in Gaza, medics say",6,"[BORDER INFO] Ισραηλινή αεροπορική επιδρομή σκότωσε τρία άτομα, συμπεριλαμβανομένου ενός βρέφους, σε προσφυγικό καταυλισμό στην κεντρική Γάζα. Ισραηλινά πυρά σκότωσαν έναν άνδρα σε προσφυγικό καταυλισμό στη βόρεια Γάζα.",,,"[""Israel""]",[],[],"[""Gaza"", ""central Gaza"", ""northern Gaza""]",Border Crisis,0.9
1292,2026-05-22,Egypt,Mada Masr English,"Expanding evacuation zone, Israeli-backed militia forcibly displaces hundreds of families from Deir al-Balah",6,[BORDER INFO] Εκατοντάδες οικογένειες εκτοπίστηκαν βίαια από την περιοχή Deir al-Balah στην κεντρική Γάζα.,,,"[""Israel""]",[],[],"[""Deir al-Balah"", ""Gaza""]",Humanitarian,0.9
1208,2026-05-21,Egypt,Mada Masr English,"Expanding evacuation zone, Israeli-backed militia forcibly displaces hundreds of families from Deir al-Balah",6,"[BORDER INFO] Εκατοντάδες οικογένειες εκτοπίστηκαν βίαια από την περιοχή Aboul Ajin στην κεντρική Γάζα, έπειτα από επιχείρηση πολιτοφυλακής υποστηριζόμενης από το Ισραήλ.",,,"[""Israel""]",[],[],"[""Deir al-Balah"", ""Aboul Ajin"", ""Gaza""]",Humanitarian,0.9
1214,2026-05-21,Egypt,Egyptian Streets,Egypt Calls for End to Arms Flow to ‘Illegal Entities’ in Sudan During Talks With Spain,6,"[BORDER INFO] Ο πόλεμος στο Σουδάν έχει δημιουργήσει μία από τις μεγαλύτερες ανθρωπιστικές κρίσεις στον κόσμο, εκτοπίζοντας εκατομμύρια ανθρώπους.",,,"[""Egypt"", ""Sudan"", ""Spain""]",[],[],"[""Sudan""]",Humanitarian,0.9
1216,2026-05-21,Cross_Regional,BBC Arabic,غزة: أسير خمسة كيلومترات يوميا للحصول على المياه,6,"[BORDER INFO] Ένα 14χρονο Παλαιστίνιο παιδί στον καταυλισμό της Τζαμπάλια διανύει καθημερινά πέντε χιλιόμετρα για να φέρει πόσιμο νερό. Χιλιάδες κάτοικοι της Γάζας υποφέρουν από σοβαρή κρίση νερού που απειλεί την υγεία τους, λόγω κατεστραμμένων υποδομών και έλλειψης προμηθειών.",,,"[""Palestine""]",[],[],"[""Gaza"", ""Jabalia""]",Humanitarian,0.9
1220,2026-05-21,Cross_Regional,Middle East Eye,Morning update,6,[BORDER INFO] Η Χεζμπολάχ πραγματοποίησε 24 στρατιωτικές επιχειρήσεις με drones και ρουκέτες κατά ισραηλινών δυνάμεων και θέσεων στον Νότιο Λίβανο.,,,"[""Israel"", ""Lebanon""]",[],"[""Hezbollah""]","[""Southern Lebanon""]",Border Crisis,0.9
1172,2026-05-20,Egypt,Egyptian Streets,Egypt Calls for End to Arms Flow to ‘Illegal Entities’ in Sudan During Talks With Spain,6,"[BORDER INFO] Ο πόλεμος στο Σουδάν έχει εκτοπίσει εκατομμύρια ανθρώπους, προκαλώντας μια από τις μεγαλύτερες ανθρωπιστικές κρίσεις.",,,"[""Egypt"", ""Sudan"", ""Spain""]",[],[],[],Humanitarian,0.9
1175,2026-05-20,Cross_Regional,BBC Arabic,ماذا نعرف عن القبائل السوريّة؟ وما علاقتها بالدولة؟,6,[BORDER INFO] Αιματηρή σύγκρουση σημειώθηκε μεταξύ Δρουζικών φατριών και ενόπλων Βεδουίνων στην Σουέιδα της Συρίας. Στην περιοχή έχουν αναδυθεί στρατιωτικές φατρίες φυλετικού χαρακτήρα.,,,"[""Syria""]",[],[],"[""Sweida""]",Border Crisis,0.9
1184,2026-05-20,Cross_Regional,Middle East Eye,Commander of Israeli armoured brigade injured in Hezbollah drone attack,6,[BORDER INFO] Ισραηλινός διοικητής και στρατιώτες τραυματίστηκαν από επίθεση drone της Χεζμπολάχ στον νότιο Λίβανο. Σειρήνες ήχησαν σε περιοχές του βορείου Ισραήλ λόγω ανίχνευσης drone.,,,"[""Israel"", ""Lebanon""]",[],"[""Hezbollah""]","[""Southern Lebanon"", ""Northern Israel""]",Border Crisis,0.9
1068,2026-05-18,Cross_Regional,Al Monitor,Lebanon says Israeli strikes kill 7 as Hezbollah condemns talks,6,"[BORDER INFO] Ισραηλινά πλήγματα στον Λίβανο σκότωσαν επτά άτομα, μεταξύ των οποίων παιδιά και έναν διοικητή της Ισλαμικής Τζιχάντ.",,,"[""Lebanon"", ""Israel""]",[],"[""Hezbollah"", ""Islamic Jihad""]",[],Border Crisis,0.9
890,2026-05-17,Syria,North Press Agency,Houses destroyed in Syria’s Hasakah countryside after years of fighting,6,"[BORDER INFO] Η καταστροφή οικιών στη Χασάκα της Συρίας λόγω ετών μαχών δημιουργεί συνθήκες εκτοπισμού πληθυσμών εντός της χώρας, αυξάνοντας δυνητικά την πίεση για μελλοντικές μεταναστευτικές ροές προς την Αν. Μεσόγειο.",,,"[""Syria""]",[],[],"[""Hasakah"", ""Eastern Mediterranean""]",Humanitarian,0.9
893,2026-05-17,Syria,Enab Baladi,UN Says Syria’s Progress Is Real but Fragile,6,"[BORDER INFO] Η αναφορά του ΟΗΕ σε «εύθραυστη πρόοδο» στη Συρία υποδεικνύει συνεχιζόμενη αστάθεια, η οποία διατηρεί τον κίνδυνο δημιουργίας μεταναστευτικών ροών από τη χώρα προς την Αν. Μεσόγειο.",,,"[""Syria""]",[],"[""UN""]","[""East Mediterranean""]",Refugee Flow,0.9
903,2026-05-17,Lebanon,Daraj,الرسم في زمن الحرب: طاولة صغيرة وضباب كثيف,6,"[BORDER INFO] Το κείμενο περιγράφει την προσωπική εμπειρία αναμονής εντολής για αποχώρηση λόγω πολέμου, υποδεικνύοντας τον κίνδυνο εκτόπισης πληθυσμών.",,,[],[],[],[],Refugee Flow,0.9
927,2026-05-17,Cross_Regional,BBC Arabic,وزير الداخلية الباكستاني في طهران لتسهيل المحادثات المتعثرة مع واشنطن,6,"[BORDER INFO] Οι συνεχείς επιθέσεις μεταξύ Ισραήλ και Χεζμπολάχ στον Λίβανο, παρά την ανακοίνωση εκεχειρίας, διατηρούν την περιφερειακή αστάθεια και τον κίνδυνο μετακινήσεων πληθυσμών.",,,"[""Pakistan"", ""Iran"", ""USA"", ""Israel"", ""Lebanon""]",[],"[""Hezbollah""]","[""Tehran"", ""Washington""]",Refugee Flow,0.9
782,2026-05-14,Syria,North Press Agency,UN halves emergency food assistance in Syria,6,"[BORDER INFO] Η μείωση της έκτακτης επισιτιστικής βοήθειας του ΟΗΕ στη Συρία κατά 50% αναμένεται να επιδεινώσει την ανθρωπιστική κρίση, πιέζοντας πληθυσμούς προς μετακίνηση και δυνητική μετανάστευση προς την Αν. Μεσόγειο.",,,"[""Syria""]",[],"[""UN""]","[""Eastern Mediterranean""]",Humanitarian,0.9
788,2026-05-14,Syria,Enab Baladi,Syria’s Captagon Economy Shifts to Transit,6,[BORDER INFO] Αλλαγές στα δίκτυα διακίνησης ναρκωτικών στα σύνορα της Συρίας υποδηλώνουν συνεχιζόμενη παράνομη δραστηριότητα. Αυτό μπορεί να υποδεικνύει αδυναμίες στα σύνορα που ενδεχομένως να εκμεταλλευτούν οι διακινητές ανθρώπων.,,,"[""Syria""]",[],[],"[""Borders of Syria""]",Border Crisis,0.9
808,2026-05-14,Egypt,Mada Masr English,Sources: Lebanon-Israel meeting in Washington to extend ceasefire without securing halt in Israeli attacks on south,6,"[BORDER INFO] Διαπραγματεύσεις Λιβάνου-Ισραήλ για παράταση εκεχειρίας και πολιτική διαδικασία, αλλά οι ισραηλινές επιθέσεις στον νότο συνεχίζονται, διατηρώντας την αστάθεια στον Λίβανο, χώρα-κλειδί για τις μεταναστευτικές ροές προς την Κύπρο.",,,"[""Lebanon"", ""Israel"", ""Cyprus""]",[],[],"[""Washington"", ""South""]",Refugee Flow,0.9
817,2026-05-14,Cross_Regional,BBC Arabic,ما أبرز نقاط المحادثات بين لبنان وإسرائيل؟ وهل تمضي قدماً؟,6,[BORDER INFO] Η συνεχιζόμενη στρατιωτική σύγκρουση στον νότιο Λίβανο και η εσωτερική πολιτική αστάθεια αυξάνουν τον κίνδυνο μετακινήσεων πληθυσμών και δυνητικών μεταναστευτικών ροών.,,,"[""Lebanon"", ""Israel""]",[],[],"[""Southern Lebanon""]",Refugee Flow,0.9
825,2026-05-14,Cross_Regional,Middle East Eye,Israel issues threats to eight towns and villages in Lebanon,6,[BORDER INFO] Ισραηλινές απειλές εκδίωξης και πιθανών επιθέσεων σε περιοχές του Λιβάνου αυξάνουν τον κίνδυνο μετακίνησης πληθυσμών και δυνητικών μεταναστευτικών ροών προς την Ανατολική Μεσόγειο.,,,"[""Israel"", ""Lebanon""]",[],[],"[""Eastern Mediterranean""]",Border Crisis,0.9
827,2026-05-14,Cross_Regional,Middle East Eye,Morning update,6,"[BORDER INFO] Συνεχίζονται οι επιθέσεις στην περιοχή, με την Unicef να αναφέρει δεκάδες νεκρά και τραυματισμένα παιδιά, σηματοδοτώντας σημαντική ανθρωπιστική κρίση και κίνδυνο εκτοπισμού πληθυσμών.",,,[],[],"[""Unicef""]",[],Border Crisis,0.9
853,2026-05-14,Turkiye,Evrensel,CHP’li Uzun Akbelen’deki madeni Meclis gündemine taşıdı: Afgan işçilere ilişkin iddialar için üç bakana soru önergesi,6,"[BORDER INFO] Κοινοβουλευτική έρευνα στην Τουρκία για ισχυρισμούς περί απέλασης, πλαστών εγγράφων και ανεπαρκούς εποπτείας σχετικά με Αφγανούς εργάτες. Αυτό μπορεί να δημιουργήσει αστάθεια στον πληθυσμό των μεταναστών στην Τουρκία και να οδηγήσει σε δευτερογενείς μετακινήσεις.",,,"[""Turkey"", ""Afghanistan""]","[""Uzun""]","[""CHP"", ""Turkish Parliament""]","[""Akbelen""]",Policy Change,0.9
856,2026-05-14,Turkiye,Turkish Minute,"Turkish citizens top EU deportation list, raising safety concerns for political returnees",6,"[BORDER INFO] Η απέλαση μεγάλου αριθμού Τούρκων πολιτών από την ΕΕ προς την Τουρκία και οι αναφερόμενοι κίνδυνοι ασφάλειας για αυτούς εντός της Τουρκίας, ενδέχεται να λειτουργήσουν ως παράγοντας ώθησης για μελλοντικές μεταναστευτικές ροές από τη χώρα.",,,"[""Turkey"", ""European Union""]",[],"[""European Union""]",[],Refugee Flow,0.9
874,2026-05-14,Cross_Regional,Al Jazeera,Two killed as Israel ramps up southern Lebanon attacks ahead of US talks,6,"[BORDER INFO] Αυξημένες επιθέσεις στο νότιο Λίβανο, με θύματα, δημιουργούν κίνδυνο εσωτερικών μετακινήσεων και πιθανών μεταναστευτικών ροών προς την Κύπρο ή την Αν. Μεσόγειο.",,,"[""Israel"", ""US"", ""Lebanon"", ""Cyprus""]",[],[],"[""southern Lebanon"", ""Eastern Mediterranean""]",Border Crisis,0.9
743,2026-05-12,Syria,Syria Direct,Reconstruction plan for eastern Damascus neighborhoods alarms residents,6,"[BORDER INFO] Ένα σχέδιο ανοικοδόμησης στην ανατολική Δαμασκό προκαλεί έντονη ανησυχία στους κατοίκους λόγω αναγκαστικών απαλλοτριώσεων, δημιουργώντας δυνητικά εσωτερικές μετακινήσεις πληθυσμών.",,,"[""Syria""]",[],[],"[""Damascus""]",Policy Change,0.9
776,2026-05-12,Cross_Regional,Middle East Eye,Morning update,6,"[BORDER INFO] Ισραηλινά πλήγματα στον νότιο Λίβανο προκαλούν θανάτους και συνεχιζόμενους βομβαρδισμούς, αυξάνοντας τον κίνδυνο μετακίνησης πληθυσμών και δυνητικών μεταναστευτικών ροών στην Ανατολική Μεσόγειο.",,,"[""Israel"", ""Lebanon""]",[],[],"[""Southern Lebanon"", ""Eastern Mediterranean""]",Refugee Flow,0.9
631,2026-05-11,Syria,Syria Direct,Reconstruction plan for eastern Damascus neighborhoods alarms residents,6,"[BORDER INFO] Σχέδιο ανοικοδόμησης στην ανατολική Δαμασκό, το οποίο οι κάτοικοι θεωρούν απαλλοτρίωση, προκαλεί ανησυχία και δυσαρέσκεια, δημιουργώντας κίνδυνο μελλοντικής εσωτερικής μετακίνησης πληθυσμών εντός της Συρίας.",,,"[""Syria""]",[],[],"[""Damascus"", ""eastern Damascus""]",Humanitarian,0.9
639,2026-05-11,Turkiye,Evrensel,"Ateşkesin gölgesinde saldırı: İsrail, Lübnan'ı fosfor bombasıyla vurdu",6,"[BORDER INFO] Ισραηλινές επιθέσεις εντατικοποιήθηκαν στον Λίβανο με χρήση φωσφόρου και απώλειες, αυξάνοντας τον κίνδυνο μετακίνησης πληθυσμών και δυνητικών μεταναστευτικών ροών.",,,"[""Israel"", ""Lebanon""]",[],[],[],Border Crisis,0.9
646,2026-05-11,Egypt,Mada Masr English,Sudan Nashra: Khartoum escalates against Ethiopia after RSF strikes traced to its territories | 15 killed in drone strike on home of military-allied commander | RSF buildup in Sudan-Libya-Egypt border triangle as military looks to open new route towa,6,"[BORDER INFO] Στρατιωτική κλιμάκωση και συγκέντρωση δυνάμεων στην τριεθνή περιοχή Σουδάν-Λιβύης-Αιγύπτου δημιουργούν αυξημένο κίνδυνο μετακινήσεων πληθυσμών, με πιθανές επιπτώσεις στις μεταναστευτικές ροές προς την Ανατολική Μεσόγειο.",,,"[""Sudan"", ""Ethiopia"", ""Libya"", ""Egypt""]",[],"[""RSF""]","[""Khartoum"", ""Sudan-Libya-Egypt border triangle"", ""Eastern Mediterranean""]",Refugee Flow,0.9
650,2026-05-11,Egypt,Mada Masr English,Israel attacks villages north of Litani to ease pressure on troops occupying crucial axis,6,"[BORDER INFO] Ισραηλινές επιθέσεις και σφοδροί βομβαρδισμοί σε χωριά του νοτίου Λιβάνου αυξάνουν τον κίνδυνο μετακίνησης πληθυσμών, πιθανώς προς την Κύπρο.",,,"[""Israel"", ""Lebanon"", ""Cyprus""]",[],[],"[""Litani"", ""Southern Lebanon""]",Border Crisis,0.9
651,2026-05-11,Egypt,Egyptian Streets,"Egypt Frees Over 1,300 Citizens Detained in Libya Over Irregular Migration",6,"[BORDER INFO] Η Αίγυπτος επαναπάτρισε πάνω από 1.300 πολίτες που κρατούνταν στη Λιβύη για παράτυπη μετανάστευση και ανακοίνωσε τον επαναπατρισμό δεκάδων θυμάτων ναυαγίων, αναδεικνύοντας τις συνεχιζόμενες μεγάλες μεταναστευτικές ροές από τη Βόρεια Αφρική προς την Ευρώπη. Αυτό υπογραμμίζει την ευρεία πίεση παράτυπης μετανάστευσης στην περιοχή της Μεσογείου.",,,"[""Egypt"", ""Libya"", ""Europe""]",[],[],"[""North Africa"", ""Mediterranean region""]",Border Crisis,0.9
667,2026-05-11,Cross_Regional,Middle East Eye,New ‘Nakba’ in Jerusalem: Israel steps up Silwan demolitions near Al-Aqsa,6,"[BORDER INFO] Η Ισραηλινή κυβέρνηση εντείνει τις κατεδαφίσεις σπιτιών στην Ανατολική Ιερουσαλήμ, οδηγώντας σε εκτοπισμούς Παλαιστινίων και δημιουργώντας συνθήκες για πιθανές μελλοντικές μεταναστευτικές ροές στην ευρύτερη περιοχή.",,,"[""Israel"", ""Palestine""]","[""Palestinians""]",[],"[""Jerusalem"", ""Silwan"", ""Al-Aqsa"", ""East Jerusalem""]",Refugee Flow,0.9
574,2026-05-09,Syria,Enab Baladi,"Homes for Sale Outnumber Rentals, Why Are Housing Options Shrinking in Suwayda?",6,[BORDER INFO] Η επιδείνωση των συνθηκών στέγασης και η διαμονή σε κέντρα φιλοξενίας στη Σουέιντα (νότια Συρία) αποτελούν παράγοντες που μπορούν να οδηγήσουν σε μετακινήσεις πληθυσμών.,,,"[""Syria""]",[],[],"[""Suwayda"", ""Southern Syria""]",Border Crisis,0.9
578,2026-05-09,Syria,Syria Direct,Reconstruction plan for eastern Damascus neighborhoods alarms residents,6,"[BORDER INFO] Ένα σχέδιο ανοικοδόμησης σε συνοικίες της ανατολικής Δαμασκού, που οι κάτοικοι θεωρούν απαλλοτρίωση, προκαλεί ανησυχία και δυσαρέσκεια, με πιθανές επιπτώσεις σε μετακινήσεις πληθυσμών εντός της Συρίας.",,,"[""Syria""]",[],[],"[""Damascus"", ""eastern Damascus neighborhoods""]",Policy Change,0.9
583,2026-05-09,Lebanon,Daraj,علويو سوريا بعد الأسد: حين تتحوّل المحاسبة إلى عقاب جماعي,6,"[BORDER INFO] Η είδηση περιγράφει εντεινόμενη βία και διωγμούς εναντίον των κοινοτήτων Αλαουιτών και Δρούζων στη Συρία, με μαζικές δολοφονίες, απαγωγές και κατασχέσεις περιουσίας, γεγονότα που αποτελούν ισχυρούς παράγοντες εκτοπισμού πληθυσμών από τη χώρα.",,,"[""Syria""]","[""Assad"", ""Alawites"", ""Druze""]",[],"[""Syria""]",Refugee Flow,0.95
595,2026-05-09,Egypt,Mada Masr English,Sudan Nashra: Khartoum escalates against Ethiopia after RSF strikes traced to its territories | 15 killed in drone strike on home of military-allied commander | RSF buildup in Sudan-Libya-Egypt border triangle as military looks to open new route towa,6,"[BORDER INFO] Ένταση και στρατιωτική κλιμάκωση στο Σουδάν, με βομβαρδισμούς και συγκέντρωση δυνάμεων στην τριμερή μεθόριο Σουδάν-Λιβύης-Αιγύπτου, αυξάνοντας τον κίνδυνο μετακίνησης πληθυσμών προς την ευρύτερη περιοχή της Ανατολικής Μεσογείου.",,,"[""Sudan"", ""Ethiopia"", ""Libya"", ""Egypt""]",[],"[""RSF""]","[""Khartoum"", ""Sudan-Libya-Egypt border triangle"", ""Eastern Mediterranean region""]",Border Crisis,0.9
599,2026-05-09,Egypt,Mada Masr English,Israel attacks villages north of Litani to ease pressure on troops occupying crucial axis,6,"[BORDER INFO] Οι ισραηλινές επιθέσεις σε χωριά του νοτίου Λιβάνου, βόρεια του ποταμού Λιτάνι, εντείνουν την αστάθεια στην περιοχή και αυξάνουν τον κίνδυνο μετακίνησης πληθυσμών, που μπορεί να οδηγήσει σε μεταναστευτικές ροές.",,,"[""Israel"", ""Lebanon""]",[],[],"[""Litani River"", ""Southern Lebanon""]",Refugee Flow,0.9
608,2026-05-09,Cross_Regional,Al Jazeera,Iran war live: US expects Tehran’s reply to peace deal; ‘clashes’ in Hormuz,6,[BORDER INFO] Η κλιμάκωση της σύγκρουσης στον Νότιο Λίβανο με θύματα αυξάνει την αστάθεια σε χώρα-κλειδί και τον κίνδυνο εσωτερικού εκτοπισμού και πιθανών μεταναστευτικών ροών προς την Ανατολική Μεσόγειο.,,,"[""Iran"", ""US"", ""Lebanon""]",[],[],"[""Tehran"", ""Hormuz"", ""Southern Lebanon"", ""Eastern Mediterranean""]",Border Crisis,0.9
611,2026-05-09,Cross_Regional,Middle East Eye,Morning update,6,"[BORDER INFO] Συνεχίζονται οι ισραηλινές επιθέσεις στον Λίβανο με θύματα, εν μέσω αυξανόμενης οικονομικής αναταραχής, παράγοντες που μπορούν να οδηγήσουν σε μετακινήσεις πληθυσμών.",,,"[""Israel"", ""Lebanon""]",[],[],[],Border Crisis,0.9
507,2026-05-07,Cross_Regional,Middle East Eye,"Under rubble and rain, Gaza women try to save rare books in centuries-old library",6,"[BORDER INFO] Οι βομβαρδισμοί και η καταστροφή υποδομών στη Γάζα δημιουργούν συνθήκες αναγκαστικής μετακίνησης πληθυσμών, αυξάνοντας τον κίνδυνο μεταναστευτικών ροών προς την Ανατολική Μεσόγειο.",,,[],[],[],"[""Gaza"", ""Eastern Mediterranean""]",Border Crisis,0.9
549,2026-05-07,Cross_Regional,BBC Arabic,حدود لبنان وإسرائيل: ماذا يحدث عند نقطة أغلقت لأكثر من 23 عاماً؟,6,[BORDER INFO] Εκτεταμένες καταστροφές σε χωριά του νότιου Λιβάνου και συνεχής ένταση στα σύνορα με το Ισραήλ δημιουργούν συνθήκες πιθανής μετακίνησης πληθυσμών.,,,"[""Lebanon"", ""Israel""]",[],[],"[""Southern Lebanon""]",Border Crisis,0.95
428,2026-05-06,Syria,Syria Direct,Reconstruction plan for eastern Damascus neighborhoods alarms residents,6,"[BORDER INFO] Σχέδιο ανάπλασης στην ανατολική Δαμασκό προκαλεί ανησυχία και οργή στους κατοίκους, οι οποίοι θεωρούν ότι οι περιουσίες τους απαλλοτριώνονται, δημιουργώντας δυνητικά συνθήκες μετακίνησης πληθυσμών.",,,"[""Syria""]",[],[],"[""Damascus""]",Policy Change,0.9
381,2026-05-05,Lebanon,Daraj,عن أثر فيديوهات التعذيب السورية: جحيم سلطة صنعت وحوشها ولغتها,6,"[BORDER INFO] Η είδηση αναλύει τον κίνδυνο κοινωνικής διαίρεσης και εκδίκησης στη Συρία λόγω βίντεο βασανιστηρίων, υποδηλώνοντας βαθιά εσωτερική αστάθεια που μπορεί να οδηγήσει σε εκτοπισμούς πληθυσμών.",,,"[""Syria""]",[],[],[],Refugee Flow,0.9
393,2026-05-05,Egypt,Mada Masr English,Israel attacks villages north of Litani to ease pressure on troops occupying crucial axis,6,"[BORDER INFO] Το Ισραήλ εντείνει τις αεροπορικές επιθέσεις σε χωριά του νότιου Λιβάνου, κλιμακώνοντας τη σύγκρουση και αυξάνοντας τον κίνδυνο εκτοπισμού πληθυσμών.",,,"[""Israel"", ""Lebanon""]",[],[],"[""Litani"", ""Southern Lebanon""]",Humanitarian,0.95
411,2026-05-05,Cross_Regional,Middle East Eye,'We need people to come back': Dubai's tourism industry reels as foreigners flee,6,"[BORDER INFO] Ο πόλεμος στο Ιράν πλήττει τον τουρισμό του Ντουμπάι και προκαλεί φυγή ξένων από την πόλη, σηματοδοτώντας μετακινήσεις πληθυσμών λόγω περιφερειακής σύγκρουσης. Αυτό αυξάνει τον κίνδυνο δημιουργίας μεταναστευτικών ροών στην Ανατολική Μεσόγειο.",,,"[""Iran""]",[],[],"[""Dubai"", ""Eastern Mediterranean""]",Economic Migration,0.9
414,2026-05-05,Cross_Regional,Al Monitor,"With wood scarce, Gaza carpenters make simple beds from pallets",6,"[BORDER INFO] Στη Γάζα, η έλλειψη υλικών και οι συνέπειες δύο ετών πολέμου έχουν οδηγήσει σε σοβαρή ανθρωπιστική κρίση με εκτοπισμένες οικογένειες να δυσκολεύονται ακόμη και για βασικές ανάγκες, αυξάνοντας τον κίνδυνο μελλοντικών μεταναστευτικών ροών.",,,[],[],[],"[""Gaza""]",Refugee Flow,0.9
263,2026-05-04,Syria,Enab Baladi,Suwayda National Guard Objects to Jordanian Airstrikes,6,"[BORDER INFO] Αεροπορικές επιδρομές στην επαρχία Σουέιντα της νότιας Συρίας και οι αντιδράσεις της τοπικής φρουράς αυξάνουν την αστάθεια στην περιοχή, δυνητικά οδηγώντας σε μετακινήσεις πληθυσμών.",,,"[""Jordan"", ""Syria""]",[],"[""Suwayda National Guard""]","[""Suwayda"", ""Southern Syria""]",Border Crisis,0.9
269,2026-05-04,Syria,Syria Direct,Reconstruction plan for eastern Damascus neighborhoods alarms residents,6,"[BORDER INFO] Σχέδιο ανοικοδόμησης στην ανατολική Δαμασκό προκαλεί οργή στους κατοίκους λόγω φόβων για κλοπή περιουσίας, δημιουργώντας κίνδυνο μετακίνησης πληθυσμών από την περιοχή.",,,"[""Syria""]",[],[],"[""Damascus"", ""eastern Damascus""]",Policy Change,0.9
271,2026-05-04,Syria,Syria Direct,Red lines and death threats: Freedom of expression wanes in Suwayda,6,"[BORDER INFO] Δημοσιογράφοι και ακτιβιστές εγκαταλείπουν τη Σουέιντα της Συρίας λόγω απειλών, ενδεικτικό τοπικής αστάθειας που μπορεί να οδηγήσει σε περαιτέρω μετακινήσεις πληθυσμών.",,,"[""Syria""]",[],[],"[""Suwayda""]",Refugee Flow,0.9
284,2026-05-04,Egypt,Mada Masr English,Israel attacks villages north of Litani to ease pressure on troops occupying crucial axis,6,"[BORDER INFO] Η κλιμάκωση των ισραηλινών επιθέσεων σε χωριά του νοτίου Λιβάνου, βόρεια του Λιτάνι, αυξάνει τον κίνδυνο μετακινήσεων πληθυσμών, επηρεάζοντας ενδεχομένως τις μεταναστευτικές ροές προς την Ανατολική Μεσόγειο.",,,"[""Israel"", ""Lebanon""]",[],[],"[""Litani River"", ""Southern Lebanon"", ""Eastern Mediterranean""]",Border Crisis,0.9
286,2026-05-04,Egypt,Mada Masr English,"Sudan Nashra: Democratic Bloc convention fails to resolve divisive issues, participants say | RSF abuses in Tina villages trigger new displacement wave | Tawila-bound aid truck struck, shipment destroyed | RSF seizes Blue Nile’s Keili, pushes north",6,"[BORDER INFO] Η βία στο Σουδάν προκαλεί νέο κύμα εκτοπισμού αμάχων, επιδεινώνοντας την ανθρωπιστική κρίση και αυξάνοντας δυνητικά τις μελλοντικές μεταναστευτικές ροές.",,,"[""Sudan""]",[],"[""Democratic Bloc"", ""RSF""]","[""Tina"", ""Tawila"", ""Blue Nile"", ""Keili""]",Border Crisis,0.9
300,2026-05-04,Cross_Regional,Middle East Eye,Morning update,6,"[BORDER INFO] Οι συνεχιζόμενες μάχες στον νότιο Λίβανο αυξάνουν τον κίνδυνο εσωτερικών μετακινήσεων και δυνητικών μεταναστευτικών ροών προς την Ανατολική Μεσόγειο, ενώ η κλιμακούμενη ένταση στα στενά του Ορμούζ επιδεινώνει την ευρύτερη περιφερειακή αστάθεια.",,,"[""Lebanon""]",[],[],"[""Southern Lebanon"", ""Eastern Mediterranean"", ""Strait of Hormuz""]",Border Crisis,0.95
301,2026-05-04,Cross_Regional,Middle East Eye,Israeli military orders evacuations in four south Lebanon towns,6,"[BORDER INFO] Ο ισραηλινός στρατός διέταξε εκκενώσεις κατοίκων σε τέσσερις πόλεις του νότιου Λιβάνου λόγω στρατιωτικής δραστηριότητας, γεγονός που συνιστά μετακίνηση πληθυσμών και αυξάνει τον κίνδυνο μεταναστευτικών ροών.",,,"[""Israel"", ""Lebanon""]",[],[],"[""South Lebanon""]",Border Crisis,0.9
206,2026-05-03,Syria,North Press Agency,Israel orders evacuations in 11 towns in south Lebanon,6,"[BORDER INFO] Διαταγή εκκένωσης 11 πόλεων στον νότιο Λίβανο από το Ισραήλ δημιουργεί μετακινήσεις πληθυσμών, αυξάνοντας τον κίνδυνο για μεταναστευτικές ροές προς την Κύπρο ή την Αν. Μεσόγειο.",,,"[""Israel"", ""Lebanon"", ""Cyprus""]",[],[],"[""South Lebanon"", ""East Mediterranean""]",Border Crisis,0.9
214,2026-05-03,Syria,Enab Baladi,Suwayda After July 2025: Legitimacy Struggles and Livelihood Crisis,6,"[BORDER INFO] Η πόλη Suwayda στη νότια Συρία αντιμετωπίζει κρίση βιοπορισμού και αγώνες νομιμότητας, ενδείξεις επιδεινούμενων συνθηκών που μπορούν να οδηγήσουν σε μετακινήσεις πληθυσμών.",,,"[""Syria""]",[],[],"[""Suwayda"", ""Southern Syria""]",Humanitarian,0.9
218,2026-05-03,Syria,Syria Direct,Reconstruction plan for eastern Damascus neighborhoods alarms residents,6,"[BORDER INFO] Ένα σχέδιο ανοικοδόμησης στην ανατολική Δαμασκό προκαλεί ανησυχία στους κατοίκους που το θεωρούν κλοπή, με κίνδυνο εκτοπισμού πληθυσμών λόγω αναγκαστικής απαλλοτρίωσης.",,,"[""Syria""]",[],[],"[""Damascus"", ""eastern Damascus""]",Humanitarian,0.9
219,2026-05-03,Syria,Syria Direct,"Denied for decades, Syria’s stateless Kurds edge towards recognition",6,"[BORDER INFO] Οι άπατριδες Σύριοι Κούρδοι αιτούνται υπηκοότητα μετά από προεδρικό διάταγμα, μια πολιτική εξέλιξη που επηρεάζει τη σταθερότητα ενός μεγάλου πληθυσμού στη Συρία και τις ενδεχόμενες μελλοντικές μεταναστευτικές ροές.",,,"[""Syria""]","[""Kurds""]",[],[],Policy Change,0.9
222,2026-05-03,Lebanon,Daraj,…بل نحن ننزل البيت مرّتين وأكثر,6,"[BORDER INFO] Το κείμενο εκφράζει τον πόνο και τον φόβο της απώλειας σπιτιών και την αντίσταση σε αναγκαστικές θυσίες, συνθήκες που μπορούν να οδηγήσουν σε μετακινήσεις πληθυσμών.",,,[],[],[],[],Humanitarian,0.9
233,2026-05-03,Egypt,Mada Masr English,"Sudan Nashra: Democratic Bloc convention fails to resolve divisive issues, participants say | RSF abuses in Tina villages trigger new displacement wave | Tawila-bound aid truck struck, shipment destroyed | RSF seizes Blue Nile’s Keili, pushes north",6,"[BORDER INFO] Νέο κύμα εκτοπισμών καταγράφεται στο Σουδάν λόγω βίας και καταχρήσεων από τις Δυνάμεις Ταχείας Υποστήριξης (RSF), δημιουργώντας αυξημένες μεταναστευτικές πιέσεις.",,,"[""Sudan""]",[],"[""Democratic Bloc"", ""RSF""]","[""Tina villages"", ""Tawila"", ""Keili"", ""Blue Nile""]",Refugee Flow,0.9
236,2026-05-03,Egypt,Mada Masr English,"Limbo in the south: Despite ceasefire, Lebanon’s displaced still await political pathway",6,"[BORDER INFO] Εκτοπισμένοι πληθυσμοί στον νότιο Λίβανο παραμένουν σε κατάσταση αβεβαιότητας παρά την εκεχειρία, γεγονός που δημιουργεί δυνητικό κίνδυνο περαιτέρω μετακινήσεων.",,,"[""Lebanon""]",[],[],"[""Southern Lebanon""]",Humanitarian,0.95
248,2026-05-03,Cross_Regional,Middle East Eye,Morning update,6,"[BORDER INFO] Η ισραηλινή στρατιωτική δράση στον νότιο Λίβανο, με εντολές εκκένωσης και κατεδαφίσεις, προκαλεί εκτοπισμό πληθυσμών, αυξάνοντας τον κίνδυνο μεταναστευτικών ροών προς την Κύπρο και την Ανατολική Μεσόγειο.",,,"[""Israel"", ""Lebanon"", ""Cyprus""]",[],[],"[""Southern Lebanon"", ""Eastern Mediterranean""]",Refugee Flow,0.9
15,2026-05-02,Lebanon,Daraj,…بل نحن ننزل البيت مرّتين وأكثر,6,"[BORDER INFO] Το κείμενο εκφράζει τον πόνο και τον φόβο για την απώλεια κατοικιών και την άρνηση αποδοχής επιβεβλημένων αποφάσεων, υποδεικνύοντας συνθήκες που μπορούν να οδηγήσουν σε εκτοπισμό πληθυσμών.",,,[],[],[],[],Humanitarian,0.9
19,2026-05-02,Lebanon,Daraj,حين قالت لي أمي: “يا ماما راح البيت”,6,"[BORDER INFO] Σφοδρός ισραηλινός βομβαρδισμός στην πόλη Tibnin του νοτίου Λιβάνου προκαλεί καταστροφές σε κατοικίες, αυξάνοντας τον κίνδυνο μετακίνησης πληθυσμών που μπορεί να οδηγήσει σε ροές προς την Κύπρο.",,,"[""Israel"", ""Lebanon"", ""Cyprus""]",[],[],"[""Tibnin"", ""Southern Lebanon""]",Refugee Flow,0.9
24,2026-05-02,Egypt,Mada Masr English,"Sudan Nashra: Democratic Bloc convention fails to resolve divisive issues, participants say | RSF abuses in Tina villages trigger new displacement wave | Tawila-bound aid truck struck, shipment destroyed | RSF seizes Blue Nile’s Keili, pushes north",6,"[BORDER INFO] Νέο κύμα εκτοπισμού αμάχων στο Σουδάν λόγω βίας και καταχρήσεων από τις δυνάμεις RSF, αυξάνοντας τον κίνδυνο μεταναστευτικών ροών στην ευρύτερη περιοχή.",,,"[""Sudan""]",[],"[""RSF""]","[""Tina villages"", ""Tawila"", ""Blue Nile"", ""Keili""]",Refugee Flow,0.9
32,2026-05-02,Cross_Regional,Al Jazeera,The dark side of Gaza’s new fancy cafes and restaurants,6,"[BORDER INFO] Η είδηση αναφέρεται σε μια «νέα γενοκτονική πραγματικότητα» στην κατεστραμμένη Λωρίδα της Γάζας, υποδεικνύοντας σοβαρές ανθρωπιστικές συνθήκες που μπορούν να οδηγήσουν σε μετακινήσεις πληθυσμών.",,,[],[],[],"[""Gaza Strip""]",Humanitarian,0.9
89,2026-05-02,Cross_Regional,Middle East Eye,What exactly is white phosphorus and why is it controversial?,6,"[BORDER INFO] Η χρήση λευκού φωσφόρου από το Ισραήλ στον Λίβανο και τη Γάζα συνιστά σοβαρή κλιμάκωση σύγκρουσης, δημιουργώντας αυξημένο κίνδυνο μετακίνησης πληθυσμών στην ευρύτερη περιοχή.",,,"[""Israel"", ""Lebanon""]",[],[],"[""Gaza""]",Border Crisis,0.9
2358,2026-06-09,Syria,North Press Agency,Israeli forces raid homes in Quneitra countryside,5,"[BORDER INFO] Ισραηλινές δυνάμεις πραγματοποίησαν εφόδους σε σπίτια στο χωριό Ρουβαϊχίνα της επαρχίας Κουνέιτρα, στη νότια Συρία.",,,"[""Israel"", ""Syria""]",[],[],"[""Quneitra countryside"", ""Ruwaihinah""]",Border Crisis,0.9
2368,2026-06-09,Syria,Syria Direct,White earth: Soil salinization threatens farming in Raqqa’s Euphrates river basin,5,"[BORDER INFO] Η αλάτωση του εδάφους απειλεί τη γεωργία στην περιοχή της Ράκκα στη Συρία, καθιστώντας τα χωράφια ακατάλληλα για καλλιέργεια.",,,"[""Syria""]",[],[],"[""Raqqa"", ""Euphrates river basin""]",Economic Migration,0.9
2393,2026-06-09,Cross_Regional,Al Jazeera,"Two years after Israel’s Nuseirat ‘rescue’ success, we are still bleeding",5,"[BORDER INFO] Οικογένεια επιβίωσε από σφαγή στο Nuseirat, φέροντας ακόμα τραύματα και εφιάλτες.",,,"[""Israel""]",[],[],"[""Nuseirat""]",Humanitarian,0.9
2295,2026-06-08,Egypt,Mada Masr English,New refugee bylaws set 9-month deadline for state to take over asylum processing from UNHCR,5,"[BORDER INFO] Η Αίγυπτος εξέδωσε νέους κανονισμούς για τον νόμο ασύλου, με την κρατική αρχή να αναλαμβάνει την αποκλειστική επεξεργασία αιτήσεων από την Ύπατη Αρμοστεία εντός εννέα μηνών.",,,"[""Egypt""]",[],"[""UNHCR""]",[],Policy Change,0.9
2309,2026-06-08,Cross_Regional,Middle East Eye,"Israel plans large-scale mobilisation anticipating prolonged conflict, report says",5,"[BORDER INFO] Το Ισραήλ σχεδιάζει μεγάλης κλίμακας επιστράτευση δυνάμεων εν αναμονή παρατεταμένης σύγκρουσης, με μονάδες να αναπτύσσονται στα σύνορα με την κατεχόμενη Δυτική Όχθη και την Ιορδανία.",,,"[""Israel"", ""Jordan""]",[],[],"[""West Bank""]",Border Crisis,0.9
2201,2026-06-07,Egypt,Mada Masr English,New refugee bylaws set 9-month deadline for state to take over asylum processing from UNHCR,5,"[BORDER INFO] Η Αίγυπτος θέτει νέους κανονισμούς ασύλου, με το κράτος να αναλαμβάνει την αποκλειστική επεξεργασία αιτήσεων από την UNHCR εντός εννέα μηνών.",,,"[""Egypt""]",[],"[""UNHCR""]",[],Policy Change,0.9
2148,2026-06-06,Lebanon,Daraj,لبنان بالأبيض والأسود… كيف سرقت الحروب ألوان الحياة؟,5,"[BORDER INFO] Ο πόλεμος έχει επηρεάσει βαθιά τη ζωή στον Λίβανο, οδηγώντας τον πληθυσμό σε ειδοποιήσεις εκκένωσης και κατάσταση επιβίωσης.",,,"[""Lebanon""]",[],[],[],Border Crisis,0.9
2160,2026-06-06,Egypt,Mada Masr English,"Sudan Nashra: RSF-armed Salamat, Beni Halba locked in deadly ‘tribal war’ | New wave of RSF violence near Bara kills dozens, communities mobilize to defend villages | RSF-led Tasis establishes Security and Defense Council | Quintet’s Addis Ababa meet",5,"[BORDER INFO] Σφοδρές συγκρούσεις μεταξύ φυλών με βαριά όπλα πλήττουν το Νότιο Νταρφούρ και το Μπάρα του Σουδάν, προκαλώντας δεκάδες νεκρούς και ανθρωπιστική καταστροφή.",,,"[""Sudan""]",[],"[""RSF""]","[""Bara"", ""South Darfur"", ""Addis Ababa""]",Humanitarian,0.9
2066,2026-06-05,Lebanon,Daraj,محاكمة عاطف نجيب: السوريون يستحقّون استراتيجية واضحة للعدالة الانتقالية,5,"[BORDER INFO] Ξεκίνησε η δίκη του Atef Najib, που συνδέεται με τη βίαιη καταστολή στη Νταράα που πυροδότησε τη Συριακή Επανάσταση, εν μέσω έλλειψης στρατηγικής μεταβατικής δικαιοσύνης στη Συρία.",,,"[""Syria""]","[""Atef Najib""]",[],"[""Daraa""]",Policy Change,0.9
1825,2026-06-01,Syria,North Press Agency,Water submerges lands in Deir ez-Zor after Euphrates River flooding,5,[BORDER INFO] Πλημμύρες του ποταμού Ευφράτη βύθισαν εκτάσεις στη Deir ez-Zor.,,,"[""Syria""]",[],[],"[""Deir ez-Zor""]",Humanitarian,0.95
1848,2026-06-01,Egypt,Mada Masr English,Israeli forces cross Litani River to south Lebanon’s Zawtar in costly bid to ‘exert pressure’ amid talk of US-Iran truce,5,"[BORDER INFO] Ισραηλινές δυνάμεις διέσχισαν τον ποταμό Λιτάνι στον νότιο Λίβανο, αντιμετωπίζοντας αντίσταση από δυνάμεις της Χεζμπολάχ.",,,"[""Israel"", ""Lebanon"", ""US"", ""Iran""]",[],"[""Hezbollah""]","[""Litani River"", ""South Lebanon"", ""Zawtar""]",Border Crisis,0.95
1790,2026-05-31,Lebanon,Daraj,في لبنان… لا هدنة لأجهزتنا العصبية!,5,"[BORDER INFO] Ο Λίβανος βιώνει χρόνια συσσωρευμένου πόνου και απουσίας δικαιοσύνης, με τους πολίτες να καλούνται να αντέξουν χωρίς λογοδοσία.",,,"[""Lebanon""]",[],[],[],Humanitarian,0.9
1427,2026-05-24,Cross_Regional,Al Jazeera,"Israeli attack on Gaza kills three family members, including infant",5,"[BORDER INFO] Ισραηλινή επίθεση στη Γάζα σκότωσε τρία μέλη οικογένειας, συμπεριλαμβανομένων ενός βρέφους, στον προσφυγικό καταυλισμό Νουσεϊράτ.",,,"[""Israel""]",[],[],"[""Gaza"", ""Nuseirat refugee camp""]",Humanitarian,0.9
1283,2026-05-22,Syria,Syria Direct,Suwayda’s students caught up in the struggle with Damascus,5,[BORDER INFO] Χιλιάδες μαθητές στην Suwayda της Συρίας ενδέχεται να μείνουν με μη αναγνωρισμένα απολυτήρια εν μέσω συνεχιζόμενης διαμάχης με την κυβέρνηση.,,,"[""Syria""]",[],"[""Syrian government""]","[""Suwayda"", ""Damascus""]",Border Crisis,0.9
1189,2026-05-21,Syria,North Press Agency,Displaced Kurds in NE Syria leave for Afrin,5,[BORDER INFO] Εκτοπισμένοι Κούρδοι στη ΒΑ Συρία αναχωρούν για το Αφρίν.,,,"[""Syria""]",[],[],"[""Northeast Syria"", ""Afrin""]",Refugee Flow,0.95
1203,2026-05-21,Lebanon,Daraj,3 سنوات على الحرب في السودان: مشكلات الانتقال السياسي والعدالة,5,"[BORDER INFO] Ο πόλεμος στο Σουδάν, τρία χρόνια μετά, προκαλεί επιδείνωση του εκτοπισμού πληθυσμών, οικονομική κατάρρευση και αποσύνθεση του κράτους.",,,"[""Sudan""]",[],[],[],Border Crisis,0.9
1159,2026-05-20,Lebanon,Daraj,هل بإمكان أهل الجنوب فعلاً أن يعيدوا بيوتهم “أجمل مما كانت”؟,5,"[BORDER INFO] Ευρεία καταστροφή σπιτιών και εδαφών στον Νότιο Λίβανο λόγω σύγκρουσης, προκαλώντας εκτοπισμό και θλίψη στους κατοίκους.",,,"[""Lebanon""]",[],[],"[""South Lebanon""]",Humanitarian,0.9
1070,2026-05-19,Syria,North Press Agency,First Afrin IDP convoy leaves Kobani,5,[BORDER INFO] Η πρώτη αυτοκινητοπομπή εκτοπισμένων από την Άφριν αναχώρησε από το Κομπάνι.,,,"[""Syria""]",[],[],"[""Afrin"", ""Kobani""]",Humanitarian,0.9
1075,2026-05-19,Syria,Enab Baladi,"Complaints of Hurdles, Mistreatment at Bab al-Hawa",5,"[BORDER INFO] Υπάρχουν αναφορές για εμπόδια και κακομεταχείριση στη συνοριακή διάβαση Bab al-Hawa, επηρεάζοντας Σύριους που επιστρέφουν από την Τουρκία.",,,"[""Syria"", ""Turkey""]",[],[],"[""Bab al-Hawa""]",Border Crisis,0.9
1061,2026-05-18,Cross_Regional,Al Jazeera,"Growing bread queues in Gaza as Israel restricts fuel, flour imports",5,[BORDER INFO] Αυξάνονται οι ουρές για ψωμί στη Γάζα καθώς ο εφοδιασμός σε αλεύρι και καύσιμα περιορίζεται.,,,"[""Israel""]",[],[],"[""Gaza""]",Border Crisis,0.9
838,2026-05-14,Syria,North Press Agency,Amnesty urges war crimes probe over Israeli demolitions in Syria’s Quneitra,5,"[BORDER INFO] Η Διεθνής Αμνηστία ζητά έρευνα για εγκλήματα πολέμου σχετικά με τις ισραηλινές κατεδαφίσεις κατοικιών στην Κουνέιτρα της νότιας Συρίας, γεγονός που προκαλεί εσωτερικό εκτοπισμό πληθυσμών.",,,"[""Israel"", ""Syria""]",[],"[""Amnesty International""]","[""Quneitra""]",Humanitarian,0.9
762,2026-05-12,Egypt,Egyptian Streets,"Egypt Frees Over 1,300 Citizens Detained in Libya Over Irregular Migration",5,"[BORDER INFO] Οι αιγυπτιακές αρχές επαναπάτρισαν πάνω από 1.300 Αιγύπτιους μετανάστες που κρατούνταν στη Λιβύη, αναδεικνύοντας τη συνεχιζόμενη και συχνά θανατηφόρα ροή από την Αίγυπτο προς την Ευρώπη μέσω της Βόρειας Αφρικής. Η είδηση υπογραμμίζει τις υφιστάμενες μεταναστευτικές πιέσεις στην περιοχή.",,,"[""Egypt"", ""Libya"", ""Europe""]",[],[],"[""North Africa""]",Border Crisis,0.9
629,2026-05-11,Syria,Syria Direct,Suwayda’s students caught up in the struggle with Damascus,5,"[BORDER INFO] Εσωτερική ένταση στην Suwayda της Συρίας, όπου χιλιάδες φοιτητές αντιμετωπίζουν τον κίνδυνο μη αναγνώρισης πτυχίων λόγω διαφωνίας με τη Δαμασκό, δημιουργώντας δυνητικές πιέσεις για μετακίνηση πληθυσμού.",,,"[""Syria""]",[],[],"[""Suwayda"", ""Damascus""]",Humanitarian,0.9
566,2026-05-09,Syria,North Press Agency,Israeli forces advance into village in southern Quneitra,5,"[BORDER INFO] Ισραηλινές δυνάμεις προωθήθηκαν σε χωριό στη νότια επαρχία Κουνέιτρα της Συρίας, γεγονός που συνιστά στρατιωτική δραστηριότητα σε περιοχή προέλευσης μεταναστών και μπορεί να οδηγήσει σε τοπικές μετακινήσεις πληθυσμών.",,,"[""Israel"", ""Syria""]",[],[],"[""Quneitra""]",Refugee Flow,0.9
576,2026-05-09,Syria,Syria Direct,Suwayda’s students caught up in the struggle with Damascus,5,"[BORDER INFO] Η μη αναγνώριση απολυτηρίων χιλιάδων μαθητών στη Suwayda, λόγω διαμάχης με τη Δαμασκό, δημιουργεί εσωτερική αστάθεια και πιθανές μελλοντικές πιέσεις για μετανάστευση από τη Συρία.",,,"[""Syria""]",[],[],"[""Suwayda"", ""Damascus""]",Economic Migration,0.9
465,2026-05-07,Syria,North Press Agency,MSF ends support for Darat Izza healthcare center in northwest Syria,5,"[BORDER INFO] Η διακοπή της υποστήριξης των Γιατρών Χωρίς Σύνορα σε κέντρο υγείας στη βορειοδυτική Συρία επιδεινώνει τις ανθρωπιστικές συνθήκες, αυξάνοντας την πίεση για μετακίνηση πληθυσμών από μια ευαίσθητη περιοχή.",,,"[""Syria""]",[],"[""MSF""]","[""Darat Izza"", ""northwest Syria""]",Humanitarian,0.9
469,2026-05-07,Syria,North Press Agency,"Turkey says 660,000 Syrians returned since Late 2024",5,"[BORDER INFO] Η Τουρκία ανακοίνωσε την επιστροφή 660.000 Σύρων στην πατρίδα τους, γεγονός που συνιστά σημαντική μετακίνηση πληθυσμών και επηρεάζει τις περιφερειακές μεταναστευτικές δυναμικές στην Τουρκία και τη Συρία.",,,"[""Turkey"", ""Syria""]",[],[],[],Refugee Flow,0.9
477,2026-05-07,Syria,Syria Direct,Reconstruction plan for eastern Damascus neighborhoods alarms residents,5,"[BORDER INFO] Ανησυχία και οργή κατοίκων στην ανατολική Δαμασκό λόγω σχεδίου ανασυγκρότησης που θεωρούν αρπαγή περιουσιών, γεγονός που δύναται να οδηγήσει σε εσωτερικές μετακινήσεις πληθυσμών.",,,"[""Syria""]",[],[],"[""Damascus"", ""eastern Damascus""]",Policy Change,0.9
501,2026-05-07,Cross_Regional,Al Jazeera,"Israeli attack on Gaza kills one person, wounds son of Hamas’s al-Hayya",5,"[BORDER INFO] Ισραηλινή επίθεση στη Γάζα σκοτώνει ένα άτομο και τραυματίζει άλλο, ενισχύοντας την αστάθεια στην περιοχή και τον κίνδυνο μελλοντικών μεταναστευτικών ροών.",,,"[""Israel""]","[""al-Hayya""]","[""Hamas""]","[""Gaza""]",Border Crisis,0.9
429,2026-05-06,Syria,Syria Direct,"Denied for decades, Syria’s stateless Kurds edge towards recognition",5,"[BORDER INFO] Η είδηση αφορά την έναρξη διαδικασιών αναγνώρισης των απάτριδων Κούρδων της Συρίας, μια πολιτική εξέλιξη που μπορεί να επηρεάσει τις μελλοντικές μεταναστευτικές πιέσεις από τη Συρία.",,,"[""Syria""]","[""Kurds""]",[],[],Policy Change,0.9
365,2026-05-05,Syria,North Press Agency,UN ends cross-border aid route from Turkey into Syria after 11 years,5,"[BORDER INFO] Ο ΟΗΕ τερμάτισε τις διασυνοριακές ανθρωπιστικές του επιχειρήσεις από την Τουρκία στη Συρία, γεγονός που, παρά το άνοιγμα νέων εμπορικών οδών, ενδέχεται να επηρεάσει τις συνθήκες διαβίωσης και τις μετακινήσεις πληθυσμών.",,,"[""Turkey"", ""Syria""]",[],"[""UN""]",[],Humanitarian,0.9
395,2026-05-05,Egypt,Mada Masr English,"Sudan Nashra: Democratic Bloc convention fails to resolve divisive issues, participants say | RSF abuses in Tina villages trigger new displacement wave | Tawila-bound aid truck struck, shipment destroyed | RSF seizes Blue Nile’s Keili, pushes north",5,[BORDER INFO] Νέο κύμα εσωτερικών μετακινήσεων πληθυσμών στο Σουδάν λόγω αυξημένης βίας και καταχρήσεων από τις Δυνάμεις Ταχείας Υποστήριξης.,,,"[""Sudan""]",[],"[""Democratic Bloc"", ""RSF""]","[""Tina villages"", ""Tawila"", ""Blue Nile"", ""Keili""]",Humanitarian,0.9
258,2026-05-04,Syria,North Press Agency,Destruction in Syria’s Suwayda after Jordanian airstrikes,5,[BORDER INFO] Καταστροφές στη Σουέιντα της Συρίας μετά από ιορδανικές αεροπορικές επιδρομές δημιουργούν συνθήκες για πιθανές μετακινήσεις πληθυσμών.,,,"[""Syria"", ""Jordan""]",[],[],"[""Suwayda""]",Humanitarian,0.9
220,2026-05-03,Syria,Syria Direct,Red lines and death threats: Freedom of expression wanes in Suwayda,5,"[BORDER INFO] Η δίωξη δημοσιογράφων και ακτιβιστών στη Σουέιντα της Συρίας οδηγεί σε φυγή ατόμων, υποδεικνύοντας επιδείνωση των συνθηκών και δυνητική δημιουργία μεταναστευτικών ροών από την περιοχή.",,,"[""Syria""]",[],[],"[""Suwayda""]",Refugee Flow,0.9
14,2026-05-02,Syria,Syria Direct,Red lines and death threats: Freedom of expression wanes in Suwayda,5,"[BORDER INFO] Δημοσιογράφοι και ακτιβιστές εγκαταλείπουν τη Σουέιδα της Συρίας λόγω απειλών, σηματοδοτώντας επιδείνωση των συνθηκών που μπορεί να οδηγήσει σε μελλοντικές μεταναστευτικές ροές.",,,"[""Syria""]",[],[],"[""Suwayda""]",Humanitarian,0.9
2273,2026-06-08,Syria,North Press Agency,Euphrates River shifts from historic low flows to devastating flooding,4,"[BORDER INFO] Ο ποταμός Ευφράτης στη Συρία βιώνει ακραίες διακυμάνσεις από ιστορικά χαμηλά σε καταστροφικές πλημμύρες, με συνέπειες για τη γεωργία και τις τοπικές κοινότητες.",,,"[""Syria""]",[],[],"[""Euphrates River""]",Humanitarian,0.9
2223,2026-06-07,Syria,North Press Agency,Displaced Kurdish families submit return lists to Syria’s Ras al-Ain,4,[BORDER INFO] Εκτοπισμένες κουρδικές οικογένειες υποβάλλουν λίστες για την επιστροφή τους στην πόλη Ras al-Ain της Συρίας.,,,"[""Syria""]",[],[],"[""Ras al-Ain""]",Refugee Flow,0.9
2152,2026-06-06,Lebanon,Daraj,سيلين غندور بعين نفسها: الرغبة “العمياء” في مخاطبة الجماهير!,4,[BORDER INFO] Κριτική στην αναπαράσταση των εκτοπισμένων ατόμων και της καταστροφής στα μέσα ενημέρωσης.,,,[],"[""Celine Ghandour""]",[],[],Humanitarian,0.9
2053,2026-06-05,Syria,North Press Agency,"Floods damage more than 21,000 dunams of farmland in Syria’s Deir ez-Zor",4,[BORDER INFO] Πλημμύρες κατέστρεψαν πάνω από 21.000 στρέμματα αγροτικής γης στην Ντέιρ εζ-Ζορ της Συρίας.,,,"[""Syria""]",[],[],"[""Deir ez-Zor""]",Humanitarian,0.9
1913,2026-06-03,Syria,North Press Agency,"Over 369,000 Syrians return from Lebanon since Assad’s fall",4,[BORDER INFO] Περισσότεροι από 369.000 Σύριοι έχουν επιστρέψει εθελοντικά από τον Λίβανο στη Συρία από την πτώση της κυβέρνησης Άσαντ.,,,"[""Syria"", ""Lebanon""]","[""Assad""]",[],[],Refugee Flow,0.9
1917,2026-06-03,Syria,Enab Baladi,"369,000 Syrians Returned From Lebanon Since Assad’s Fall",4,[BORDER INFO] 369.000 Σύροι επέστρεψαν οικειοθελώς από τον Λίβανο στη Συρία.,,,"[""Lebanon"", ""Syria""]","[""Assad""]",[],[],Refugee Flow,0.95
1920,2026-06-03,Syria,Enab Baladi,"Deir Ezzor Floods Swamp Nearly 17,000 Dunums of Farmland",4,[BORDER INFO] Πλημμύρες στην Deir Ezzor (ανατολική Συρία) κατέστρεψαν σχεδόν 17.000 στρέμματα καλλιεργήσιμης γης και έπληξαν τους αγροτικούς και υδάτινους τομείς.,,,"[""Syria""]",[],[],"[""Deir Ezzor""]",Humanitarian,0.9
1487,2026-05-26,Lebanon,Daraj,جرحى “غزة” يواجهون مصيراً مجهولاً في بغداد!,4,"[BORDER INFO] Τραυματίες από τη Γάζα αντιμετωπίζουν άγνωστη μοίρα στη Βαγδάτη, καθώς αδυνατούν να επιστρέψουν ή να ξεκινήσουν νέα ζωή.",,,"[""Iraq"", ""Palestine""]",[],[],"[""Gaza"", ""Baghdad""]",Humanitarian,0.9
1309,2026-05-22,Cross_Regional,Al Monitor,"Australian women linked to ISIS leave Syrian camp, ABC reports",4,[BORDER INFO] Μια ομάδα Αυστραλών γυναικών και παιδιών αποχώρησε από καταυλισμό προσφύγων στην βορειοανατολική Συρία με προορισμό την Αυστραλία.,,,"[""Australia"", ""Syria""]",[],[],"[""Syrian camp"", ""northeastern Syria""]",Refugee Flow,0.9
796,2026-05-14,Syria,Syria Direct,Reconstruction plan for eastern Damascus neighborhoods alarms residents,4,"[BORDER INFO] Ένα σχέδιο ανοικοδόμησης στην ανατολική Δαμασκό, που χαρακτηρίζεται ως ""κλοπή"" περιουσιών, έχει προκαλέσει έντονη ανησυχία στους κατοίκους, δημιουργώντας κίνδυνο μελλοντικής μετακίνησης πληθυσμών.",,,"[""Syria""]",[],[],"[""Damascus""]",Policy Change,0.9
621,2026-05-11,Syria,North Press Agency,Largest convoy of Afrin IDPs departs Qamishli for return to homes,4,"[BORDER INFO] Το μεγαλύτερο κομβόι εσωτερικά εκτοπισμένων από το Καμισλί αναχωρεί για επιστροφή στις εστίες τους στην περιοχή του Αφρίν στη βορειοδυτική Συρία. Αυτή η μετακίνηση πληθυσμών εντός της Συρίας, καθώς πρόκειται για επιστροφή, εκτιμάται ότι μειώνει τον άμεσο κίνδυνο δημιουργίας νέων μεταναστευτικών ροών.",,,"[""Syria""]",[],[],"[""Afrin"", ""Qamishli"", ""northwestern Syria""]",Humanitarian,0.9
622,2026-05-11,Syria,North Press Agency,Preparations underway for 5th convoy of Afrin IDPs to return from Qamishli,4,"[BORDER INFO] Προετοιμασίες βρίσκονται σε εξέλιξη για την επιστροφή εκτοπισμένων από την Άφριν εντός της Συρίας, κίνηση που αφορά εσωτερική μετακίνηση πληθυσμού και δεν δημιουργεί νέες μεταναστευτικές ροές προς την Κύπρο.",,,"[""Syria"", ""Cyprus""]",[],[],"[""Afrin"", ""Qamishli""]",Humanitarian,0.9
626,2026-05-11,Syria,Enab Baladi,Netherlands Pushes Syrian Return and Reconstruction,4,"[BORDER INFO] Η Ολλανδία προωθεί την επιστροφή Σύριων προσφύγων και την ανοικοδόμηση στη Συρία, μια πολιτική που ενδέχεται να επηρεάσει τις μεταναστευτικές ροές στην ευρύτερη περιοχή.",,,"[""Netherlands"", ""Syria""]",[],[],[],Policy Change,0.9
632,2026-05-11,Syria,Syria Direct,"Denied for decades, Syria’s stateless Kurds edge towards recognition",4,"[BORDER INFO] Η προσπάθεια χορήγησης υπηκοότητας σε Σύριους απάτριδες Κούρδους, παρά τις γραφειοκρατικές δυσκολίες, αποτελεί μια πολιτική αλλαγή στη Συρία που μπορεί να επηρεάσει τη σταθερότητα και τις μελλοντικές μεταναστευτικές ροές αυτού του πληθυσμού.",,,"[""Syria""]",[],[],[],Policy Change,0.9
565,2026-05-09,Syria,North Press Agency,"Australia charges 3 returnees with ISIS-linked crimes, HRW urges due process",4,"[BORDER INFO] Η είδηση αφορά τον επαναπατρισμό ατόμων από καταυλισμούς στη βορειοανατολική Συρία, παρέχοντας πληροφορίες για τις μετακινήσεις πληθυσμών και την κατάσταση σε αυτές τις δομές. Αν και ο επαναπατρισμός γίνεται προς την Αυστραλία, η ύπαρξη και η διαχείριση τέτοιων καταυλισμών στη Συρία αποτελεί παράγοντα αστάθειας που παρακολουθείται για πιθανές μελλοντικές ροές.",,,"[""Australia"", ""Syria""]",[],"[""HRW""]","[""Northeastern Syria""]",Border Crisis,0.9
573,2026-05-09,Syria,Enab Baladi,900 Syrians Return From Iraq in 2026,4,"[BORDER INFO] Περίπου 900 Σύροι πρόσφυγες επέστρεψαν από το Ιράκ στη Συρία, γεγονός που συνιστά εσωτερική κίνηση πληθυσμού η οποία δεν αυξάνει τον κίνδυνο μεταναστευτικών ροών προς την Κύπρο ή την Ανατολική Μεσόγειο.",,,"[""Iraq"", ""Syria"", ""Cyprus""]",[],[],"[""Eastern Mediterranean""]",Refugee Flow,0.9
579,2026-05-09,Syria,Syria Direct,"Denied for decades, Syria’s stateless Kurds edge towards recognition",4,"[BORDER INFO] Οι απάτριδες Κούρδοι της Συρίας αρχίζουν να υποβάλλουν αιτήσεις για υπηκοότητα, μια πολιτική εξέλιξη που επηρεάζει την κατάσταση πληθυσμού-πηγής, παρά τις γραφειοκρατικές δυσκολίες.",,,"[""Syria""]","[""Kurds""]",[],[],Policy Change,0.9
478,2026-05-07,Syria,Syria Direct,"Denied for decades, Syria’s stateless Kurds edge towards recognition",4,"[BORDER INFO] Η Συρία ξεκινά διαδικασία αναγνώρισης για τους άπατριδες Κούρδους, μια κίνηση που θα μπορούσε να επηρεάσει τις μελλοντικές μεταναστευτικές ροές, παρά τις γραφειοκρατικές προκλήσεις.",,,"[""Syria""]",[],[],[],Policy Change,0.9
561,2026-05-07,Cross_Regional,Al Monitor,Women linked to IS fighters return to Australia from Middle East,4,"[BORDER INFO] Αυστραλοί πολίτες και τα παιδιά τους επαναπατρίζονται από προσφυγικούς καταυλισμούς της Συρίας στην Αυστραλία, μια καταγεγραμμένη μετακίνηση πληθυσμού από την περιοχή ενδιαφέροντος.",,,"[""Australia"", ""Syria""]",[],[],"[""Middle East"", ""Syrian refugee camps""]",Humanitarian,0.9
563,2026-05-07,Cross_Regional,Al Monitor,Australian women and children linked to Islamic State head home,4,"[BORDER INFO] Αυστραλές γυναίκες και παιδιά που συνδέονται με το Ισλαμικό Κράτος επαναπατρίζονται από στρατόπεδο στη Συρία στην Αυστραλία, γεγονός που αφορά μετακίνηση πληθυσμών από κρίσιμη περιοχή, χωρίς όμως να δημιουργεί άμεσο κίνδυνο ροών προς την Κύπρο.",,,"[""Australia"", ""Syria"", ""Cyprus""]",[],"[""Islamic State""]",[],Border Crisis,0.9
444,2026-05-06,Egypt,Mada Masr English,"Sudan Nashra: Democratic Bloc convention fails to resolve divisive issues, participants say | RSF abuses in Tina villages trigger new displacement wave | Tawila-bound aid truck struck, shipment destroyed | RSF seizes Blue Nile’s Keili, pushes north",4,"[BORDER INFO] Οι καταχρήσεις των RSF στο Σουδάν προκαλούν νέο κύμα εκτοπισμού πληθυσμού, αυξάνοντας τις πιέσεις για μετανάστευση σε περιφερειακό επίπεδο.",,,"[""Sudan""]",[],"[""RSF""]","[""Tina villages"", ""Tawila"", ""Blue Nile"", ""Keili""]",Refugee Flow,0.9
376,2026-05-05,Syria,Syria Direct,"Denied for decades, Syria’s stateless Kurds edge towards recognition",4,"[BORDER INFO] Η είδηση αφορά την έναρξη διαδικασίας για χορήγηση υπηκοότητας σε άπατρις Κούρδους στη Συρία. Η εξέλιξη αυτή, παρά τις προκλήσεις, αποτελεί μια πολιτική αλλαγή που μπορεί να επηρεάσει τις μελλοντικές μεταναστευτικές ροές από την περιοχή.",,,"[""Syria""]",[],[],[],Policy Change,0.95
391,2026-05-05,Turkiye,Turkish Minute,"640,000 Syrians have returned home from Turkey since Assad’s fall: UNHCR",4,"[BORDER INFO] Η UNHCR αναφέρει ότι 640.000 Σύριοι έχουν επιστρέψει από την Τουρκία στις πατρίδες τους, γεγονός που μειώνει τον δυνητικό πληθυσμό για μεταναστευτικές ροές προς την Κύπρο ή την Ανατολική Μεσόγειο.",,,"[""Syria"", ""Turkey"", ""Cyprus""]",[],"[""UNHCR""]","[""Eastern Mediterranean""]",Refugee Flow,0.9
210,2026-05-03,Syria,North Press Agency,Families of SDF detainees protest in Hasakah demanding their release,4,"[BORDER INFO] Διαμαρτυρίες οικογενειών κρατουμένων στη Χασάκα της Συρίας σηματοδοτούν εσωτερική αστάθεια, η οποία μπορεί να επηρεάσει τις συνθήκες που οδηγούν σε δυνητικές μετακινήσεις πληθυσμών από τη Συρία.",,,"[""Syria""]",[],"[""SDF""]","[""Hasakah""]",Refugee Flow,0.9
4,2026-05-02,Syria,North Press Agency,"Families in Syria’s Kobani demand release of detainees, fate of missing",4,"[BORDER INFO] Οικογένειες στην Κομπάνι της Συρίας ζητούν την απελευθέρωση κρατουμένων και πληροφορίες για αγνοούμενους, υποδεικνύοντας συνεχιζόμενη αστάθεια και ανησυχίες για τα ανθρώπινα δικαιώματα που αποτελούν πιθανή κινητήρια δύναμη για μελλοντικές μετακινήσεις πληθυσμών.",,,"[""Syria""]",[],[],"[""Kobani""]",Humanitarian,0.9
2361,2026-06-09,Syria,North Press Agency,Israel launches airstrikes in Iran after Iranian missile barrage,3,"[MACRO INFO] Ισραηλινές αεροπορικές επιδρομές έπληξαν στρατιωτικούς στόχους στο Ιράν μετά από ιρανικό μπαράζ πυραύλων, ως απάντηση σε επίθεση στα νότια προάστια της Βηρυτού.",,,"[""Israel"", ""Iran""]",[],[],"[""Beirut""]",Other,0.9
2382,2026-06-09,Egypt,Mada Masr English,"Sudan Nashra: RSF-armed Salamat, Beni Halba locked in deadly ‘tribal war’ | New wave of RSF violence near Bara kills dozens, communities mobilize to defend villages | RSF-led Tasis establishes Security and Defense Council | Quintet’s Addis Ababa meet",3,"[MACRO INFO] Σφοδρές φυλετικές συγκρούσεις και βία από τις Δυνάμεις Ταχείας Υποστήριξης πλήττουν το Νταρφούρ του Σουδάν, προκαλώντας σημαντικό ανθρωπιστικό κόστος.",,,"[""Sudan""]",[],"[""RSF"", ""Tasis"", ""Security and Defense Council"", ""Quintet""]","[""Bara"", ""Addis Ababa"", ""Darfur""]",Humanitarian,0.9
2270,2026-06-08,Syria,North Press Agency,Israel launches airstrikes in Iran after Iranian missile barrage,3,"[MACRO INFO] Το Ισραήλ πραγματοποίησε αεροπορικά πλήγματα στο Ιράν, μετά από ιρανική επίθεση με πυραύλους σε ισραηλινούς στόχους.",,,"[""Israel"", ""Iran""]",[],[],[],Other,0.9
2277,2026-06-08,Syria,Enab Baladi,Lebanese Soldiers Killed in Israeli Strike Despite Truce,3,"[MACRO INFO] Λιβανέζοι στρατιώτες σκοτώθηκαν από ισραηλινή επίθεση στον νότιο Λίβανο, παρά την εκεχειρία.",,,"[""Lebanon"", ""Israel""]",[],[],"[""Southern Lebanon""]",Other,0.9
2289,2026-06-08,Turkiye,Evrensel,"Netanyahu güvenlik kabinesini topluyor: İsrail, İran'la gerilimi masaya yatıracak",3,"[MACRO INFO] Ο Πρωθυπουργός του Ισραήλ συγκάλεσε το συμβούλιο ασφαλείας μετά από αμοιβαίες επιθέσεις με το Ιράν, ενώ ο στρατός προετοιμάζεται για συνέχιση των συγκρούσεων.",,,"[""Israel"", ""Iran""]","[""Netanyahu""]",[],[],Other,0.95
2292,2026-06-08,Egypt,Mada Masr English,"Sudan Nashra: RSF-armed Salamat, Beni Halba locked in deadly ‘tribal war’ | New wave of RSF violence near Bara kills dozens, communities mobilize to defend villages | RSF-led Tasis establishes Security and Defense Council | Quintet’s Addis Ababa meet",3,[MACRO INFO] Θανατηφόρος φυλετικός πόλεμος μεταξύ των φυλών Σαλαμάτ και Μπένι Χάλμπα στο Νότιο Νταρφούρ οδήγησε σε δεκάδες νεκρούς και καταστροφικό ανθρωπιστικό κόστος.,,,"[""Sudan""]",[],"[""RSF"", ""Tasis"", ""Quintet""]","[""Bara"", ""South Darfur"", ""Addis Ababa""]",Humanitarian,0.9
2301,2026-06-08,Cross_Regional,BBC Arabic,إسرائيل تشن غارات جوية على إيران بعد أن أطلقت طهران صواريخ على شمال إسرائيل,3,[MACRO INFO] Το Ισραήλ πραγματοποίησε αεροπορικές επιδρομές στο Ιράν μετά την εκτόξευση πυραύλων από την Τεχεράνη προς το βόρειο Ισραήλ.,,,"[""Israel"", ""Iran""]",[],[],"[""Tehran"", ""Northern Israel""]",Other,0.9
2304,2026-06-08,Cross_Regional,Al Jazeera,Satellite images show destruction of the US-Israel war on Iran,3,"[MACRO INFO] Δορυφορικές εικόνες δείχνουν καταστροφές σε 15 τοποθεσίες, περιλαμβανομένων ιρανικών ναυτικών λιμανιών και αμερικανικών στρατιωτικών βάσεων στον Κόλπο, ως αποτέλεσμα του πολέμου ΗΠΑ-Ισραήλ κατά του Ιράν.",,,"[""US"", ""Israel"", ""Iran""]",[],[],"[""the Gulf""]",Humanitarian,0.95
2305,2026-06-08,Cross_Regional,Al Jazeera,Debris reported in Jordan after Iranian missiles aimed at Israel intercepte,3,"[MACRO INFO] Πύραυλοι που εκτοξεύτηκαν από το Ιράν προς το Ισραήλ αναχαιτίστηκαν πάνω από την Ιορδανία, με αναφορές για συντρίμμια.",,,"[""Jordan"", ""Iran"", ""Israel""]",[],[],"[""Jordan"", ""Iran"", ""Israel""]",Humanitarian,0.9
2307,2026-06-08,Cross_Regional,Middle East Eye,Morning update,3,"[MACRO INFO] Σφοδρή κλιμάκωση μεταξύ Ιράν και Ισραήλ με ανταλλαγή πυραύλων, επιθέσεις εντός του Ιράν και ισραηλινά πλήγματα στα νότια προάστια της Βηρυτού.",,,"[""Iran"", ""Israel"", ""Lebanon""]",[],[],"[""Beirut"", ""Iran""]",Humanitarian,0.9
2308,2026-06-08,Cross_Regional,Middle East Eye,Houthis declare Israeli-linked vessels military targets in Red Sea,3,"[MACRO INFO] Οι Χούθι κήρυξαν πλήρη απαγόρευση της ισραηλινής ναυσιπλοΐας στην Ερυθρά Θάλασσα, χαρακτηρίζοντας κάθε συνδεόμενο με το Ισραήλ πλοίο στρατιωτικό στόχο.",,,"[""Israel""]",[],"[""Houthis""]","[""Red Sea""]",Other,0.9
2312,2026-06-08,Cross_Regional,Al Monitor,Israeli military says it struck targets in western and central Iran,3,"[MACRO INFO] Ισραηλινά πλήγματα έπληξαν στρατιωτικούς στόχους στο Ιράν, μετά από ιρανική εκτόξευση πυραύλων κατά ισραηλινών στόχων ως αντίποινα για επίθεση στα νότια προάστια της Βηρυτού.",,,"[""Israel"", ""Iran"", ""Lebanon""]",[],"[""Israeli military""]","[""western Iran"", ""central Iran"", ""Beirut"", ""southern suburbs of Beirut""]",Other,0.9
2350,2026-06-08,Cross_Regional,Middle East Eye,Hezbollah official says group had no direct contact with Trump,3,[MACRO INFO] Αξιωματούχος της Χεζμπολάχ διαψεύδει άμεση επικοινωνία με τον Ντόναλντ Τραμπ εν μέσω αναφορών για προσπάθειες παύσης πολέμου και απειλών βομβαρδισμών στη Βηρυτό.,,,[],"[""Donald Trump""]","[""Hezbollah""]","[""Beirut""]",Humanitarian,0.9
2351,2026-06-08,Cross_Regional,Middle East Eye,Iranian strikes surprise Israel and raise concern of strategic setback,3,"[MACRO INFO] Ιρανικές επιθέσεις έπληξαν το Ισραήλ, προκαλώντας συναγερμό.",,,"[""Iran"", ""Israel""]",[],[],[],Humanitarian,0.9
2181,2026-06-07,Syria,Enab Baladi,Lebanese Soldiers Killed in Israeli Strike Despite Truce,3,[MACRO INFO] Λιβανέζοι στρατιώτες σκοτώθηκαν από ισραηλινή επίθεση παρά την εκεχειρία.,,,"[""Lebanon"", ""Israel""]",[],[],[],Humanitarian,0.9
2204,2026-06-07,Egypt,Egyptian Streets,Gaza Ceasefire Talks Resume in Cairo,3,[MACRO INFO] Συνεχίζονται οι συνομιλίες για εκεχειρία στη Γάζα στο Κάιρο. Ισραηλινές αεροπορικές επιδρομές σκότωσαν 10 Παλαιστίνιους στις 4 Ιουνίου.,,,"[""Israel"", ""Palestine""]",[],[],"[""Gaza"", ""Cairo""]",Humanitarian,0.9
2208,2026-06-07,Cross_Regional,Al Jazeera,By the numbers: 100 days of the US-Israel war on Iran,3,"[MACRO INFO] Ο πόλεμος ΗΠΑ-Ισραήλ εναντίον του Ιράν συνεχίζεται για 100 ημέρες, με ανθρωπιστικό και οικονομικό κόστος.",,,"[""United States"", ""Israel"", ""Iran""]",[],[],[],Humanitarian,0.9
2209,2026-06-07,Cross_Regional,Al Jazeera,How many times were the US and Iran on the verge of a deal?,3,"[MACRO INFO] Διανύονται εκατό ημέρες «πολέμου» μεταξύ ΗΠΑ-Ισραήλ και Ιράν, με τις προσπάθειες για συμφωνία να αποτυγχάνουν.",,,"[""United States"", ""Iran"", ""Israel""]",[],[],[],Policy Change,0.9
2210,2026-06-07,Cross_Regional,Middle East Eye,Morning update,3,[MACRO INFO] Ισραηλινά πλήγματα σκότωσαν ανώτερο στρατιωτικό προσωπικό του Λιβάνου.,,,"[""Israel"", ""Lebanon""]",[],[],[],Humanitarian,0.9
2214,2026-06-07,Cross_Regional,Middle East Eye,Four Israeli reservists wounded as drone alerts sound near Lebanon border,3,[MACRO INFO] Τέσσερις Ισραηλινοί έφεδροι τραυματίστηκαν από επίθεση drone κοντά στα σύνορα με τον Λίβανο. Οι εχθροπραξίες στην περιοχή έχουν οδηγήσει σε θύματα.,,,"[""Israel"", ""Lebanon""]",[],[],"[""Lebanon border""]",Border Crisis,0.9
2218,2026-06-07,Cross_Regional,Al Monitor,"As OPEC+ meets, Iran war hobbles power to shape oil market",3,"[MACRO INFO] Ο πόλεμος στο Ιράν έχει διπλασιάσει τις τιμές του πετρελαίου, προκαλώντας πληθωριστικές πιέσεις παγκοσμίως.",,,"[""Iran""]",[],"[""OPEC+""]",[],Other,0.9
2219,2026-06-07,Cross_Regional,Al Monitor,"US eyes Iranian assets for Gulf allies' reconstruction, source says",3,[MACRO INFO] Οι ΗΠΑ εξετάζουν την ανακατεύθυνση ιρανικών περιουσιακών στοιχείων σε κράτη του Κόλπου για ανοικοδόμηση ζημιών που προκλήθηκαν από ιρανικές επιθέσεις.,,,"[""United States"", ""Iran""]",[],[],"[""Gulf Region""]",Policy Change,0.9
2237,2026-06-07,Turkiye,Evrensel,İran'dan İsrail'e füze saldırısı: 'Lübnan'a saldırılar durmalı',3,"[MACRO INFO] Το Ιράν πραγματοποίησε επίθεση με πυραύλους στο Ισραήλ, ζητώντας να σταματήσουν οι επιθέσεις του Ισραήλ στον Λίβανο.",,,"[""Iran"", ""Israel"", ""Lebanon""]",[],[],[],Humanitarian,0.9
2254,2026-06-07,Cross_Regional,Al Jazeera,Iran fires missiles at Israel after it attacked Beirut,3,[MACRO INFO] Το Ιράν εκτόξευσε πυραύλους προς το Ισραήλ μετά από επίθεση στη Βηρυτό.,,,"[""Iran"", ""Israel"", ""Lebanon""]",[],[],"[""Beirut""]",Other,0.9
2259,2026-06-07,Cross_Regional,Middle East Eye,Syria shuts southern air space following Iranian missile attack on Israel,3,[MACRO INFO] Η Συρία έκλεισε προσωρινά τον νότιο εναέριο χώρο της και ανέστειλε τις πτήσεις από το Διεθνές Αεροδρόμιο Δαμασκού μετά από ιρανική πυραυλική επίθεση στο Ισραήλ.,,,"[""Syria"", ""Iran"", ""Israel""]",[],[],"[""southern air space"", ""Damascus International Airport"", ""Damascus""]",Policy Change,0.9
2263,2026-06-07,Cross_Regional,Middle East Eye,IRGC says missile attack on Israel was a ‘warning’,3,[MACRO INFO] Το IRGC δήλωσε ότι η πυραυλική επίθεση στο Ισραήλ ήταν «προειδοποίηση» μετά από ισραηλινή επίθεση στη Βηρυτό και απείλησε με ευρύτερη περιφερειακή σύγκρουση.,,,"[""Israel""]",[],"[""IRGC""]","[""Beirut""]",Humanitarian,0.9
2267,2026-06-07,Cross_Regional,Al Monitor,Iran's top negotiator threatens US targets over Lebanon escalation,3,[MACRO INFO] Ο ανώτατος διαπραγματευτής του Ιράν απείλησε αμερικανικούς στόχους λόγω της κλιμάκωσης των ισραηλινών επιθέσεων στον Λίβανο. Οι ισραηλινές επιθέσεις έπληξαν τα νότια προάστια της πρωτεύουσας του Λιβάνου.,,,"[""Iran"", ""US"", ""Lebanon"", ""Israel""]",[],[],"[""Lebanon's capital's southern suburbs""]",Humanitarian,0.9
2144,2026-06-06,Syria,Syria Direct,White earth: Soil salinization threatens farming in Raqqa’s Euphrates river basin,3,"[MACRO INFO] Η αλάτωση του εδάφους αποτελεί αυξανόμενη κρίση στην αγροτική Ράκα, καθιστώντας τα χωράφια ακατάλληλα για καλλιέργεια.",,,[],[],[],"[""Raqqa"", ""Euphrates river basin""]",Humanitarian,0.9
2171,2026-06-06,Cross_Regional,Middle East Eye,Wafa reports settler attacks and Israeli raids across West Bank,3,"[MACRO INFO] Ένοπλοι έποικοι επιτέθηκαν και ισραηλινές δυνάμεις πραγματοποίησαν εφόδους στην κατεχόμενη Δυτική Όχθη. Σημειώθηκαν πυροβολισμοί, με αποτέλεσμα τον θάνατο βρέφους.",,,"[""Israel""]",[],[],"[""West Bank""]",Humanitarian,0.9
2172,2026-06-06,Cross_Regional,Middle East Eye,Video: Israeli forces shoot infant in the occupied West Bank,3,[MACRO INFO] Ισραηλινές δυνάμεις πυροβόλησαν και τραυμάτισαν βρέφος και τους γονείς του στην κατεχόμενη Δυτική Όχθη.,,,"[""Israel""]",[],"[""Israeli forces""]","[""West Bank""]",Humanitarian,0.9
2175,2026-06-06,Cross_Regional,Al Monitor,US attacks Iranian coastal sites after Iran launches drones in latest flare-up,3,[MACRO INFO] Δυνάμεις των ΗΠΑ έπληξαν παράκτιες θέσεις ραντάρ στο Ιράν μετά την εκτόξευση μη επανδρωμένων αεροσκαφών από το Ιράν προς τα Στενά του Ορμούζ.,,,"[""United States"", ""Iran""]",[],[],"[""Strait of Hormuz""]",Other,0.8
2089,2026-06-05,Cross_Regional,Middle East Eye,"Halting resistance is 'Satan's dream of Paradise' to Israel, Hezbollah top leader says",3,[MACRO INFO] Ο Γενικός Γραμματέας της Χεζμπολάχ δηλώνει ότι η ομάδα θα συνεχίσει την αντίσταση κατά των ισραηλινών επιθέσεων και απορρίπτει τον αφοπλισμό.,,,"[""Israel""]",[],"[""Hezbollah""]",[],Humanitarian,0.9
2090,2026-06-05,Cross_Regional,Middle East Eye,Israeli attacks ongoing despite latest ceasefire agreement,3,"[MACRO INFO] Ισραηλινές επιθέσεις συνεχίστηκαν στον Νότιο Λίβανο παρά τη συμφωνία κατάπαυσης του πυρός, πλήττοντας περιοχές κοντά στην Ναμπατίγια και την Τύρο. Αεροπορική επιδρομή κοντά σε νοσοκομείο οδήγησε στον τραυματισμό τουλάχιστον 12 αμάχων.",,,"[""Israel"", ""Lebanon""]",[],[],"[""Southern Lebanon"", ""Nabatieh"", ""Tyre""]",Humanitarian,0.9
2035,2026-06-04,Egypt,Mada Masr English,Israeli forces cross Litani River to south Lebanon’s Zawtar in costly bid to ‘exert pressure’ amid talk of US-Iran truce,3,[MACRO INFO] Ισραηλινές δυνάμεις διέσχισαν τον ποταμό Λιτάνι στον νότιο Λίβανο και αντιμετωπίζουν αντίσταση από τη Χεζμπολάχ.,,,"[""Israel"", ""Lebanon"", ""US"", ""Iran""]",[],"[""Hezbollah""]","[""Litani River"", ""Zawtar"", ""south Lebanon""]",Border Crisis,0.9
2038,2026-06-04,Cross_Regional,BBC Arabic,"إسرائيل ولبنان يتفقان على وقف إطلاق النار مقابل ""وقف هجمات حزب الله""",3,"[MACRO INFO] Ισραήλ και Λίβανος συμφώνησαν σε κατάπαυση του πυρός, που περιλαμβάνει τον τερματισμό των επιθέσεων της Χεζμπολάχ και την απομάκρυνσή της από τον Νότιο Λίβανο. Ο Λιβανικός Στρατός θα ενισχυθεί στον Νότο.",,,"[""Israel"", ""Lebanon""]",[],"[""Hezbollah"", ""Lebanese Army""]","[""Southern Lebanon""]",Border Crisis,0.95
1929,2026-06-03,Lebanon,Daraj,التفاوض تحت النار: إلى متى… وإلى أين؟,3,"[MACRO INFO] Η ισραηλινή αποστολή αρνείται συμφωνία κατάπαυσης του πυρός χωρίς αφοπλισμό της Χεζμπολάχ, εγείροντας κίνδυνο εμφυλίου πολέμου στον Λίβανο.",,,"[""Israel"", ""Lebanon""]",[],"[""Hezbollah""]",[],Humanitarian,0.9
1937,2026-06-03,Turkiye,Turkish Minute,Turkey’s lowest monthly pension buys less than 16 days of food for family of four: study,3,"[MACRO INFO] Η χαμηλότερη μηνιαία σύνταξη στην Τουρκία καλύπτει λιγότερο από 16 ημέρες διατροφής για μια τετραμελή οικογένεια, σύμφωνα με μελέτη.",,,"[""Turkey""]",[],[],[],Economic Migration,0.9
1957,2026-06-03,Cross_Regional,Al Monitor,"Iran drone and missile attack hits Kuwait airport, state news agency says",3,"[MACRO INFO] Ιρανική επίθεση με drone και πυραύλους έπληξε το διεθνές αεροδρόμιο του Κουβέιτ, προκαλώντας τραυματισμούς και ζημιές.",,,"[""Iran"", ""Kuwait""]",[],[],"[""Kuwait International Airport""]",Other,0.9
1826,2026-06-01,Syria,North Press Agency,Israeli army announces control of strategic Beaufort Castle in southern Lebanon,3,[MACRO INFO] Ο ισραηλινός στρατός ανακοίνωσε ότι κατέλαβε το στρατηγικό κάστρο Beaufort στον νότιο Λίβανο.,,,"[""Israel"", ""Lebanon""]",[],"[""Israeli army""]","[""Beaufort Castle"", ""southern Lebanon""]",Border Crisis,0.9
1836,2026-06-01,Lebanon,Daraj,في لبنان… لا هدنة لأجهزتنا العصبية!,3,"[MACRO INFO] Στον Λίβανο, ο πληθυσμός βιώνει μακροχρόνιο πόνο, έλλειψη δικαιοσύνης και λογοδοσίας.",,,"[""Lebanon""]",[],[],[],Humanitarian,0.9
1839,2026-06-01,Lebanon,Daraj,لا شيء يعوّض المنازل المدمّرة,3,"[MACRO INFO] Αυξημένες καταστροφές κατοικιών σημειώνονται στον Νότο εν μέσω σκόνης, φωτιάς και στρατιωτικών επιχειρήσεων.",,,[],[],[],"[""The South""]",Humanitarian,0.9
1852,2026-06-01,Egypt,Egyptian Streets,UN Places Israel on Conflict-Related Sexual Violence Blacklist,3,"[MACRO INFO] Ο ΟΗΕ συμπεριέλαβε το Ισραήλ σε μαύρη λίστα για σεξουαλική βία σχετιζόμενη με συγκρούσεις, σύμφωνα με την ετήσια έκθεση του Γενικού Γραμματέα.",,,"[""Israel""]",[],"[""UN""]",[],Humanitarian,0.9
1857,2026-06-01,Cross_Regional,BBC Arabic,ماذا نعرف عن قلعة الشقيف أرنون التي أعلن الجيش الإسرائيلي السيطرة عليها؟,3,[MACRO INFO] Ο Ισραηλινός στρατός κατέλαβε το κάστρο Shqif Arnoun στον Νότιο Λίβανο.,,,"[""Israel"", ""Lebanon""]",[],[],"[""Shqif Arnoun Castle"", ""Southern Lebanon""]",Other,0.9
1858,2026-06-01,Cross_Regional,Al Jazeera,Israel airstrike kills at least two Palestinians at Gaza port,3,[MACRO INFO] Ισραηλινή αεροπορική επιδρομή σε πολυσύχναστο καφέ στο λιμάνι της Γάζας σκότωσε τουλάχιστον δύο Παλαιστίνιους και τραυμάτισε περίπου δώδεκα.,,,"[""Israel"", ""Palestine""]",[],[],"[""Gaza""]",Humanitarian,0.9
1861,2026-06-01,Cross_Regional,Middle East Eye,US says it struck Iranian military sites in Goruk and Qeshm Island,3,[MACRO INFO] Οι ΗΠΑ πραγματοποίησαν πλήγματα αυτοάμυνας κατά ιρανικών στρατιωτικών στόχων στην πόλη Goruk και στο νησί Qeshm.,,,"[""United States"", ""Iran""]",[],[],"[""Goruk"", ""Qeshm Island""]",Other,0.9
1864,2026-06-01,Cross_Regional,Al Monitor,Israel's Netanyahu ordered military to attack targets in Beirut southern suburbs,3,[MACRO INFO] Ο πρωθυπουργός του Ισραήλ διέταξε τον στρατό να επιτεθεί σε στόχους στα νότια προάστια της Βηρυτού.,,,"[""Israel""]","[""Netanyahu""]",[],"[""Beirut""]",Border Crisis,0.9
1867,2026-06-01,Cross_Regional,Al Monitor,"US pushes Lebanon and Israel on new ceasefire plan, official says",3,[MACRO INFO] Οι ΗΠΑ προωθούν σχέδιο εκεχειρίας μεταξύ Λιβάνου και Ισραήλ. Ο Αμερικανός Υπουργός Εξωτερικών συνομίλησε με τους ηγέτες των δύο χωρών.,,,"[""United States"", ""Lebanon"", ""Israel""]",[],[],[],Policy Change,0.9
1783,2026-05-31,Syria,Enab Baladi,Syrian Energy Ministry Begins Reducing Euphrates Water Flow,3,[MACRO INFO] Το Υπουργείο Ενέργειας της Συρίας άρχισε να μειώνει τη ροή νερού στον ποταμό Ευφράτη.,,,"[""Syria""]",[],"[""Syrian Energy Ministry""]","[""Euphrates River""]",Humanitarian,0.9
1785,2026-05-31,Syria,Syria Direct,White earth: Soil salinization threatens farming in Raqqa’s Euphrates river basin,3,"[MACRO INFO] Η αλάτωση του εδάφους απειλεί τη γεωργία στην λεκάνη του Ευφράτη στη Ράκα, καθιστώντας τα χωράφια ακατάλληλα για καλλιέργεια.",,,"[""Syria""]",[],[],"[""Raqqa"", ""Euphrates river basin""]",Humanitarian,0.9
1792,2026-05-31,Lebanon,Daraj,إسرائيل تفتك بصور والنبطية والجنوب… ونصف الحكومة اللبنانية في إجازة!,3,"[MACRO INFO] Σφοδρές επιθέσεις πλήττουν τις περιοχές Τύρο, Ναμπατίγια και τον Νότο του Λιβάνου. Η μισή κυβέρνηση του Λιβάνου απουσιάζει σε διακοπές εν μέσω του πολέμου.",,,"[""Israel"", ""Lebanon""]",[],[],"[""Tyre"", ""Nabatieh"", ""South Lebanon""]",Border Crisis,0.95
1805,2026-05-31,Egypt,Egyptian Streets,UN Places Israel on Conflict-Related Sexual Violence Blacklist,3,"[MACRO INFO] Ο ΟΗΕ πρόσθεσε το Ισραήλ σε μαύρη λίστα για σεξουαλική βία σχετιζόμενη με συγκρούσεις, αναφέροντας καταγγελίες κατά Ισραηλινών δυνάμεων σε Παλαιστίνιους κρατούμενους.",,,"[""Israel"", ""Palestine""]",[],"[""UN""]",[],Policy Change,0.9
1813,2026-05-31,Cross_Regional,Middle East Eye,Iran moves to seize property of 75 people accused of helping enemies,3,[MACRO INFO] Ιρανικές δικαστικές αρχές διέταξαν τη δήμευση περιουσιών 75 ατόμων που κατηγορούνται για συνεργασία με ξένους εχθρούς.,,,"[""Iran""]",[],[],[],Policy Change,0.9
1741,2026-05-29,Syria,Syria Direct,White earth: Soil salinization threatens farming in Raqqa’s Euphrates river basin,3,"[MACRO INFO] Η αλάτωση του εδάφους απειλεί τη γεωργία στη λεκάνη του ποταμού Ευφράτη στη Ράκα, καθιστώντας τα χωράφια άχρηστα και περιορίζοντας τα μέσα των αγροτών.",,,"[""Syria""]",[],[],"[""Raqqa"", ""Euphrates river basin""]",Humanitarian,0.9
1760,2026-05-29,Cross_Regional,BBC Arabic,نتنياهو يقول إنه وجّه الجيش الإسرائيلي لزيادة السيطرة على غزة إلى 70 في المئة,3,"[MACRO INFO] Ο Πρωθυπουργός του Ισραήλ έδωσε εντολή στον στρατό να αυξήσει τον έλεγχο στη Γάζα στο 70%, ενέργεια που έρχεται σε αντίθεση με τους όρους κατάπαυσης του πυρός.",,,"[""Israel""]","[""Netanyahu""]",[],"[""Gaza""]",Policy Change,0.9
1765,2026-05-29,Cross_Regional,Middle East Eye,Israeli strike in Tyre targets medical centre,3,"[MACRO INFO] Ισραηλινή αεροπορική επιδρομή έπληξε ιατρικό κέντρο στην πόλη Deir Qanoun al-Nahr, στον Τύρο του νοτίου Λιβάνου.",,,"[""Israel"", ""Lebanon""]",[],[],"[""Tyre"", ""Deir Qanoun al-Nahr"", ""Southern Lebanon""]",Humanitarian,0.9
1652,2026-05-28,Syria,North Press Agency,Escalating Israeli operations in southern Syria fuel talk of security deal,3,"[MACRO INFO] Ισραηλινές στρατιωτικές επιχειρήσεις κλιμακώνονται στη νότια Συρία, με βομβαρδισμούς και συλλήψεις κατοίκων.",,,"[""Israel"", ""Syria""]",[],[],"[""southern Syria""]",Humanitarian,0.9
1665,2026-05-28,Lebanon,Daraj,سوريا التي خرجت من الطغيان ولم تدخل إلى الدولة,3,[MACRO INFO] Το κείμενο αναφέρεται στην ανάγκη για διαφάνεια στη διαχείριση κρατικών πόρων και δημόσιων συμβάσεων στη Συρία.,,,"[""Syria""]",[],[],[],Other,0.9
1568,2026-05-27,Syria,Syria Direct,White earth: Soil salinization threatens farming in Raqqa’s Euphrates river basin,3,"[MACRO INFO] Η αλάτωση του εδάφους αποτελεί μια κλιμακούμενη κρίση στην αγροτική Ράκα, καθιστώντας τα χωράφια ακατάλληλα για καλλιέργεια.",,,"[""Syria""]",[],[],"[""Raqqa"", ""Euphrates river basin""]",Humanitarian,0.9
1577,2026-05-27,Turkiye,Evrensel,İsrail'den Lübnan'ın güneyinde 5 beldeye saldırı: 31 kişi hayatını kaybetti,3,"[MACRO INFO] Σφοδροί βομβαρδισμοί έπληξαν 5 κωμοπόλεις στον Νότιο Λίβανο, με 31 νεκρούς και 40 τραυματίες.",,,"[""Israel"", ""Lebanon""]",[],[],"[""Southern Lebanon""]",Humanitarian,0.9
1589,2026-05-27,Cross_Regional,BBC Arabic,"إسرائيل تعلن اغتيال القائد الجديد لـ""كتائب عز الدين القسام"" في غزّة",3,"[MACRO INFO] Το Ισραήλ ανακοίνωσε τη δολοφονία του νέου διοικητή των Ταξιαρχιών Izz ad-Din al-Qassam στη Γάζα, Μοχάμεντ Αουάντ.",,,"[""Israel""]","[""Mohammed Awad""]","[""Izz ad-Din al-Qassam Brigades""]","[""Gaza""]",Humanitarian,0.9
1598,2026-05-27,Cross_Regional,Middle East Eye,Death toll from Israeli hit on residential tower in Gaza City rises to six,3,[MACRO INFO] Ο αριθμός των νεκρών από ισραηλινή επίθεση σε πολυκατοικία στην πόλη της Γάζας ανέβηκε στους έξι.,,,"[""Israel""]",[],[],"[""Gaza City"", ""Gaza Strip""]",Humanitarian,0.95
1604,2026-05-27,Cross_Regional,Al Monitor,Israeli strikes kill 31 in south Lebanon as Israel expands ground operations,3,"[MACRO INFO] Ισραηλινά πλήγματα στον Νότιο Λίβανο σκότωσαν 31 ανθρώπους, καθώς το Ισραήλ επέκτεινε τις χερσαίες επιχειρήσεις του.",,,"[""Israel"", ""Lebanon""]",[],[],"[""South Lebanon""]",Humanitarian,0.9
1640,2026-05-27,Cross_Regional,Middle East Eye,Polish-Palestinian survivors take Israeli leaders to court over Gaza genocide,3,[MACRO INFO] Πολωνοπαλαιστίνιοι επιζώντες μηνύουν Ισραηλινούς ηγέτες για γενοκτονία στη Γάζα.,,,"[""Poland"", ""Palestine"", ""Israel""]",[],[],"[""Gaza""]",Humanitarian,0.9
1488,2026-05-26,Lebanon,Daraj,كيف تسلّل الحزب إلى محيطي وليس إليّ,3,[MACRO INFO] Αυξανόμενη επιβολή θρησκευτικής συμμόρφωσης και φήμες για επιθέσεις με οξύ σε γυναίκες στη Χάρατ Χρέικ του Λιβάνου.,,,"[""Lebanon""]",[],[],"[""Haret Hreik""]",Humanitarian,0.9
1493,2026-05-26,Turkiye,Turkish Minute,Unpaid loans sent to debt collectors jump 68 percent in Turkey in a year,3,[MACRO INFO] Ο αριθμός των ανεξόφλητων δανείων στην Τουρκία που παραδόθηκαν σε εταιρείες είσπραξης αυξήθηκε κατά 68% σε ένα χρόνο.,,,"[""Turkey""]",[],[],[],Economic Migration,0.9
1498,2026-05-26,Egypt,Mada Masr English,"Sudan Nashra: Military moves ahead with allied forces integration, Juba armed movements scramble to secure political guarantees | RSF introduces emergency internal measures across Darfur amid wave of defections | Darfur’s Jebel Marra grapples with di",3,"[MACRO INFO] Στο Σουδάν, ο στρατός προχωρά σε ενσωμάτωση δυνάμεων εν μέσω πολιτικών διεργασιών, ενώ το Νταρφούρ αντιμετωπίζει κρούσματα ασθενειών και αποστασίες.",,,"[""Sudan""]",[],"[""RSF"", ""Military""]","[""Juba"", ""Darfur"", ""Jebel Marra""]",Humanitarian,0.9
1507,2026-05-26,Cross_Regional,Al Jazeera,Iran war day 88: US attacks near Strait of Hormuz; talks under way in Qatar,3,"[MACRO INFO] Οι δυνάμεις των ΗΠΑ πραγματοποίησαν επιθέσεις κοντά στα Στενά του Ορμούζ, ενώ ιρανική αντιπροσωπεία διεξάγει συνομιλίες στο Κατάρ.",,,"[""US"", ""Iran"", ""Qatar""]",[],[],"[""Strait of Hormuz"", ""Qatar""]",Other,0.9
1510,2026-05-26,Cross_Regional,Middle East Eye,Iranian military says targets identified for future conflict,3,[MACRO INFO] Ο ιρανικός στρατός ανακοίνωσε ότι έχει αναγνωρίσει στόχους για μελλοντική σύγκρουση και προειδοποίησε για ευρύτερη αντίδραση σε περίπτωση νέας επίθεσης ή αποκλεισμού εξαγωγών πετρελαίου.,,,"[""Iran""]",[],[],[],Other,0.9
1536,2026-05-26,Turkiye,Evrensel,İsrail’in Lübnan'a yönelik saldırılarını artırma kararı aldığı belirtildi,3,"[MACRO INFO] Η ισραηλινή διοίκηση αποφάσισε να εντείνει και να διευρύνει το εύρος των επιθέσεων κατά του Λιβάνου, παρά την εκεχειρία.",,,"[""Israel"", ""Lebanon""]",[],[],[],Border Crisis,0.9
1554,2026-05-26,Cross_Regional,Middle East Eye,Morning update,3,"[MACRO INFO] Αυξάνονται έντονα οι εντάσεις στον Λίβανο, με το Ισραήλ να απειλεί με ισχυρότερη δράση.",,,"[""Lebanon"", ""Israel""]",[],[],[],Border Crisis,0.9
1468,2026-05-25,Cross_Regional,Middle East Eye,Lebanon: Those who resist Israel are now called internal enemies of the state,3,"[MACRO INFO] Εσωτερικές πολιτικές εντάσεις οξύνονται στον Λίβανο, όπου οι αντιστεκόμενοι στο Ισραήλ χαρακτηρίζονται εχθροί του κράτους.",,,"[""Lebanon"", ""Israel""]",[],[],[],Policy Change,0.9
1350,2026-05-24,Cross_Regional,Middle East Eye,Tehran says armed forces remain on highest alert,3,[MACRO INFO] Οι ένοπλες δυνάμεις του Ιράν παραμένουν σε ύψιστο επίπεδο επιχειρησιακής ετοιμότητας και προειδοποιούν για σφοδρή απάντηση σε οποιαδήποτε νέα επίθεση.,,,"[""Iran""]",[],[],"[""Tehran""]",Other,0.9
1371,2026-05-24,Turkiye,Turkish Minute,"Turkey joins regional call as US, Iran seek to finalize deal to end Middle East war",3,"[MACRO INFO] Τουρκία, ΗΠΑ και Ιράν επιδιώκουν την οριστικοποίηση συμφωνίας για τον τερματισμό του πολέμου στη Μέση Ανατολή.",,,"[""Turkey"", ""US"", ""Iran""]",[],[],"[""Middle East""]",Policy Change,0.9
1432,2026-05-24,Cross_Regional,Al Monitor,Yemen family deprived of aid reduced to eating tree leaves,3,[MACRO INFO] Οικογένειες σε καταυλισμό εκτοπισμένων στην νότια Υεμένη τρέφονται με φύλλα δέντρων λόγω έλλειψης επισιτιστικής βοήθειας.,,,"[""Yemen""]",[],[],"[""southern Yemen""]",Humanitarian,0.9
1433,2026-05-24,Cross_Regional,Al Monitor,Possible Iran-US deal: What we know,3,[MACRO INFO] Οι ΗΠΑ και το Ιράν βρίσκονται κοντά σε συμφωνία για τον τερματισμό μιας σύγκρουσης στη Μέση Ανατολή και το άνοιγμα των Στενών του Ορμούζ.,,,"[""Iran"", ""US""]",[],[],"[""Middle East"", ""Strait of Hormuz""]",Policy Change,0.9
1273,2026-05-22,Syria,North Press Agency,Four children killed in landmine blast in Idlib countryside,3,[MACRO INFO] Τέσσερα παιδιά σκοτώθηκαν από έκρηξη νάρκης στην ύπαιθρο της Ιντλίμπ.,,,"[""Syria""]",[],[],"[""Idlib""]",Humanitarian,0.9
1202,2026-05-21,Lebanon,Daraj,لبنان “الدولة” و”الساحة”: بين ضرورة التسوية واستحالتها,3,[MACRO INFO] Η έναρξη σοβαρών διαπραγματεύσεων ή ειρηνευτικής διαδικασίας προϋποθέτει πλήρη αποχώρηση των ισραηλινών δυνάμεων από τα κατεχόμενα εδάφη του Λιβάνου.,,,"[""Lebanon"", ""Israel""]",[],[],"[""occupied territories of Lebanon""]",Border Crisis,0.9
1219,2026-05-21,Cross_Regional,Middle East Eye,Israel launches attacks in southern Lebanon early on Thursday,3,[MACRO INFO] Ισραηλινές επιθέσεις πλήττουν τη νότια πόλη Khiam και την περιοχή της Τύρου στον Λίβανο.,,,"[""Israel"", ""Lebanon""]",[],[],"[""Khiam"", ""Tyre"", ""Southern Lebanon""]",Humanitarian,0.9
1247,2026-05-21,Turkiye,Evrensel,İsrail televizyonundan müzakere iddiası: Yakın çalışma ekibi Trump'a anlaşma için baskı yapıyor,3,[MACRO INFO] Ισραηλινά μέσα ενημέρωσης μεταδίδουν την πρόθεση του Ισραήλ να εξαπολύσει επίθεση.,,,"[""Israel""]","[""Trump""]",[],[],Policy Change,0.9
1170,2026-05-20,Egypt,Mada Masr English,Sudan Nashra: Ethiopia revokes Sudanese ambassador-designate’s credentials | Juba asks Cairo to evacuate military base near Ethiopian border as preemptive move | Another Mahamid field commander defects from RSF | RSF aid coordination authority orders,3,"[MACRO INFO] Η Αιθιοπία ανακάλεσε τα διαπιστευτήρια του Σουδανού πρέσβη και η Νότια Σουδάν ζήτησε από την Αίγυπτο να εκκενώσει στρατιωτική βάση, εν μέσω κλιμακούμενων περιφερειακών εντάσεων γύρω από τον πόλεμο στο Σουδάν.",,,"[""Sudan"", ""Ethiopia"", ""South Sudan"", ""Egypt""]",[],"[""RSF""]","[""Juba"", ""Cairo"", ""Ethiopian border""]",Policy Change,0.9
1182,2026-05-20,Cross_Regional,Middle East Eye,Morning update,3,[MACRO INFO] Ισραηλινές επιθέσεις στον νότιο Λίβανο σκότωσαν τουλάχιστον εννέα ανθρώπους.,,,"[""Israel"", ""Lebanon""]",[],[],"[""southern Lebanon""]",Humanitarian,0.95
1185,2026-05-20,Cross_Regional,Al Monitor,Shot for throwing stones: Israeli forces killing West Bank teens weekly,3,"[MACRO INFO] Ισραηλινές δυνάμεις σκοτώνουν Παλαιστίνιους ανηλίκους στην Δυτική Όχθη σε εβδομαδιαία βάση, στο πλαίσιο μεγάλης στρατιωτικής επιχείρησης.",,,"[""Israel"", ""Palestine""]",[],[],"[""West Bank""]",Humanitarian,0.9
1186,2026-05-20,Cross_Regional,Al Monitor,Iran 'very confident' about World Cup protocols: federation vice-president,3,"[MACRO INFO] Οι ΗΠΑ ξεκίνησαν βομβαρδισμούς κατά του Ιράν στις 28 Φεβρουαρίου μαζί με το Ισραήλ, πυροδοτώντας έναν ευρύτερο πόλεμο στη Μέση Ανατολή.",,,"[""Iran"", ""USA"", ""Israel""]",[],[],"[""Middle East""]",Humanitarian,0.9
1073,2026-05-19,Syria,Enab Baladi,"EU Lifts Sanctions on Syrian Defense, Interior Ministries",3,"[MACRO INFO] Το Συμβούλιο της Ευρωπαϊκής Ένωσης ήρε κυρώσεις από επτά συριακές οντότητες, συμπεριλαμβανομένων των Υπουργείων Άμυνας και Εσωτερικών.",,,"[""Syria""]",[],"[""European Union"", ""Syrian Defense Ministry"", ""Syrian Interior Ministry""]",[],Policy Change,0.9
1091,2026-05-19,Turkiye,Turkish Minute,"Turkey’s food prices up nearly 733 percent since 2021, economist says",3,[MACRO INFO] Οι τιμές των τροφίμων στην Τουρκία αυξήθηκαν κατά σχεδόν 733% από τον Σεπτέμβριο του 2021.,,,"[""Turkey""]",[],[],[],Economic Migration,0.9
1031,2026-05-18,Syria,Enab Baladi,"Longtime Suffering, “Sharp” Drop in Support, Quneitra Pays Twice for Landmines",3,"[MACRO INFO] Ο πληθυσμός της περιοχής Κουνέιτρα στη Συρία αντιμετωπίζει μακροχρόνια δεινά, νάρκες ξηράς και σημαντική μείωση στήριξης.",,,"[""Syria""]",[],[],"[""Quneitra""]",Humanitarian,0.9
1058,2026-05-18,Cross_Regional,BBC Arabic,"ترامب يهدد: ""لن يبقى شيء"" من إيران في حال عدم الوصول إلى اتفاق، لكن ما هي شروط البلدين؟",3,[MACRO INFO] Ο Πρόεδρος Τραμπ απείλησε το Ιράν ότι «τίποτα δεν θα απομείνει» σε περίπτωση μη επίτευξης συμφωνίας.,,,"[""Iran""]","[""Trump""]",[],[],Policy Change,0.9
1059,2026-05-18,Cross_Regional,Al Jazeera,Iran war day 80: Trump issues warning; Tehran ready to confront aggression,3,[MACRO INFO] Συνεχίζονται οι ισραηλινές επιθέσεις στον Λίβανο και ελλοχεύει ο φόβος ανανεωμένων αμερικανικών επιθέσεων στο Ιράν.,,,"[""Iran"", ""USA"", ""Israel"", ""Lebanon""]","[""Trump""]",[],"[""Tehran"", ""Lebanon"", ""Iran""]",Humanitarian,0.9
1062,2026-05-18,Cross_Regional,Middle East Eye,Morning update,3,"[MACRO INFO] Αυξάνονται οι εντάσεις στη Δυτική Ασία με επιθέσεις drones στη Σαουδική Αραβία και τα ΗΑΕ, ενώ αναφέρονται προετοιμασίες για πιθανά πλήγματα στο Ιράν. Η βία συνεχίζεται στον Λίβανο και τη Γάζα.",,,"[""Saudi Arabia"", ""UAE"", ""Iran"", ""Lebanon""]",[],[],"[""Western Asia"", ""Gaza""]",Humanitarian,0.9
1067,2026-05-18,Cross_Regional,Al Monitor,'Staggering' Iran toll drives up global executions: Amnesty,3,"[MACRO INFO] Το Ιράν πραγματοποίησε πάνω από 2.150 εκτελέσεις πέρυσι, αριθμός που αποτελεί τη μεγαλύτερη καταγεγραμμένη αύξηση παγκοσμίως από το 1981.",,,"[""Iran""]",[],"[""Amnesty""]",[],Humanitarian,0.9
901,2026-05-17,Syria,Syria Direct,Suwayda’s students caught up in the struggle with Damascus,3,"[MACRO INFO] Το ζήτημα της μη αναγνώρισης πτυχίων χιλιάδων φοιτητών στη Σουέιντα της Συρίας, λόγω διαμάχης με τη Δαμασκό, δημιουργεί εσωτερική αστάθεια και έλλειψη προοπτικών για τους νέους.",,,"[""Syria""]",[],[],"[""Suwayda"", ""Damascus""]",Policy Change,0.9
913,2026-05-17,Turkiye,Turkish Minute,95 percent of İstanbul residents worried after school shootings: survey,3,"[MACRO INFO] Η είδηση αναφέρει ευρεία ανησυχία (95% στην Κωνσταντινούπολη) μετά από σχολικούς πυροβολισμούς στην Τουρκία, υποδεικνύοντας εσωτερική αστάθεια στην δημόσια ασφάλεια.",,,"[""Turkey""]",[],[],"[""İstanbul""]",Humanitarian,0.9
918,2026-05-17,Egypt,Mada Masr English,Sudan Nashra: Ethiopia revokes Sudanese ambassador-designate’s credentials | Juba asks Cairo to evacuate military base near Ethiopian border as preemptive move | Another Mahamid field commander defects from RSF | RSF aid coordination authority orders,3,"[MACRO INFO] Η είδηση αναφέρεται στην κλιμάκωση της σύγκρουσης στο Σουδάν και τις διπλωματικές εντάσεις μεταξύ Σουδάν και Αιθιοπίας, υπογραμμίζοντας γενική αστάθεια στην ευρύτερη περιοχή της Ανατολικής Αφρικής. Δεν περιέχει άμεσες αναφορές σε μεταναστευτικές ροές ή σε περιοχές σχετικές με την Ανατολική Μεσόγειο.",,,"[""Sudan"", ""Ethiopia"", ""Egypt"", ""South Sudan""]",[],"[""RSF""]","[""Juba"", ""Cairo"", ""East Africa""]",Humanitarian,0.9
922,2026-05-17,Egypt,Mada Masr English,Sources: Govt considers ending in-kind bread subsidy in coming fiscal year,3,"[MACRO INFO] Η αιγυπτιακή κυβέρνηση εξετάζει την κατάργηση της επιδότησης ψωμιού σε είδος, μετατρέποντάς την σε χρηματική ενίσχυση, κάτι που ενδέχεται να εκθέσει εκατομμύρια πολίτες στον πληθωρισμό και να δημιουργήσει κοινωνική αστάθεια.",,,"[""Egypt""]",[],[],[],Policy Change,0.9
935,2026-05-17,Cross_Regional,Middle East Eye,US exemption on Russian oil expires amid rising energy prices,3,"[MACRO INFO] Η λήξη της εξαίρεσης των ΗΠΑ για το ρωσικό πετρέλαιο και η άνοδος των τιμών ενέργειας λόγω του πολέμου που εμπλέκει το Ιράν, αποτελούν παράγοντες μακροοικονομικής αστάθειας.",,,"[""US"", ""Russia"", ""Iran""]",[],[],[],Economic Migration,0.9
977,2026-05-17,Cross_Regional,Middle East Eye,Hezbollah reports rocket attack on Israeli troops near Hadatha,3,[MACRO INFO] Η Χεζμπολάχ ανέφερε πυραυλική επίθεση εναντίον ισραηλινών στρατευμάτων και οχημάτων κοντά στην Χαντάθα του Νότιου Λιβάνου. Μαχητές της πυροδότησαν εκρηκτικούς μηχανισμούς εναντίον ισραηλινών στρατιωτικών μπουλντόζων στην περιοχή.,,,[],[],[],[],Other,0.0
794,2026-05-14,Syria,Syria Direct,Suwayda’s students caught up in the struggle with Damascus,3,"[MACRO INFO] Η πολιτική αστάθεια στη Συρία και η διαμάχη με τη Δαμασκό δημιουργούν προβλήματα στην αναγνώριση των πτυχίων των φοιτητών της Suwayda, εγείροντας ανησυχίες για το μέλλον τους.",,,"[""Syria""]",[],[],"[""Suwayda"", ""Damascus""]",Policy Change,0.9
809,2026-05-14,Egypt,Mada Masr English,Sources: Govt considers ending in-kind bread subsidy in coming fiscal year,3,"[MACRO INFO] Η κυβέρνηση της Αιγύπτου εξετάζει την κατάργηση της επιδότησης ψωμιού σε είδος, μέτρο που αφορά εκατομμύρια πολίτες και μπορεί να οδηγήσει σε αυξημένη οικονομική αστάθεια λόγω του πληθωρισμού.",,,"[""Egypt""]",[],"[""Government of Egypt""]",[],Policy Change,0.9
813,2026-05-14,Egypt,Egyptian Streets,Iran Condemns Egypt’s Fighter Jets Deployment in UAE as “Foreign Forces Presence”,3,"[MACRO INFO] Η είδηση αναφέρεται στην ένταση μεταξύ Ιράν και κρατών του Κόλπου λόγω της ανάπτυξης αιγυπτιακών μαχητικών αεροσκαφών στα ΗΑΕ, δημιουργώντας ανησυχίες για την περιφερειακή ασφάλεια.",,,"[""Iran"", ""Egypt"", ""UAE""]",[],[],"[""Gulf""]",Other,0.9
819,2026-05-14,Cross_Regional,BBC Arabic,المرضى في سوريا في مواجهة نقص العلاج وتدهور خدمات القطاع الصحي,3,"[MACRO INFO] Η κατάρρευση των υπηρεσιών υγείας και η έλλειψη φαρμάκων στη Συρία δημιουργούν σοβαρή ανθρωπιστική κρίση, παράγοντα γενικής αστάθειας.",,,"[""Syria""]",[],[],[],Humanitarian,0.95
826,2026-05-14,Cross_Regional,Middle East Eye,"Israel's Prison Service expanded solitary confinement of Palestinians, report says",3,[MACRO INFO] Η επέκταση της απομόνωσης και οι καταγγελίες για σεξουαλικά βασανιστήρια Παλαιστινίων κρατουμένων από τις ισραηλινές φυλακές επιδεινώνουν την αστάθεια στην περιοχή.,,,"[""Israel"", ""Palestine""]",[],"[""Israel's Prison Service""]",[],Policy Change,0.9
831,2026-05-14,Cross_Regional,Al Monitor,Iran war overshadows Trump's China visit as peace talks stall,3,"[MACRO INFO] Η είδηση αναφέρεται στον πόλεμο ΗΠΑ-Ισραήλ με το Ιράν και τις σταματημένες ειρηνευτικές συνομιλίες, γεγονός που υποδηλώνει γενική περιφερειακή αστάθεια και αυξανόμενο οικονομικό κόστος.",,,"[""Iran"", ""USA"", ""Israel"", ""China""]","[""Trump""]",[],[],Humanitarian,0.9
878,2026-05-14,Cross_Regional,Middle East Eye,Israeli attack injures three people in Lebanon’s Kfer Melki,3,"[MACRO INFO] Ισραηλινή επίθεση τραυμάτισε τρία άτομα στον νότιο Λίβανο, αυξάνοντας την περιφερειακή αστάθεια, γεγονός που θα μπορούσε να επηρεάσει τις μελλοντικές μεταναστευτικές πιέσεις.",,,"[""Israel"", ""Lebanon""]",[],[],"[""Kfer Melki"", ""Southern Lebanon""]",Humanitarian,0.9
879,2026-05-14,Cross_Regional,Middle East Eye,Israel closes Al-Aqsa for Muslims amid mass settler raids and ‘Flag March’,3,"[MACRO INFO] Η ένταση στην Ιερουσαλήμ με το κλείσιμο του Αλ-Άκσα και τις επιδρομές εποίκων αυξάνει τη γενική αστάθεια στην περιοχή, δημιουργώντας κίνδυνο περαιτέρω συγκρούσεων και δυνητικών μετακινήσεων πληθυσμών.",,,"[""Israel""]",[],[],"[""Jerusalem"", ""Al-Aqsa""]",Humanitarian,0.95
880,2026-05-14,Cross_Regional,Middle East Eye,"Israel increasing use of solitary confinement for Palestinians, including for minors",3,"[MACRO INFO] Η είδηση αναφέρει τη σημαντική αύξηση της χρήσης απομόνωσης για Παλαιστινίους, συμπεριλαμβανομένων ανηλίκων, στις φυλακές του Ισραήλ, γεγονός που αντικατοπτρίζει την επιδείνωση των ανθρωπίνων δικαιωμάτων και την αστάθεια στην περιοχή.",,,"[""Israel""]","[""Palestinians""]",[],[],Humanitarian,0.9
885,2026-05-14,Cross_Regional,Al Monitor,"Lebanon to press Israel to cease fire at Washington talks, Lebanese official says",3,"[MACRO INFO] Συνεχίζονται οι εχθροπραξίες μεταξύ Ισραήλ και Χεζμπολάχ στον Λίβανο, παρά τις προσπάθειες για κατάπαυση του πυρός. Αυτή η αστάθεια στην περιοχή μπορεί να αποτελέσει παράγοντα κινδύνου για μελλοντικές μεταναστευτικές ροές.",,,"[""Lebanon"", ""Israel""]",[],"[""Hezbollah""]","[""Washington""]",Humanitarian,0.9
759,2026-05-12,Egypt,Mada Masr English,Sudan Nashra: Khartoum escalates against Ethiopia after RSF strikes traced to its territories | 15 killed in drone strike on home of military-allied commander | RSF buildup in Sudan-Libya-Egypt border triangle as military looks to open new route towa,3,"[MACRO INFO] Κλιμακούμενη στρατιωτική σύγκρουση και αστάθεια στο Σουδάν, με βομβαρδισμούς στην πρωτεύουσα και συγκέντρωση δυνάμεων στο κρίσιμο συνοριακό τρίγωνο Σουδάν-Λιβύης-Αιγύπτου, δημιουργώντας συνθήκες που δύνανται να οδηγήσουν σε μελλοντικές μεταναστευτικές ροές.",,,"[""Sudan"", ""Ethiopia"", ""Libya"", ""Egypt""]",[],"[""RSF""]","[""Khartoum"", ""Sudan-Libya-Egypt border triangle""]",Humanitarian,0.9
769,2026-05-12,Cross_Regional,Al Jazeera,Iran war: What’s happening on day 74 as Tehran says ready for ‘aggression’,3,"[MACRO INFO] Υψηλές εντάσεις μεταξύ ΗΠΑ και Ιράν, με την Τεχεράνη να δηλώνει έτοιμη για «επιθετικότητα», εντείνοντας την περιφερειακή αστάθεια.",,,"[""Iran"", ""United States""]",[],[],"[""Tehran""]",Humanitarian,0.9
774,2026-05-12,Cross_Regional,Middle East Eye,"Trade disputes, Taiwan and Iran war: Can US and China reach a consensus?",3,"[MACRO INFO] Η είδηση αναφέρεται σε γεωπολιτικές εντάσεις μεταξύ ΗΠΑ και Κίνας και την πιθανότητα πολέμου στο Ιράν, παράγοντες που συνιστούν μακροοικονομική αστάθεια με δυνατότητα να επηρεάσουν μελλοντικά τις μεταναστευτικές ροές στην Ανατολική Μεσόγειο.",,,"[""US"", ""China"", ""Taiwan"", ""Iran""]",[],[],"[""Eastern Mediterranean""]",Refugee Flow,0.9
775,2026-05-12,Cross_Regional,Middle East Eye,"Report says UAE carried out secret strikes on Iran, hit refinery on Lavan Island",3,"[MACRO INFO] Αναφορές για μυστικά πλήγματα των ΗΑΕ κατά του Ιράν και αντίποινα, υποδεικνύοντας κλιμάκωση της περιφερειακής αστάθειας στον Κόλπο.",,,"[""United Arab Emirates"", ""Iran""]",[],[],"[""Lavan Island"", ""Gulf""]",Other,0.9
619,2026-05-11,Cross_Regional,Al Monitor,"Iran war 'not over,' uranium must be removed: Netanyahu",3,"[MACRO INFO] Ο Ισραηλινός πρωθυπουργός δηλώνει ότι ο ""πόλεμος"" κατά του Ιράν δεν έχει τελειώσει και απαιτεί την αφαίρεση εμπλουτισμένου ουρανίου, σηματοδοτώντας κλιμάκωση περιφερειακής έντασης και κίνδυνο γενικής αστάθειας.",,,"[""Iran"", ""Israel""]","[""Netanyahu""]",[],[],Other,0.9
627,2026-05-11,Syria,Enab Baladi,"Fuel Hike Called Industrial Suicide, Budget Stopgap",3,[MACRO INFO] Αύξηση στις τιμές των καυσίμων στη Συρία προκαλεί σοβαρό οικονομικό σοκ και αστάθεια στη χώρα.,,,"[""Syria""]",[],[],[],Economic Migration,0.9
634,2026-05-11,Lebanon,Daraj,عن “السبي الجاهلي”: ما أرى لك عقلاً يا عروة بن الورد!,3,"[MACRO INFO] Το κείμενο περιγράφει την τρέχουσα κατάσταση στη Συρία ως περίοδο ταπείνωσης, έλλειψης δικαστικού νόμου και διάκρισης, υποδηλώνοντας γενική αστάθεια και καταπίεση.",,,"[""Syria""]","[""Urwah ibn al-Ward""]",[],[],Humanitarian,0.9
722,2026-05-11,Cross_Regional,Middle East Eye,Morning update,3,"[MACRO INFO] Η κλιμάκωση της έντασης μεταξύ ΗΠΑ και Ιράν, μαζί με τις εντεινόμενες ισραηλινές επιθέσεις στον Λίβανο, προκαλεί γενική αστάθεια στην περιοχή.",,,"[""USA"", ""Iran"", ""Israel"", ""Lebanon""]",[],[],[],Humanitarian,0.9
569,2026-05-09,Syria,North Press Agency,Landmine blast injures two people in northern Aleppo,3,"[MACRO INFO] Έκρηξη νάρκης στη βόρεια Συρία τραυμάτισε δύο άτομα, αναδεικνύοντας τη συνεχιζόμενη αστάθεια στην περιοχή της Αλεπού.",,,"[""Syria""]",[],[],"[""Aleppo""]",Humanitarian,0.9
584,2026-05-09,Lebanon,Daraj,غزة واليتم المعكوس,3,"[MACRO INFO] Η είδηση περιγράφει τις κοινωνικές και ψυχολογικές επιπτώσεις της συνεχούς απώλειας στη Γάζα, αναδεικνύοντας την ευρύτερη αστάθεια στην περιοχή.",,,[],[],[],"[""Gaza""]",Humanitarian,0.9
475,2026-05-07,Syria,Syria Direct,Suwayda’s students caught up in the struggle with Damascus,3,"[MACRO INFO] Η είδηση αφορά την αντιπαράθεση μεταξύ της περιοχής Suwayda και της Δαμασκού σχετικά με την αναγνώριση εκπαιδευτικών τίτλων, γεγονός που επηρεάζει χιλιάδες φοιτητές και υποδηλώνει εσωτερική πολιτική αστάθεια στη Συρία.",,,"[""Syria""]",[],[],"[""Suwayda"", ""Damascus""]",Policy Change,0.9
492,2026-05-07,Egypt,Mada Masr English,Israel attacks villages north of Litani to ease pressure on troops occupying crucial axis,3,"[MACRO INFO] Ισραηλινές επιθέσεις εντείνονται σε χωριά του νοτίου Λιβάνου, βόρεια του ποταμού Λιτάνι, ως απάντηση σε πυρά της Χεζμπολάχ. Η κλιμάκωση αυτή δημιουργεί αστάθεια στην περιοχή.",,,"[""Israel"", ""Lebanon""]",[],"[""Hezbollah""]","[""Litani River"", ""Southern Lebanon""]",Border Crisis,0.9
550,2026-05-07,Cross_Regional,BBC Arabic,هل تضع حرب إيران نهاية لعقود من التحالف الخليجي-الأمريكي؟,3,"[MACRO INFO] Η είδηση αφορά την πιθανότητα πολέμου με το Ιράν και τις επιπτώσεις του στις συμμαχίες ασφαλείας του Κόλπου, υποδηλώνοντας γενική αστάθεια στην ευρύτερη περιοχή χωρίς άμεση αναφορά σε μεταναστευτικές ροές.",,,"[""Iran"", ""United States""]",[],[],"[""The Gulf""]",Humanitarian,0.9
555,2026-05-07,Cross_Regional,Al Jazeera,"Aid cuts, drought and conflict leave Somalis desperate",3,"[MACRO INFO] Σοβαρή ανθρωπιστική κρίση στη Σομαλία με εκτοπισμένους πληθυσμούς λόγω ξηρασίας, συγκρούσεων και έλλειψης βοήθειας, δημιουργεί μακροπρόθεσμες μεταναστευτικές πιέσεις.",,,"[""Somalia""]",[],[],[],Humanitarian,0.9
419,2026-05-06,Syria,North Press Agency,Syria says It foiled Hezbollah-linked plot targeting officials,3,"[MACRO INFO] Η Συρία ανακοίνωσε ότι απέτρεψε συνωμοσία συνδεδεμένη με τη Χεζμπολάχ που στόχευε κυβερνητικούς αξιωματούχους, γεγονός που υποδηλώνει συνεχιζόμενη εσωτερική αστάθεια στη χώρα.",,,"[""Syria""]",[],"[""Hezbollah""]",[],Humanitarian,0.9
433,2026-05-06,Lebanon,Daraj,لبنان وسياسته الخارجية: تبديد المجتمع باسم الراديكالية,3,"[MACRO INFO] Η είδηση αναλύει την εξωτερική πολιτική του Λιβάνου και τις αρνητικές επιπτώσεις του πολιτικού ριζοσπαστισμού στην κοινωνία, υποδεικνύοντας γενική πολιτική αστάθεια.",,,"[""Lebanon""]",[],[],[],Policy Change,0.9
445,2026-05-06,Egypt,Mada Masr English,"From debt we came, to debt we shall return: New borrowing makes up half of resources in govt’s draft budget",3,"[MACRO INFO] Η Αίγυπτος αντιμετωπίζει έντονη οικονομική αστάθεια με το ήμισυ των πόρων του προϋπολογισμού να προέρχεται από νέο δανεισμό, παράγοντας που μακροπρόθεσμα μπορεί να οδηγήσει σε μεταναστευτικές ροές.",,,"[""Egypt""]",[],[],[],Economic Migration,0.9
452,2026-05-06,Cross_Regional,BBC Arabic,"مع عودة النازحين إلى الخرطوم خشية من المسيّرات و""الانتشار العسكري""",3,"[MACRO INFO] Η είδηση αναφέρεται σε εσωτερικούς εκτοπισμούς στο Σουδάν λόγω συγκρούσεων και στην κλιμάκωση των διπλωματικών εντάσεων μεταξύ Σουδάν και Αιθιοπίας. Αυτό σηματοδοτεί συνεχιζόμενη αστάθεια στην περιοχή, η οποία μπορεί να συμβάλει σε ευρύτερες μεταναστευτικές ροές προς την Ευρώπη, αν και έμμεσα προς την Κύπρο.",,,"[""Sudan"", ""Ethiopia"", ""Europe"", ""Cyprus""]",[],[],"[""Khartoum""]",Humanitarian,0.9
454,2026-05-06,Cross_Regional,Al Jazeera,‘A stress test’: US-Germany rift widens as Iran war drags on,3,"[MACRO INFO] Ο συνεχιζόμενος πόλεμος στο Ιράν και το διευρυνόμενο ρήγμα ΗΠΑ-Γερμανίας προκαλούν γενική αστάθεια στην περιοχή, χωρίς άμεση αναφορά σε πρόσφυγες ή μετανάστες.",,,"[""US"", ""Germany"", ""Iran""]",[],[],[],Other,0.9
461,2026-05-06,Cross_Regional,Al Monitor,"US pauses guiding ships through Hormuz, cites Iran deal hopes",3,[MACRO INFO] Η παύση στρατιωτικών επιχειρήσεων στον πορθμό του Ορμούζ εν μέσω αναφορών για «πόλεμο με το Ιράν» και συνέχιση των ναυτικών αποκλεισμών δημιουργεί ευρεία αστάθεια με οικονομικές επιπτώσεις.,,,"[""US"", ""Iran""]",[],[],"[""Strait of Hormuz""]",Policy Change,0.9
462,2026-05-06,Cross_Regional,Al Monitor,"US and Iran closing in on one-page memo to end war, Axios reports",3,"[MACRO INFO] Οι ΗΠΑ και το Ιράν φέρονται να πλησιάζουν σε συμφωνία για τερματισμό της διαμάχης τους και ένα πλαίσιο πυρηνικών διαπραγματεύσεων, εξέλιξη που μπορεί να επηρεάσει τη γεωπολιτική σταθερότητα στην περιοχή.",,,"[""US"", ""Iran""]",[],[],[],Other,0.9
464,2026-05-06,Cross_Regional,Al Monitor,Iran foreign minister meets Chinese counterpart a week before Trump's Beijing trip,3,"[MACRO INFO] Ο Υπουργός Εξωτερικών του Ιράν συναντήθηκε με τον Κινέζο ομόλογό του, με την επίσκεψη να έρχεται μετά από μια περίοδο που χαρακτηρίστηκε από τις επιπτώσεις ενός «πολέμου ΗΠΑ-Ισραήλ στο Ιράν» και σοβαρές διαταραχές στην παγκόσμια προσφορά πετρελαίου.",,,"[""Iran"", ""China"", ""USA"", ""Israel""]","[""Trump""]",[],"[""Beijing""]",Other,0.9
371,2026-05-05,Syria,Enab Baladi,"Syria, Jordan Launch Anti-Drug Campaign From Damascus to Suwayda",3,"[MACRO INFO] Συρία και Ιορδανία ξεκινούν εκστρατεία κατά των ναρκωτικών, αναδεικνύοντας τη γενική αστάθεια και το πρόβλημα του παράνομου εμπορίου στην περιοχή.",,,"[""Syria"", ""Jordan""]",[],[],"[""Damascus"", ""Suwayda""]",Border Crisis,0.9
398,2026-05-05,Egypt,Egyptian Streets,Egypt Raises Natural Gas Prices for Energy-Intensive Industries Starting May,3,"[MACRO INFO] Η Αίγυπτος αύξησε τις τιμές φυσικού αερίου για βιομηχανίες, μια οικονομική ενέργεια που μπορεί να συμβάλει σε μακροπρόθεσμη οικονομική αστάθεια στην περιοχή.",,,"[""Egypt""]",[],[],[],Economic Migration,0.9
402,2026-05-05,Cross_Regional,BBC Arabic,"ترامب:  إيران ""ستُمحى من على وجه الأرض"" إذا هاجمت السفن الأمريكية",3,"[MACRO INFO] Υψηλές εντάσεις μεταξύ ΗΠΑ και Ιράν στον Περσικό Κόλπο, με απειλές για στρατιωτική σύγκρουση, δημιουργώντας περιφερειακή αστάθεια.",,,"[""USA"", ""Iran""]","[""Trump""]",[],"[""Persian Gulf""]",Humanitarian,0.9
272,2026-05-04,Lebanon,Daraj,كثرة الافتراضات تقتل الحقيقة,3,"[MACRO INFO] Το κείμενο περιγράφει τη γενική πολιτική και θεσμική αστάθεια στον Λίβανο, αναφέροντας αποτυχημένες πολιτικές και την ανάγκη για λειτουργικούς θεσμούς και ισχυρές διεθνείς σχέσεις.",,,"[""Lebanon""]",[],[],[],Policy Change,0.9
287,2026-05-04,Egypt,Mada Masr English,"From debt we came, to debt we shall return: New borrowing makes up half of resources in govt’s draft budget",3,"[MACRO INFO] Η είδηση αναφέρεται στην εξάρτηση του προϋπολογισμού της Αιγύπτου από νέο δανεισμό και τις ανησυχίες για το εθνικό χρέος, υποδεικνύοντας σοβαρή οικονομική αστάθεια στη χώρα.",,,"[""Egypt""]",[],[],[],Economic Migration,0.9
295,2026-05-04,Cross_Regional,Al Jazeera,Japan PM says Iran war oil crisis having ‘enormous impact’ in Asia Pacific,3,"[MACRO INFO] Η αναφορά για πετρελαϊκή κρίση λόγω πολέμου στο Ιράν υποδηλώνει γεωπολιτική και οικονομική αστάθεια, η οποία, αν και με αναφερόμενο αντίκτυπο στην Ασία-Ειρηνικό, δύναται να έχει έμμεσες επιπτώσεις στην ευρύτερη περιοχή και τις αιτίες μετανάστευσης.",,,"[""Japan"", ""Iran""]",[],[],"[""Asia Pacific""]",Economic Migration,0.9
307,2026-05-04,Cross_Regional,Al Monitor,Trump says US to help ships stranded in Strait of Hormuz as tanker hit by projectiles,3,"[MACRO INFO] Ένα τάνκερ χτυπήθηκε στα Στενά του Ορμούζ εν μέσω αναφορών του Τραμπ για ""πόλεμο ΗΠΑ-Ισραήλ με το Ιράν"", σηματοδοτώντας γενική αστάθεια στην ευρύτερη περιοχή.",,,"[""US"", ""Israel"", ""Iran""]","[""Trump""]",[],"[""Strait of Hormuz""]",Humanitarian,0.9
358,2026-05-04,Cross_Regional,Al Monitor,Iran warns will attack US forces in Hormuz after Trump announces escort plan,3,"[MACRO INFO] Η κλιμάκωση της έντασης μεταξύ Ιράν και ΗΠΑ στον Πορθμό του Ορμούζ, με απειλές για στρατιωτική εμπλοκή, αποτελεί παράγοντα γενικής περιφερειακής αστάθειας. Η κατάσταση δεν αφορά άμεσα μεταναστευτικές ροές, αλλά δύναται να επηρεάσει μακροπρόθεσμα τη σταθερότητα στην ευρύτερη Μέση Ανατολή.",,,"[""Iran"", ""United States""]","[""Trump""]",[],"[""Strait of Hormuz"", ""Middle East""]",Other,0.9
212,2026-05-03,Syria,Enab Baladi,"Thousands of Multiple Sclerosis Patients Face Drug Gap, Rising Costs",3,"[MACRO INFO] Χιλιάδες ασθενείς με σκλήρυνση κατά πλάκας στη δυτική Συρία αντιμετωπίζουν έλλειψη φαρμάκων και αυξημένο κόστος, σηματοδοτώντας επιδείνωση των συνθηκών διαβίωσης και γενική αστάθεια.",,,"[""Syria""]",[],[],"[""Western Syria""]",Humanitarian,0.9
215,2026-05-03,Syria,Enab Baladi,Hamo: Four SDF Brigades Join Defense Ministry,3,"[MACRO INFO] Η είδηση αναφέρεται στην ένταξη τεσσάρων ταξιαρχιών των Συριακών Δημοκρατικών Δυνάμεων στο Υπουργείο Άμυνας της Συρίας, μια εσωτερική στρατιωτική εξέλιξη που μπορεί να επηρεάσει τη γενική σταθερότητα στην περιοχή.",,,"[""Syria""]",[],"[""Syrian Democratic Forces"", ""Ministry of Defense""]","[""Hamo""]",Policy Change,0.9
221,2026-05-03,Lebanon,Daraj,كثرة الافتراضات تقتل الحقيقة,3,"[MACRO INFO] Το κείμενο αναλύει τις θεσμικές και πολιτικές αποτυχίες του Λιβάνου, τονίζοντας την ανάγκη για λειτουργικούς θεσμούς και αξιόπιστη διπλωματία εν όψει των συνεπειών των πρόσφατων πολέμων, υποδηλώνοντας γενική αστάθεια.",,,"[""Lebanon""]",[],[],[],Humanitarian,0.9
225,2026-05-03,Lebanon,Daraj,هل أصبحنا على حافة الاستسلام؟,3,"[MACRO INFO] Το κείμενο περιγράφει μια κατάσταση κοινωνικής και πολιτικής απελπισίας, όπου η ασφάλεια και η αξιοπρέπεια είναι πολυτέλεια, συνθήκες που αποτελούν υπόστρωμα για μελλοντικές μεταναστευτικές πιέσεις.",,,[],[],[],[],Humanitarian,0.9
234,2026-05-03,Egypt,Mada Masr English,"From debt we came, to debt we shall return: New borrowing makes up half of resources in govt’s draft budget",3,"[MACRO INFO] Η είδηση αφορά σοβαρή οικονομική αστάθεια στην Αίγυπτο, καθώς πάνω από το ήμισυ των πόρων του προϋπολογισμού προέρχεται από νέο δανεισμό και το 64% των δαπανών αφορά εξυπηρέτηση χρέους. Τέτοια μακροοικονομική αστάθεια μπορεί να αποτελέσει παράγοντα ώθησης για μελλοντικές μεταναστευτικές ροές.",,,"[""Egypt""]",[],[],[],Economic Migration,0.9
242,2026-05-03,Cross_Regional,BBC Arabic,"في اليوم العالمي لحرية الصحافة: هل بات الإعلام ""مهنة الموت"" في لبنان؟",3,"[MACRO INFO] Η είδηση αναφέρεται στον κίνδυνο που αντιμετωπίζουν οι δημοσιογράφοι στον Λίβανο λόγω του πρόσφατου πολέμου με το Ισραήλ, υποδεικνύοντας συνεχιζόμενη αστάθεια στη χώρα.",,,"[""Lebanon"", ""Israel""]",[],[],[],Humanitarian,0.9
254,2026-05-03,Cross_Regional,Al Monitor,German fertiliser makers and farmers struggle with Iran war fallout,3,"[MACRO INFO] Η είδηση αναφέρεται στις επιπτώσεις της σύγκρουσης με το Ιράν και του κλεισίματος των Στενών του Ορμούζ στην παγκόσμια οικονομία και την παραγωγή λιπασμάτων στη Γερμανία, χωρίς άμεση αναφορά σε πρόσφυγες ή μετανάστες.",,,"[""Germany"", ""Iran""]",[],[],"[""Strait of Hormuz""]",Economic Migration,0.85
255,2026-05-03,Cross_Regional,Al Monitor,Trump says there is possibility US could restart strikes on Iran,3,"[MACRO INFO] Ο Πρόεδρος Τραμπ δήλωσε ότι υπάρχει πιθανότητα οι ΗΠΑ να επαναλάβουν τις επιθέσεις στο Ιράν, γεγονός που σηματοδοτεί αυξημένη γεωπολιτική αστάθεια στην ευρύτερη περιοχή.",,,"[""US"", ""Iran""]","[""Trump""]",[],[],Other,0.9
1,2026-05-02,Syria,North Press Agency,"Israeli patrol advances into Syria’s Daraa, fires shots",3,"[MACRO INFO] Ισραηλινή περίπολος εισήλθε στην περιοχή της Νταράα της Συρίας και άνοιξε πυρ, αυξάνοντας τις εντάσεις μεταξύ των τοπικών κατοίκων, χωρίς άμεση αναφορά σε μεταναστευτικές ροές.",,,"[""Israel"", ""Syria""]",[],[],"[""Daraa""]",Border Crisis,0.9
3,2026-05-02,Syria,North Press Agency,"ISIS attacks house, bakery in Deir ez-Zor over ‘zakat’",3,"[MACRO INFO] Επίθεση του ISIS σε σπίτι και αρτοποιείο στην Ντέιρ αλ-Ζορ της Συρίας υποδεικνύει συνεχιζόμενη αστάθεια και βία στην περιοχή, παράγοντες που μακροπρόθεσμα μπορούν να συμβάλουν σε μεταναστευτικές πιέσεις.",,,"[""Syria""]",[],"[""ISIS""]","[""Deir ez-Zor""]",Humanitarian,0.9
9,2026-05-02,Syria,Enab Baladi,"Syrian Central Bank Eyes Wider Powers, Digital Payments",3,"[MACRO INFO] Η είδηση αναφέρεται στην αστάθεια της συριακής λίρας και τις προσπάθειες της Κεντρικής Τράπεζας να ενισχύσει τις εξουσίες της και τις ψηφιακές πληρωμές, υποδηλώνοντας οικονομική αστάθεια στη Συρία.",,,"[""Syria""]",[],"[""Syrian Central Bank""]",[],Economic Migration,0.9
12,2026-05-02,Syria,Syria Direct,Reconstruction plan for eastern Damascus neighborhoods alarms residents,3,"[MACRO INFO] Ένα σχέδιο ανοικοδόμησης στην ανατολική Δαμασκό προκαλεί ανησυχία και οργή στους κατοίκους, οι οποίοι το θεωρούν απαλλοτρίωση. Αυτή η πολιτική δημιουργεί εσωτερική αστάθεια που δυνητικά μπορεί να οδηγήσει σε μελλοντικές μετακινήσεις πληθυσμών εντός ή εκτός της Συρίας.",,,"[""Syria""]",[],[],"[""Damascus""]",Policy Change,0.95
17,2026-05-02,Lebanon,Daraj,لسنا وحدنا مَن أرسى سلطة “حزب الله”!,3,"[MACRO INFO] Σχολιασμός για την βαθιά ριζωμένη επιρροή της Χεζμπολάχ και την εσωτερική πολιτική αστάθεια στον Λίβανο, χωρίς άμεση αναφορά σε πρόσφυγες ή μετανάστες.",,,"[""Lebanon""]",[],"[""Hezbollah""]",[],Other,0.9
42,2026-05-02,Cross_Regional,Al Monitor,War in the Middle East: latest developments,3,"[MACRO INFO] Αναφορές σε ναυτικό αποκλεισμό ιρανικών λιμένων από τις ΗΠΑ και στρατιωτικές κινήσεις, υποδεικνύοντας γενική αστάθεια στην περιοχή της Μέσης Ανατολής.",,,"[""Iran"", ""USA""]",[],[],"[""Middle East""]",Humanitarian,0.9
174,2026-05-02,Turkiye,Evrensel,BOSCH Bursa’da 1400 işçiyi işten çıkaracak,3,"[MACRO INFO] Η απόλυση 1400 εργαζομένων από την BOSCH στην Προύσα της Τουρκίας σηματοδοτεί οικονομική αστάθεια, η οποία μπορεί μακροπρόθεσμα να συμβάλει σε μεταναστευτικές πιέσεις.",,,"[""Turkey""]",[],"[""BOSCH""]","[""Bursa""]",Economic Migration,0.95
199,2026-05-02,Cross_Regional,Middle East Eye,"Lebanese health officials: 2,659 killed in Israeli attacks since 2 March",3,"[MACRO INFO] Επίσημα στοιχεία από τον Λίβανο αναφέρουν χιλιάδες νεκρούς και τραυματίες από ισραηλινές επιθέσεις από τις αρχές Μαρτίου, υποδεικνύοντας κλιμάκωση της αστάθειας στην περιοχή.",,,"[""Lebanon"", ""Israel""]",[],[],[],Humanitarian,0.9
2357,2026-06-09,Syria,North Press Agency,Protests in southern Hasakah demand better living conditions,2,"[MACRO INFO] Πραγματοποιήθηκαν διαδηλώσεις στη νότια Χασάκα της Συρίας, με κατοίκους να ζητούν βελτίωση των συνθηκών διαβίωσης και των δημοσίων υπηρεσιών λόγω οικονομικών προκλήσεων.",,,"[""Syria""]",[],[],"[""Hasakah""]",Economic Migration,0.9
2359,2026-06-09,Syria,North Press Agency,Syria closes another Euphrates Dam spillway gate as river flows decline,2,[MACRO INFO] Η Συρία έκλεισε μια ακόμη πύλη υπερχείλισης στο φράγμα του Ευφράτη λόγω της συνεχιζόμενης μείωσης των υδάτινων ροών.,,,"[""Syria""]",[],[],"[""Euphrates""]",Humanitarian,0.9
2360,2026-06-09,Syria,North Press Agency,U.S. lawmakers seek review of Russian military presence in Syria,2,[MACRO INFO] Βουλευτές των ΗΠΑ ζητούν επανεξέταση της ρωσικής στρατιωτικής παρουσίας στη Συρία.,,,"[""U.S."", ""Russia"", ""Syria""]",[],[],[],Policy Change,0.9
2362,2026-06-09,Syria,Enab Baladi,Iraq Boosts Oil Exports Through Syria,2,[MACRO INFO] Το Ιράκ ενισχύει τις εξαγωγές πετρελαίου μέσω Συρίας.,,,"[""Iraq"", ""Syria""]",[],[],[],Other,0.9
2363,2026-06-09,Syria,Enab Baladi,"Syria, Turkey Discuss Trade, Investment Cooperation in Gaziantep",2,[MACRO INFO] Σύριοι και Τούρκοι αξιωματούχοι συζητούν για εμπορική και επενδυτική συνεργασία στην Γκαζιαντέπ.,,,"[""Syria"", ""Turkey""]",[],[],"[""Gaziantep""]",Policy Change,0.9
2364,2026-06-09,Syria,Enab Baladi,"Iran, Israel Halt Military Operations After Escalation",2,[MACRO INFO] Το Ιράν και το Ισραήλ ανακοίνωσαν αναστολή των στρατιωτικών επιχειρήσεων μετά από κλιμάκωση και ανταλλαγή επιθέσεων.,,,"[""Iran"", ""Israel""]",[],[],[],Humanitarian,0.9
2365,2026-06-09,Syria,Enab Baladi,Iranian Missile Sparks Farmland Fire Near Damascus,2,[MACRO INFO] Ιρανικός πύραυλος προκάλεσε πυρκαγιά σε αγροτική έκταση κοντά στη Δαμασκό.,,,"[""Iran"", ""Syria""]",[],[],"[""Damascus""]",Humanitarian,0.9
2367,2026-06-09,Syria,Syria Direct,Syria’s forgotten villages: Mount Hermon’s Druze between Damascus and the IDF,2,[MACRO INFO] Τα Δρουζικά χωριά στο Όρος Ερμών της Συρίας βρίσκονται μεταξύ της φαινομενικά απούσας συριακής κυβέρνησης και της αυξανόμενης ισραηλινής παρουσίας.,,,"[""Syria"", ""Israel""]",[],"[""IDF""]","[""Mount Hermon"", ""Damascus""]",Border Crisis,0.9
2369,2026-06-09,Syria,Syria Direct,"Al-Sharaa’s shakeup: A merit-based state, or a circle of trust?",2,"[MACRO INFO] Ο Πρόεδρος al-Sharaa προχώρησε σε ανασχηματισμό υπουργών και κυβερνητών στη Συρία, εγείροντας ερωτήματα για τη διακυβέρνηση.",,,"[""Syria""]","[""al-Sharaa""]",[],[],Policy Change,0.9
2370,2026-06-09,Syria,Syria Direct,"As Atef Najib’s trial proceeds, what legal basis exists for transitional justice?",2,"[MACRO INFO] Συνεχίζεται η δίκη του πρώην αξιωματούχου του καθεστώτος Άσαντ, Atef Najib, εν μέσω ανησυχιών για το νομικό πλαίσιο μεταβατικής δικαιοσύνης.",,,[],"[""Atef Najib"", ""Assad""]",[],[],Policy Change,0.9
2371,2026-06-09,Syria,Syria Direct,Syria bids farewell to its ‘Kingdom of Silence’—but warnings remain over a ‘trap’ in comparing press freedom with the Assad era,2,[MACRO INFO] Η Συρία χαρακτηρίζεται από έλλειψη ελευθερίας του τύπου και θανάτους δημοσιογράφων από την έναρξη της επανάστασης του 2011.,,,"[""Syria""]","[""Assad""]",[],[],Humanitarian,0.9
2373,2026-06-09,Lebanon,Daraj,“أنا لست شجرة”: النبذ الطائفي باسم العدالة المؤجّلة!,2,[MACRO INFO] Μια εκστρατεία προωθεί τον σεχταριστικό εξοστρακισμό και τις διακρίσεις κατά των Αλαουιτών.,,,[],[],[],[],Humanitarian,0.9
2375,2026-06-09,Lebanon,Daraj,شيخ نعيم “انتهك” صمت بعض الجنوبيين!,2,"[MACRO INFO] Σχόλια σχετικά με μια πολιτική συμφωνία στον Λίβανο, την ποιότητά της και τις επιπτώσεις της στην πολιτική σκηνή και τον Νότο της χώρας.",,,"[""Lebanon""]","[""Sheikh Naim""]",[],"[""South Lebanon""]",Policy Change,0.9
2379,2026-06-09,Turkiye,Turkish Minute,ECtHR questions Turkey over lengthy detentions after coup attempt,2,[MACRO INFO] Το Ευρωπαϊκό Δικαστήριο Δικαιωμάτων του Ανθρώπου υπέβαλε ερωτήματα στην Τουρκία για μακροχρόνιες προφυλακίσεις 154 ατόμων μετά την απόπειρα πραξικοπήματος του 2016.,,,"[""Turkey""]",[],"[""ECtHR"", ""European Court of Human Rights""]",[],Humanitarian,0.9
2380,2026-06-09,Turkiye,Turkish Minute,"Turkish ministries fail to answer nearly one-third of lawmakers’ questions, parliamentary data show",2,[MACRO INFO] Τουρκικά υπουργεία δεν απάντησαν σχεδόν στο ένα τρίτο των κοινοβουλευτικών ερωτήσεων βουλευτών.,,,"[""Turkey""]",[],"[""Turkish ministries"", ""Parliament""]",[],Policy Change,0.9
2383,2026-06-09,Egypt,Mada Masr English,The wounds borne by Egypt’s former detainees,2,[MACRO INFO] Χιλιάδες πρώην πολιτικοί κρατούμενοι στην Αίγυπτο ζουν υπό την απειλή επανασύλληψης μετά την αποφυλάκισή τους.,,,"[""Egypt""]",[],[],[],Humanitarian,0.9
2384,2026-06-09,Egypt,Mada Masr English,Could a new municipal bill open the door for constitutional amendments?,2,"[MACRO INFO] Η κυβέρνηση επανυπέβαλε νομοσχέδιο τοπικής αυτοδιοίκησης στη Βουλή, προκαλώντας συζητήσεις για πιθανές συνταγματικές τροποποιήσεις.",,,"[""Greece""]",[],"[""Parliament"", ""Government""]",[],Policy Change,0.9
2389,2026-06-09,Cross_Regional,BBC Arabic,إيران وإسرائيل تتراجعان عن التصعيد مع التلويح بالرد,2,"[MACRO INFO] Εύθραυστη εκεχειρία επικρατεί μεταξύ Ιράν και Ισραήλ, με την κατάσταση στο μέτωπο του Λιβάνου να παραμένει κρίσιμη.",,,"[""Iran"", ""Israel"", ""Lebanon""]",[],[],[],Border Crisis,0.9
2391,2026-06-09,Cross_Regional,Al Jazeera,Iran’s lakes are vanishing: Satellite images show a deepening water crisis,2,"[MACRO INFO] Οι λίμνες του Ιράν εξαφανίζονται, υποδηλώνοντας βαθιά υδάτινη κρίση που επιδεινώνεται από τον πόλεμο ΗΠΑ-Ισραήλ.",,,"[""Iran"", ""USA"", ""Israel""]",[],[],[],Humanitarian,0.95
2396,2026-06-09,Cross_Regional,Middle East Eye,Quds Force chief announces ‘security belt’ from Hormuz to Red Sea,2,"[MACRO INFO] Ο αρχηγός της Δύναμης Κουντς ανακοίνωσε τη δημιουργία ζώνης ασφαλείας της «Άξονα Αντίστασης» από τον Κόλπο του Ορμούζ έως την Ερυθρά Θάλασσα, προειδοποιώντας για ευρύτερη περιφερειακή απάντηση.",,,[],[],"[""Quds Force"", ""Axis of Resistance""]","[""Hormuz"", ""Red Sea""]",Other,0.9
2397,2026-06-09,Cross_Regional,Middle East Eye,Video: Israeli forces arrest Palestinian man and use him as human shield,2,[MACRO INFO] Ισραηλινές δυνάμεις συνέλαβαν Παλαιστίνιο άνδρα και τον χρησιμοποίησαν ως ανθρώπινη ασπίδα κατά τη διάρκεια επιδρομής στη Χεβρώνα.,,,"[""Israel"", ""Palestine""]",[],[],"[""Hebron""]",Humanitarian,0.95
2401,2026-06-09,Cross_Regional,Al Monitor,"Trump warned Netanyahu against renewed Iran war, Axios reports",2,[MACRO INFO] Ο Πρόεδρος Τραμπ προειδοποίησε τον Πρωθυπουργό Νετανιάχου ότι μπορεί να βρεθεί μόνος σε περίπτωση πολέμου με το Ιράν.,,,"[""USA"", ""Israel"", ""Iran""]","[""Trump"", ""Netanyahu""]","[""Axios""]",[],Other,0.95
2402,2026-06-09,Cross_Regional,Al Monitor,"Lebanese president appeals to Israeli government to pursue talks, not war",2,[MACRO INFO] Ο Πρόεδρος του Λιβάνου απηύθυνε έκκληση στην κυβέρνηση του Ισραήλ για διαπραγματεύσεις αντί για πόλεμο.,,,"[""Lebanon"", ""Israel""]",[],[],[],Other,0.9
2269,2026-06-08,Syria,North Press Agency,U.S. lawmakers seek review of Russian military presence in Syria,2,[MACRO INFO] Αμερικανοί νομοθέτες ζητούν επανεξέταση της ρωσικής στρατιωτικής παρουσίας στη Συρία.,,,"[""United States"", ""Russia"", ""Syria""]",[],[],[],Other,0.9
2271,2026-06-08,Syria,North Press Agency,"U.S. House committee backs SDF integration, calls for force professionalization",2,[MACRO INFO] Η επιτροπή του Κογκρέσου των ΗΠΑ υποστήριξε την ενσωμάτωση των Συριακών Δημοκρατικών Δυνάμεων (SDF) στους θεσμούς ασφαλείας της Συρίας.,,,"[""United States"", ""Syria""]",[],"[""U.S. House Committee"", ""Syrian Democratic Forces (SDF)""]",[],Policy Change,0.9
2272,2026-06-08,Syria,North Press Agency,Child Killed in Landmine Explosion in Southern Idlib,2,[MACRO INFO] Ένα παιδί σκοτώθηκε από έκρηξη νάρκης στην περιοχή Jabal al-Arbaeen του νότιου Ιντλίμπ στη Συρία.,,,"[""Syria""]",[],[],"[""Southern Idlib"", ""Jabal al-Arbaeen""]",Humanitarian,0.9
2278,2026-06-08,Syria,Enab Baladi,Suwayda: Government Secures Detainees as National Guard Probes Collusion,2,[MACRO INFO] Διαφορετικές αναφορές για την απελευθέρωση τριών κρατουμένων από τη φυλακή της «Εθνοφρουράς» στην πόλη Σουέιντα της νότιας Συρίας.,,,"[""Syria""]",[],"[""National Guard""]","[""Suwayda""]",Humanitarian,0.9
2279,2026-06-08,Syria,Syria Direct,Syria’s forgotten villages: Mount Hermon’s Druze between Damascus and the IDF,2,[MACRO INFO] Τα δρουζικά χωριά του Όρους Ερμών στην Συρία βρίσκονται ανάμεσα σε μια φαινομενικά απούσα συριακή κυβέρνηση και μια αυξανόμενη ισραηλινή παρουσία.,,,"[""Syria"", ""Israel""]","[""Druze""]","[""IDF""]","[""Mount Hermon"", ""Damascus""]",Border Crisis,0.9
2280,2026-06-08,Syria,Syria Direct,White earth: Soil salinization threatens farming in Raqqa’s Euphrates river basin,2,"[MACRO INFO] Η αλάτωση του εδάφους απειλεί τη γεωργία στην πεδιάδα του Ευφράτη στη Ράκκα, καθιστώντας τα χωράφια άχρηστα.",,,[],[],[],"[""Raqqa"", ""Euphrates river basin""]",Economic Migration,0.9
2281,2026-06-08,Syria,Syria Direct,"As Atef Najib’s trial proceeds, what legal basis exists for transitional justice?",2,"[MACRO INFO] Η δίκη πρώην αξιωματούχου του συριακού καθεστώτος Ασάντ προχωρά, με ερωτήματα για το νομικό πλαίσιο μεταβατικής δικαιοσύνης.",,,"[""Syria""]","[""Atef Najib"", ""Bashar al-Assad""]",[],[],Policy Change,0.9
2282,2026-06-08,Syria,Syria Direct,Syria bids farewell to its ‘Kingdom of Silence’—but warnings remain over a ‘trap’ in comparing press freedom with the Assad era,2,"[MACRO INFO] Η Συρία αντιμετωπίζει προκλήσεις σχετικά με την ελευθερία του Τύπου, με εκατοντάδες δημοσιογράφους να έχουν χάσει τη ζωή τους από το 2011.",,,"[""Syria""]",[],[],[],Humanitarian,0.9
2283,2026-06-08,Lebanon,Daraj,شيخ نعيم “انتهك” صمت بعض الجنوبيين!,2,"[MACRO INFO] Ανάλυση επικρίνει πολιτική συμφωνία στον Λίβανο, υποδηλώνοντας επιδείνωση της εθνικής κατάστασης.",,,"[""Lebanon""]","[""Sheikh Naim""]",[],"[""South Lebanon""]",Policy Change,0.9
2284,2026-06-08,Lebanon,Daraj,بيروت… المدينة التي لم تعد تشبه نفسها,2,[MACRO INFO] Η Βηρυτός έχει χάσει την αίσθηση ασφάλειας και αυθορμητισμού μετά την παύση των βομβαρδισμών και των στρατιωτικών επιχειρήσεων.,,,"[""Lebanon""]",[],[],"[""Beirut""]",Humanitarian,0.9
2285,2026-06-08,Lebanon,Daraj,الطفل كأداة خطابية: بين تجريم مجتمع الميم- عين وشرعنة اغتصاب القاصرات,2,"[MACRO INFO] Μια χώρα θεσπίζει νόμους που νομιμοποιούν τη σεξουαλική επίθεση κατά ανηλίκων και επιτρέπουν την επιείκεια σε οικογενειακή βία, μέσω προσωπικού δικαίου και του Κώδικα Τζαφάρι.",,,[],[],[],[],Policy Change,0.9
2286,2026-06-08,Lebanon,Daraj,“حزب الله” والدولة أمام اتّفاق سلام مذلّ: فائض السلاح وضعف التفاوض,2,[MACRO INFO] Το κείμενο αναλύει την πολυπλοκότητα των σχέσεων μεταξύ της Χεζμπολάχ και του λιβανικού κράτους σε σχέση με μια ειρηνευτική συμφωνία.,,,"[""Lebanon""]",[],"[""Hezbollah""]",[],Policy Change,0.9
2288,2026-06-08,Turkiye,Evrensel,Yemen'deki Husiler: Kızıldeniz'de İsrail'in denizcilik faaliyetlerini yasaklıyoruz,2,"[MACRO INFO] Οι Χούθι της Υεμένης απαγόρευσαν τις ναυτιλιακές δραστηριότητες του Ισραήλ στην Ερυθρά Θάλασσα, θεωρώντας οποιαδήποτε κίνηση ως νόμιμο στρατιωτικό στόχο.",,,"[""Yemen"", ""Israel""]",[],"[""Houthi""]","[""Red Sea""]",Policy Change,0.9
2290,2026-06-08,Turkiye,Turkish Minute,US State Department declines to comment on ouster of Turkey’s main opposition leader,2,[MACRO INFO] Το Στέιτ Ντιπάρτμεντ των ΗΠΑ αρνήθηκε να σχολιάσει την απομάκρυνση του ηγέτη της κύριας αντιπολίτευσης της Τουρκίας.,,,"[""United States"", ""Turkey""]",[],"[""United States Department of State""]",[],Other,0.9
2291,2026-06-08,Turkiye,Turkish Minute,Turkey detains 361 over alleged ISIL links in nationwide operations,2,[MACRO INFO] Τουρκικές αρχές συνέλαβαν 361 άτομα σε εθνικές επιχειρήσεις εναντίον φερόμενων μελών του ISIL σε 39 επαρχίες.,,,"[""Turkey""]",[],"[""ISIL"", ""Turkish authorities""]","[""39 provinces""]",Other,0.9
2293,2026-06-08,Egypt,Mada Masr English,The wounds borne by Egypt’s former detainees,2,"[MACRO INFO] Χιλιάδες πρώην πολιτικοί κρατούμενοι στην Αίγυπτο ζουν υπό την απειλή επανασύλληψης, αντιμετωπίζοντας συνεχή καταστολή.",,,"[""Egypt""]",[],[],[],Humanitarian,0.9
2299,2026-06-08,Egypt,Egyptian Streets,"Egypt Does Not Need New IMF Program, Prime Minister Says",2,"[MACRO INFO] Ο Πρωθυπουργός της Αιγύπτου δήλωσε ότι η χώρα δεν χρειάζεται νέο πρόγραμμα χρηματοδότησης από το ΔΝΤ, επισημαίνοντας την οικονομική ανάπτυξη και σταθερότητα.",,,"[""Egypt""]",[],"[""IMF""]",[],Economic Migration,0.9
2306,2026-06-08,Cross_Regional,Middle East Eye,Iran launches ‘Operation Nasr’ against Israeli military sites,2,[MACRO INFO] Το Ιράν εκτόξευσε πυραύλους εναντίον ισραηλινών στρατιωτικών εγκαταστάσεων σε αντίποινα. Η επιχείρηση εντάσσεται σε μια ευρύτερη εκστρατεία αντιποίνων εν μέσω κλιμάκωσης της έντασης.,,,"[""Iran"", ""Israel""]",[],[],[],Other,0.9
2310,2026-06-08,Cross_Regional,Middle East Eye,Hospital moves to fortified operations as Israel braces for attacks,2,"[MACRO INFO] Νοσοκομείο του Ισραήλ μετέφερε τις λειτουργίες του σε οχυρωμένες περιοχές, ενώ η χώρα λαμβάνει αυξημένα μέτρα ασφαλείας εν μέσω κλιμακούμενων εντάσεων με το Ιράν.",,,"[""Israel"", ""Iran""]",[],[],[],Humanitarian,0.9
2311,2026-06-08,Cross_Regional,Al Monitor,"Hormuz strait will be open but with transit fees, Iran envoy to Moscow quoted",2,"[MACRO INFO] Το Ιράν θα επιβάλει διόδια για τη διέλευση του στενού του Ορμούζ, ενώ οι ροές πετρελαίου και υγροποιημένου φυσικού αερίου παραμένουν περιορισμένες.",,,"[""Iran"", ""Russia""]",[],[],"[""Hormuz Strait"", ""Moscow""]",Policy Change,0.9
2314,2026-06-08,Syria,North Press Agency,Syria closes another Euphrates Dam spillway gate as river flows decline,2,[MACRO INFO] Η Συρία έκλεισε άλλη μια θύρα εκτόνωσης στο φράγμα του Ευφράτη λόγω μείωσης της ροής υδάτων από την Τουρκία.,,,"[""Syria"", ""Turkey""]",[],[],"[""Euphrates River""]",Humanitarian,0.9
2325,2026-06-08,Syria,Syria Direct,"Al-Sharaa’s shakeup: A merit-based state, or a circle of trust?",2,[MACRO INFO] Πολιτικός ανασχηματισμός κυβερνητών και υπουργών στη Συρία εγείρει ερωτήματα για τη διακυβέρνηση και τη λαϊκή δυσαρέσκεια.,,,"[""Syria""]","[""Al-Sharaa""]",[],[],Policy Change,0.95
2328,2026-06-08,Lebanon,Daraj,التحرّش في مصر… لماذا لا يُنصف القانون النساء؟,2,"[MACRO INFO] Σχεδόν το 99.4% των γυναικών στην Αίγυπτο έχει υποστεί παρενόχληση, με τον νόμο να μην αποδίδει δικαιοσύνη.",,,"[""Egypt""]",[],[],[],Humanitarian,0.9
2329,2026-06-08,Lebanon,Daraj,“أنا لست شجرة”: النبذ الطائفي باسم العدالة المؤجّلة!,2,"[MACRO INFO] Η εκστρατεία ""Εγώ δεν είμαι δέντρο"" κατηγορείται για σεχταριστική διάκριση κατά των Αλεβιτών, βασιζόμενη στην ταυτότητα και όχι στις πράξεις.",,,[],[],"[""Εγώ δεν είμαι δέντρο""]",[],Humanitarian,0.9
2334,2026-06-08,Turkiye,Turkish Minute,Koç-linked businesses in Turkey attacked amid outrage over tycoon’s remarks about Kurdish women,2,[MACRO INFO] Επιθέσεις σε επιχειρήσεις συνδεδεμένες με τον όμιλο Koç στην Τουρκία σημειώθηκαν εν μέσω δημόσιας οργής για δηλώσεις επιχειρηματία.,,,"[""Turkey""]",[],"[""Koç Group""]",[],Other,0.9
2335,2026-06-08,Egypt,Mada Masr English,"Absence of Israeli, Syrian ambassadorial appointments sign of close coordination between president, foreign minister",2,[MACRO INFO] Η Αίγυπτος δεν προχώρησε σε νέους διορισμούς πρέσβεων σε Συρία και Ισραήλ.,,,"[""Israel"", ""Syria"", ""Egypt""]",[],[],[],Policy Change,0.9
2344,2026-06-08,Cross_Regional,BBC Arabic,"إيران تعلن وقف عملياتها العسكرية على إسرائيل وتحذّر من ""رد أشد"" إذا استمرت الهجمات على لبنان",2,"[MACRO INFO] Το Ιράν ανακοίνωσε τη λήξη των στρατιωτικών του επιχειρήσεων κατά του Ισραήλ, ενώ προειδοποίησε για σκληρότερη απάντηση εάν συνεχιστούν οι επιθέσεις στον Λίβανο.",,,"[""Iran"", ""Israel"", ""Lebanon""]",[],[],[],Other,0.9
2348,2026-06-08,Cross_Regional,Al Jazeera,At least 11 killed in Pakistan-administered Kashmir clashes before rally,2,[MACRO INFO] Τουλάχιστον 11 νεκροί από συγκρούσεις στην αμφισβητούμενη από το Πακιστάν περιοχή του Κασμίρ κατά την καταστολή διαδήλωσης.,,,"[""Pakistan""]",[],[],"[""Kashmir""]",Humanitarian,0.9
2352,2026-06-08,Cross_Regional,Middle East Eye,How Syria’s captagon trade shifted to Sweida after Assad’s fall,2,"[MACRO INFO] Το εμπόριο captagon στη Συρία μετατοπίστηκε στη Σουέιντα, ενισχυόμενο από την αδύναμη κρατική αρχή και τοπικές ένοπλες φατρίες.",,,"[""Syria""]",[],[],"[""Sweida""]",Other,0.9
2353,2026-06-08,Cross_Regional,Middle East Eye,Israel army intercepts three projectiles from Lebanon,2,[MACRO INFO] Ο ισραηλινός στρατός αναχαίτισε τρία βλήματα που εκτοξεύτηκαν από τον Λίβανο.,,,"[""Israel"", ""Lebanon""]",[],[],[],Border Crisis,0.9
2354,2026-06-08,Cross_Regional,Al Monitor,IAEA calls on Iran to 're-engage' as West pressures it with resolution,2,"[MACRO INFO] Ο IAEA κάλεσε το Ιράν να επαναδεσμευτεί για επιθεωρήσεις πυρηνικών εγκαταστάσεων, ενώ η Δύση ασκεί πίεση για ψήφισμα. Υπάρχουν ανησυχίες για μη δηλωμένο πυρηνικό υλικό και παλαιότερους βομβαρδισμούς σε εγκαταστάσεις.",,,"[""Iran""]",[],"[""IAEA""]",[],Other,0.9
2355,2026-06-08,Cross_Regional,Al Monitor,Yemen's Iran-backed Houthis threaten Israeli shipping in the Red Sea,2,"[MACRO INFO] Οι Υεμενίτες Χούθι απαγόρευσαν την ισραηλινή ναυσιπλοΐα στην Ερυθρά Θάλασσα και πραγματοποίησαν επίθεση, προειδοποιώντας για κλιμάκωση της έντασης.",,,"[""Yemen"", ""Iran"", ""Israel""]",[],"[""Houthis""]","[""Red Sea""]",Other,0.9
2356,2026-06-08,Cross_Regional,Al Monitor,Explainer-Why are the Houthis threatening to attack Red Sea shipping and what does it mean for oil markets?,2,"[MACRO INFO] Οι Χούθι απειλούν την ναυσιπλοΐα στην Ερυθρά Θάλασσα και το Ιράν έχει κλείσει τα στενά του Ορμούζ, προκαλώντας αναταραχή στις παγκόσμιες αγορές ενέργειας.",,,"[""Iran""]",[],[],"[""Red Sea"", ""Strait of Hormuz""]",Economic Migration,0.9
2180,2026-06-07,Syria,North Press Agency,Israeli forces detain resident during incursion in Syria’s Quneitra,2,[MACRO INFO] Ισραηλινές δυνάμεις πραγματοποίησαν εισβολές και συνέλαβαν έναν κάτοικο στην επαρχία Κουνέιτρα της Συρίας.,,,"[""Israel"", ""Syria""]",[],[],"[""Quneitra""]",Border Crisis,0.9
2183,2026-06-07,Syria,Enab Baladi,Syrian Civil Court Dismisses Suit Against Energy Minister Over Electricity Prices,2,[MACRO INFO] Συριακό πολιτικό δικαστήριο απέρριψε αγωγή κατά του Υπουργού Ενέργειας σχετικά με τις τιμές ηλεκτρικού ρεύματος.,,,"[""Syria""]",[],[],[],Other,0.9
2184,2026-06-07,Syria,Enab Baladi,"9,000 Asayish Members Nominated for Integration, Including 1,000 Women",2,[MACRO INFO] 9.000 μέλη των δυνάμεων Asayish προτάθηκαν για ενσωμάτωση στο πλαίσιο συμφωνίας στη Συρία.,,,"[""Syria""]",[],"[""Asayish""]",[],Policy Change,0.9
2185,2026-06-07,Syria,Syria Direct,Syria’s forgotten villages: Mount Hermon’s Druze between Damascus and the IDF,2,[MACRO INFO] Δρουζικά χωριά στο Όρος Ερμών στη Συρία βρίσκονται σε κατάσταση αβεβαιότητας μεταξύ της συριακής κυβέρνησης και της ισραηλινής παρουσίας.,,,"[""Syria"", ""Israel""]",[],"[""IDF"", ""Syrian government""]","[""Mount Hermon"", ""Damascus""]",Border Crisis,0.9
2186,2026-06-07,Syria,Syria Direct,White earth: Soil salinization threatens farming in Raqqa’s Euphrates river basin,2,[MACRO INFO] Η αλμύρωση του εδάφους στην περιοχή της Ράκκα στη Συρία καθιστά τις καλλιεργήσιμες εκτάσεις άχρηστες.,,,"[""Syria""]",[],[],"[""Raqqa"", ""Euphrates river basin""]",Humanitarian,0.9
2187,2026-06-07,Syria,Syria Direct,"Al-Sharaa’s shakeup: A merit-based state, or a circle of trust?",2,"[MACRO INFO] Πραγματοποιήθηκε ανασχηματισμός κυβερνητών και υπουργών στη Συρία, εγείροντας ερωτήματα σχετικά με τη λαϊκή δυσαρέσκεια και τον έλεγχο ασφαλείας.",,,"[""Syria""]","[""Al-Sharaa""]",[],[],Policy Change,0.9
2188,2026-06-07,Syria,Syria Direct,"As Atef Najib’s trial proceeds, what legal basis exists for transitional justice?",2,"[MACRO INFO] Στη Συρία συνεχίζεται η δίκη του πρώην αξιωματούχου του καθεστώτος Άσαντ, Άτεφ Νατζίμπ, εν μέσω ανησυχιών για την απουσία νομικού πλαισίου για τη μεταβατική δικαιοσύνη.",,,"[""Syria""]","[""Atef Najib"", ""Assad""]",[],[],Humanitarian,0.95
2189,2026-06-07,Syria,Syria Direct,Syria bids farewell to its ‘Kingdom of Silence’—but warnings remain over a ‘trap’ in comparing press freedom with the Assad era,2,"[MACRO INFO] Εκατοντάδες δημοσιογράφοι έχουν χάσει τη ζωή τους στη Συρία από το 2011, με τη χώρα να χαρακτηρίζεται 'Βασίλειο της Σιωπής'.",,,"[""Syria""]",[],[],[],Humanitarian,0.9
2190,2026-06-07,Lebanon,Daraj,شيخ نعيم “انتهك” صمت بعض الجنوبيين!,2,[MACRO INFO] Σχολιασμός πολιτικής συμφωνίας στον Λίβανο υποδηλώνει αδυναμία και εθνική κρίση.,,,"[""Lebanon""]","[""Sheikh Naim""]",[],"[""Southern Lebanon""]",Policy Change,0.9
2191,2026-06-07,Lebanon,Daraj,الطفل كأداة خطابية: بين تجريم مجتمع الميم- عين وشرعنة اغتصاب القاصرات,2,"[MACRO INFO] Σε ένα κράτος, η νομοθεσία ποινικοποιεί την κουήρ ύπαρξη υπό το πρόσχημα προστασίας παιδιών, ενώ παράλληλα νομιμοποιεί την επίθεση και την κακοποίηση ανηλίκων.",,,[],[],[],[],Policy Change,0.9
2192,2026-06-07,Lebanon,Daraj,“حزب الله” والدولة أمام اتّفاق سلام مذلّ: فائض السلاح وضعف التفاوض,2,"[MACRO INFO] Πολιτική ανάλυση της σχέσης μεταξύ της Χεζμπολάχ και του λιβανικού κράτους, υπογραμμίζοντας την ανεξάρτητη εξουσία της Χεζμπολάχ.",,,"[""Lebanon""]",[],"[""Hezbollah""]",[],Policy Change,0.9
2196,2026-06-07,Turkiye,Turkish Minute,US State Department declines to comment on ouster of Turkey’s main opposition leader,2,[MACRO INFO] Το Στέιτ Ντιπάρτμεντ των ΗΠΑ αρνήθηκε να σχολιάσει την καθαίρεση του εκλεγμένου ηγέτη του κύριου κόμματος της αντιπολίτευσης της Τουρκίας μέσω δικαστικής απόφασης.,,,"[""US"", ""Turkey""]",[],"[""US State Department""]",[],Other,0.9
2197,2026-06-07,Turkiye,Turkish Minute,Turkey detains 361 over alleged ISIL links in nationwide operations,2,[MACRO INFO] Τουρκική αστυνομία συνέλαβε 361 άτομα για φερόμενες σχέσεις με το ISIL σε πανεθνικές επιχειρήσεις.,,,"[""Turkey""]",[],"[""ISIL""]",[],Other,0.9
2199,2026-06-07,Egypt,Mada Masr English,The wounds borne by Egypt’s former detainees,2,[MACRO INFO] Πρώην πολιτικοί κρατούμενοι στην Αίγυπτο αντιμετωπίζουν τον συνεχή κίνδυνο επανασύλληψης.,,,"[""Egypt""]",[],[],[],Humanitarian,0.9
2202,2026-06-07,Egypt,Mada Masr English,"Abiy to win re-appointment in vote marred by insurgency, ballot fraud, shadow of civil war",2,"[MACRO INFO] Εκλογές στην Αιθιοπία διεξάγονται εν μέσω αναταραχής, υποψιών για νοθεία και σκιάς εμφυλίου πολέμου.",,,"[""Ethiopia""]","[""Abiy""]",[],[],Humanitarian,0.9
2203,2026-06-07,Egypt,Egyptian Streets,"Egypt Does Not Need New IMF Program, Prime Minister Says",2,[MACRO INFO] Ο πρωθυπουργός της Αιγύπτου δήλωσε ότι η χώρα δεν χρειάζεται νέο πρόγραμμα από το ΔΝΤ και ανακοίνωσε οικονομικά μέτρα και ανάπτυξη 5.3%.,,,"[""Egypt""]",[],"[""IMF""]",[],Economic Migration,0.9
2205,2026-06-07,Egypt,Egyptian Streets,Egypt Condemns Iranian Attack on Kuwait International Airport,2,"[MACRO INFO] Η Αίγυπτος καταδίκασε επίθεση στο Διεθνές Αεροδρόμιο του Κουβέιτ, η οποία προκάλεσε τραυματισμούς και ζημιές.",,,"[""Egypt"", ""Iran"", ""Kuwait""]",[],[],"[""Kuwait International Airport""]",Other,0.9
2206,2026-06-07,Cross_Regional,BBC Arabic,"الجيش الأمريكي يعلن إسقاط ""مسيرتين إيرانيتين""، ووزير الداخلية الباكستاني يلتقي نظيره الإيراني",2,"[MACRO INFO] Ο στρατός των ΗΠΑ ανακοίνωσε την κατάρριψη δύο ιρανικών drones. Παράλληλα, ο υπουργός Εσωτερικών του Πακιστάν συναντήθηκε με τον Ιρανό ομόλογό του εν μέσω αμοιβαίων επιθέσεων μεταξύ ΗΠΑ και Ιράν.",,,"[""USA"", ""Iran"", ""Pakistan""]",[],[],[],Other,0.9
2212,2026-06-07,Cross_Regional,Middle East Eye,Tehran raises concerns over strikes at IAEA board meeting,2,[MACRO INFO] Η Τεχεράνη εξέφρασε ανησυχίες για επιθέσεις σε ιρανικές πυρηνικές εγκαταστάσεις στη συνεδρίαση του ΔΣ της ΔΟΑΕ.,,,"[""Iran""]",[],"[""IAEA""]","[""Tehran""]",Other,0.9
2213,2026-06-07,Cross_Regional,Middle East Eye,UN peacekeepers say strike violated Lebanon’s sovereignty,2,[MACRO INFO] Η UNIFIL εξέφρασε συλλυπητήρια για τους στρατιωτικούς που σκοτώθηκαν σε ισραηλινή επίθεση στο Ναμπατίγιε του νοτίου Λιβάνου. Η UNIFIL δήλωσε ότι οι επιθέσεις αυτές αποτελούν κατάφωρες παραβιάσεις της κυριαρχίας του Λιβάνου.,,,"[""Lebanon"", ""Israel""]",[],"[""UN"", ""UNIFIL""]","[""Nabatîyé"", ""Southern Lebanon""]",Border Crisis,0.9
2216,2026-06-07,Cross_Regional,Al Monitor,"Facing settler violence, Palestinian farmers race to harvest",2,"[MACRO INFO] Παλαιστίνιοι αγρότες στη Δυτική Όχθη αντιμετωπίζουν βία εποίκων και πυρπολήσεις καλλιεργειών, επισπεύδοντας τη συγκομιδή τους.",,,"[""Palestine""]",[],[],"[""West Bank""]",Humanitarian,0.9
2222,2026-06-07,Syria,North Press Agency,Israeli forces detain 5 in separate incursions in Syria’s Quneitra,2,[MACRO INFO] Ισραηλινές δυνάμεις συνέλαβαν πέντε άτομα σε δύο ξεχωριστές εισβολές στην επαρχία Κουνέιτρα της Συρίας.,,,"[""Israel"", ""Syria""]",[],[],"[""Quneitra""]",Border Crisis,0.9
2224,2026-06-07,Syria,North Press Agency,Asayish officers begin integration into Syrian Interior Ministry,2,[MACRO INFO] Η ενσωμάτωση των Κουρδικών Δυνάμεων Εσωτερικής Ασφάλειας (Asayish) στο Υπουργείο Εσωτερικών της Συρίας εισήλθε επίσημα στη φάση υλοποίησης.,,,"[""Syria""]",[],"[""Asayish"", ""Syrian Interior Ministry""]",[],Policy Change,0.9
2250,2026-06-07,Cross_Regional,BBC Arabic,ترامب لأكسيوس: سأطلب من نتنياهو عدم الرد على القصف الإيراني، ونحن قريبون من اتفاق نهائي مع طهران,2,[MACRO INFO] Ο Τραμπ φέρεται να ζητά μη απάντηση σε ιρανικό βομβαρδισμό εν μέσω στρατιωτικής κλιμάκωσης Ισραήλ-Χεζμπολάχ. Αναφέρεται επικείμενη συμφωνία με την Τεχεράνη.,,,"[""Iran"", ""Israel""]","[""Trump"", ""Netanyahu""]","[""Axios"", ""Hezbollah""]","[""Tehran""]",Humanitarian,0.9
2252,2026-06-07,Cross_Regional,BBC Arabic,"بي بي سي تتتبع قصة الطبيب حسام أبو صفية ""من الاعتقال إلى العزل الانفرادي""",2,"[MACRO INFO] Οι ισραηλινές αρχές μετέφεραν τον γιατρό Χουσάμ Αμπού Σάφιγια σε απομόνωση στη φυλακή Νάφα, με την υποψία σύνδεσης με τη Χαμάς.",,,"[""Israel""]","[""Hussam Abu Safiya""]","[""BBC"", ""Hamas""]","[""Nafha prison""]",Humanitarian,0.9
2253,2026-06-07,Cross_Regional,BBC Arabic,فشل ترامب في الحفاظ على وقف إطلاق النار يعد جزءاً من الفوضى العالمية الجديدة - مقال في الغارديان,2,"[MACRO INFO] Βρετανικές εφημερίδες συζητούν άρθρα γνώμης σχετικά με την αποτυχία διατήρησης κατάπαυσης του πυρός, τις προτάσεις ειρήνης της αμερικανικής κυβέρνησης, την κατάσταση Ουκρανίας-Ρωσίας και την οικονομική ανάπτυξη της Βρετανίας.",,,"[""United States"", ""United Kingdom"", ""Ukraine"", ""Russia""]","[""Donald Trump""]","[""The Guardian""]",[],Policy Change,0.9
2255,2026-06-07,Cross_Regional,Al Jazeera,Iran losing patience with Israel and US over ceasefire violations,2,[MACRO INFO] Το Ιράν χάνει την υπομονή του με το Ισραήλ και τις ΗΠΑ σχετικά με τις παραβιάσεις της εκεχειρίας.,,,"[""Iran"", ""Israel"", ""US""]",[],[],[],Other,0.9
2256,2026-06-07,Cross_Regional,Al Jazeera,Iranian World Cup excitement dulled by war and economic crisis,2,[MACRO INFO] Ο ενθουσιασμός για το Παγκόσμιο Κύπελλο στο Ιράν επισκιάζεται από πόλεμο και οικονομική κρίση.,,,"[""Iran""]",[],[],[],Humanitarian,0.9
2257,2026-06-07,Cross_Regional,Al Jazeera,Italy recovers 10 bodies as boat with nearly 60 on board capsizes off Malta,2,[MACRO INFO] Δέκα σοροί ανασύρθηκαν μετά την ανατροπή πλοίου με περίπου 60 επιβαίνοντες ανοιχτά της Μάλτας. Φέτος έχουν καταγραφεί τουλάχιστον 990 θάνατοι μεταναστών στη Μεσόγειο.,,,"[""Italy"", ""Malta""]",[],[],"[""Mediterranean""]",Humanitarian,0.9
2258,2026-06-07,Cross_Regional,Al Jazeera,Hezbollah MP: Resistance defends Lebanon where the state failed,2,[MACRO INFO] Βουλευτής της Χεζμπολάχ δήλωσε ότι η οργάνωση υπερασπίζεται τον Λίβανο όπου το κράτος απέτυχε.,,,"[""Lebanon""]",[],"[""Hezbollah""]",[],Humanitarian,0.9
2260,2026-06-07,Cross_Regional,Middle East Eye,Trump tells Netanyahu not to retaliate after Iran missile fire,2,[MACRO INFO] Ο Πρόεδρος Τραμπ προέτρεψε τον Πρωθυπουργό Νετανιάχου να μην προβεί σε αντίποινα μετά την επίθεση με πυραύλους του Ιράν.,,,"[""USA"", ""Israel"", ""Iran""]","[""Trump"", ""Netanyahu""]",[],[],Other,0.9
2261,2026-06-07,Cross_Regional,Middle East Eye,"Trump said he was 'not happy' with Israel’s Beirut attack, which triggered Iranian missile fire",2,"[MACRO INFO] Ο Πρόεδρος Τραμπ δήλωσε ότι δεν ήταν ευχαριστημένος με την ισραηλινή επίθεση στη Βηρυτό, η οποία πυροδότησε πυραυλικά πλήγματα από το Ιράν.",,,"[""Israel"", ""Iran""]","[""Trump""]",[],"[""Beirut""]",Other,0.9
2262,2026-06-07,Cross_Regional,Middle East Eye,Iran partially closes western airspace amid missile fire,2,[MACRO INFO] Το Ιράν έκλεισε μερικώς τον εναέριο χώρο στα δυτικά της χώρας μετά από πυραυλική επίθεση στο Ισραήλ.,,,"[""Iran"", ""Israel""]",[],[],"[""Western Iran""]",Policy Change,0.9
2265,2026-06-07,Cross_Regional,Al Monitor,Israeli military police investigating soldier's killing of 7-month-old Palestinian,2,[MACRO INFO] Η ισραηλινή στρατιωτική αστυνομία διερευνά τον θάνατο βρέφους στην κατεχόμενη Δυτική Όχθη από ισραηλινό στρατιώτη.,,,"[""Israel"", ""Palestine""]",[],"[""Israeli military police""]","[""West Bank""]",Humanitarian,0.95
2135,2026-06-06,Syria,North Press Agency,"Damascus, FAO discuss support for damaged agricultural areas",2,[MACRO INFO] Ο Υπουργός Γεωργίας της Συρίας συζήτησε με τον εκπρόσωπο του FAO τρόπους ενίσχυσης της συνεργασίας και παρακολούθησης προγραμμάτων σε κατεστραμμένες αγροτικές περιοχές.,,,"[""Syria""]",[],"[""FAO""]","[""Damascus""]",Humanitarian,0.9
2136,2026-06-06,Syria,North Press Agency,"Floods damage more than 21,000 dunams of farmland in Syria’s Deir ez-Zor",2,[MACRO INFO] Πλημμύρες κατέστρεψαν πάνω από 21.000 δουνάμια γεωργικής γης στην Ντέιρ αλ Ζορ της Συρίας.,,,"[""Syria""]",[],[],"[""Deir ez-Zor""]",Humanitarian,0.9
2137,2026-06-06,Syria,North Press Agency,"Two killed, one injured in landmine blast in Deir ez-Zor",2,"[MACRO INFO] Δύο άτομα, συμπεριλαμβανομένου ενός παιδιού, σκοτώθηκαν και ένα τρίτο τραυματίστηκε από έκρηξη νάρκης στην Deir ez-Zor της Συρίας.",,,"[""Syria""]",[],[],"[""Deir ez-Zor""]",Humanitarian,0.9
2139,2026-06-06,Syria,Enab Baladi,Syrian Civil Court Dismisses Suit Against Energy Minister Over Electricity Prices,2,[MACRO INFO] Το Συριακό Πολιτικό Δικαστήριο απέρριψε αγωγή κατά του Υπουργού Ενέργειας για τις τιμές ηλεκτρικού ρεύματος.,,,"[""Syria""]",[],"[""Syrian Civil Court""]",[],Economic Migration,0.9
2141,2026-06-06,Syria,Enab Baladi,"9,000 Asayish Members Nominated for Integration, Including 1,000 Women",2,"[MACRO INFO] 9.000 μέλη των Asayish, συμπεριλαμβανομένων 1.000 γυναικών, προτάθηκαν για ενσωμάτωση κατόπιν συμφωνίας με τη συριακή κυβέρνηση στην Αλ-Χασάκα.",,,"[""Syria""]",[],"[""Asayish"", ""Syrian Government""]","[""Al-Hasakah""]",Policy Change,0.9
2142,2026-06-06,Syria,Enab Baladi,US Sponsored Lebanon Israel Ceasefire Deal,2,[MACRO INFO] Οι Ηνωμένες Πολιτείες ανακοίνωσαν συμφωνία κατάπαυσης του πυρός μεταξύ Λιβάνου και Ισραήλ.,,,"[""United States"", ""Lebanon"", ""Israel""]",[],[],[],Humanitarian,0.9
2143,2026-06-06,Syria,Syria Direct,Syria’s forgotten villages: Mount Hermon’s Druze between Damascus and the IDF,2,[MACRO INFO] Τα χωριά των Δρούζων στο Όρος Ερμών βρίσκονται μεταξύ της αδρανούς συριακής κυβέρνησης και της αυξανόμενης ισραηλινής παρουσίας.,,,"[""Syria"", ""Israel""]",[],"[""IDF""]","[""Mount Hermon"", ""Damascus""]",Border Crisis,0.9
2145,2026-06-06,Syria,Syria Direct,"Al-Sharaa’s shakeup: A merit-based state, or a circle of trust?",2,"[MACRO INFO] Πραγματοποιήθηκε ανασχηματισμός κυβερνητικών αξιωματούχων και υπουργών στη Συρία, εγείροντας ερωτήματα για τη φύση των διορισμών.",,,"[""Syria""]","[""Al-Sharaa""]",[],[],Policy Change,0.95
2146,2026-06-06,Syria,Syria Direct,"As Atef Najib’s trial proceeds, what legal basis exists for transitional justice?",2,"[MACRO INFO] Εξελίσσεται η δίκη του πρώην αξιωματούχου του καθεστώτος Άσαντ, Atef Najib, στη Συρία, αναδεικνύοντας ζητήματα μεταβατικής δικαιοσύνης.",,,"[""Syria""]","[""Atef Najib"", ""Assad""]",[],[],Policy Change,0.9
2147,2026-06-06,Syria,Syria Direct,Syria bids farewell to its ‘Kingdom of Silence’—but warnings remain over a ‘trap’ in comparing press freedom with the Assad era,2,"[MACRO INFO] Η Συρία χαρακτηρίστηκε ως «Βασίλειο της Σιωπής», με εκατοντάδες δημοσιογράφους να έχουν χάσει τη ζωή τους από το 2011.",,,"[""Syria""]",[],[],[],Humanitarian,0.9
2149,2026-06-06,Lebanon,Daraj,عن النازع والمنزوع… فصائل تتّجه الى فكّ ارتباطها بالحشد الشعبي!,2,[MACRO INFO] Δύο μεγάλες ένοπλες φατρίες στο Ιράκ ανακοίνωσαν την έναρξη διαδικασιών αποδέσμευσης από τις Δυνάμεις Λαϊκής Κινητοποίησης και την παράδοση των όπλων στο κράτος.,,,"[""Iraq""]",[],"[""Popular Mobilization Forces""]",[],Policy Change,0.9
2150,2026-06-06,Lebanon,Daraj,حكاية بشارة نخلة: “الموت” كمهنة نبيلة في سوريا!,2,"[MACRO INFO] Στη Συρία, ένας άντρας που εργάζεται σε κηδείες αναφέρει ότι ο θάνατος έχει γίνει ρουτίνα για τον ίδιο.",,,"[""Syria""]","[""Bishara Nakhla""]",[],[],Humanitarian,0.9
2161,2026-06-06,Egypt,Mada Masr English,The wounds borne by Egypt’s former detainees,2,[MACRO INFO] Χιλιάδες πρώην πολιτικοί κρατούμενοι στην Αίγυπτο ζουν υπό συνεχή απειλή επανασύλληψης μετά την αποφυλάκισή τους.,,,"[""Egypt""]",[],[],[],Humanitarian,0.9
2164,2026-06-06,Egypt,Egyptian Streets,Egypt Condemns Iranian Attack on Kuwait International Airport,2,"[MACRO INFO] Η Αίγυπτος καταδίκασε επίθεση στο Διεθνές Αεροδρόμιο του Κουβέιτ, η οποία προκάλεσε τραυματισμούς και ζημιές. Το περιστατικό κλιμακώνει τις εντάσεις στην περιοχή του Κόλπου.",,,"[""Egypt"", ""Iran"", ""Kuwait""]",[],[],"[""Kuwait International Airport"", ""Gulf region""]",Other,0.9
2165,2026-06-06,Cross_Regional,BBC Arabic,إيران تطلق صواريخ على قواعد أمريكية في الخليج، وواشنطن تنفي تعرض الأسطول الخامس لأضرار,2,"[MACRO INFO] Η Αμερική εξαπέλυσε πλήγματα εναντίον στόχων ραντάρ στο Ιράν, αφού κατέρριψε ιρανικά μη επανδρωμένα αεροσκάφη στον Κόλπο. Το Ιράν δήλωσε ότι στοχοποίησε ""εχθρικές βάσεις"" στην περιοχή.",,,"[""Iran"", ""USA""]",[],[],"[""The Gulf"", ""Washington""]",Other,0.9
2166,2026-06-06,Cross_Regional,Al Jazeera,US says Iranian radar sites hit in Goruk and Qeshm Island,2,[MACRO INFO] Αμερικανικά στρατιωτικά πλήγματα έπληξαν ιρανικές εγκαταστάσεις ραντάρ στο Goruk και το νησί Qeshm.,,,"[""United States"", ""Iran""]",[],[],"[""Goruk"", ""Qeshm Island""]",Other,0.9
2169,2026-06-06,Cross_Regional,Al Jazeera,Israeli soldier shoots Palestinian baby dead near Hebron,2,[MACRO INFO] Ισραηλινός στρατιώτης σκότωσε επτά μηνών Παλαιστίνιο βρέφος κοντά στη Χεβρώνα.,,,"[""Israel"", ""Palestine""]",[],[],"[""Hebron""]",Humanitarian,0.9
2170,2026-06-06,Cross_Regional,Middle East Eye,Morning update,2,[MACRO INFO] Έντονη κλιμάκωση σημειώθηκε μεταξύ Ηνωμένων Πολιτειών και Ιράν στον Κόλπο με αεροπορικά πλήγματα και επιθέσεις με πυραύλους και drones σε Κουβέιτ και Μπαχρέιν.,,,"[""United States"", ""Iran"", ""Kuwait"", ""Bahrain""]",[],[],"[""The Gulf""]",Humanitarian,0.9
2173,2026-06-06,Cross_Regional,Middle East Eye,Video: Palestinians in West Bank protest amid settler raids,2,"[MACRO INFO] Ισραηλινές δυνάμεις και έποικοι πραγματοποίησαν πολλαπλές επιδρομές στην κατεχόμενη Δυτική Όχθη, οδηγώντας σε διαδηλώσεις Παλαιστινίων.",,,"[""Israel"", ""Palestine""]",[],[],"[""West Bank""]",Humanitarian,0.9
2174,2026-06-06,Cross_Regional,Al Monitor,"US, Iran trade strikes despite visas for World Cup footballers",2,[MACRO INFO] Νέες επιθέσεις στη Μέση Ανατολή απειλούν να ανατρέψουν την ήδη εύθραυστη εκεχειρία μεταξύ ΗΠΑ και Ιράν.,,,"[""United States"", ""Iran""]",[],[],"[""Middle East""]",Policy Change,0.9
2176,2026-06-06,Cross_Regional,Al Monitor,"Trump, campaigning for Republicans in Wisconsin, vows quick end to Iran war",2,[MACRO INFO] Ο Πρόεδρος των ΗΠΑ Ντόναλντ Τραμπ δεσμεύτηκε να τερματίσει γρήγορα τον πόλεμο στο Ιράν κατά τη διάρκεια προεκλογικής του εκστρατείας.,,,"[""USA"", ""Iran""]","[""Trump""]","[""Republicans""]","[""Wisconsin""]",Policy Change,0.9
2177,2026-06-06,Cross_Regional,Al Monitor,"Palestinian baby killed by Israeli gunfire in occupied West Bank, health ministry says",2,[MACRO INFO] Ένα βρέφος Παλαιστινίων σκοτώθηκε και οι γονείς του τραυματίστηκαν από ισραηλινά πυρά στην κατεχόμενη Δυτική Όχθη.,,,"[""Palestine"", ""Israel""]",[],[],"[""West Bank""]",Humanitarian,0.9
2178,2026-06-06,Cross_Regional,Al Monitor,Why Iran is making Hezbollah a red line in postwar diplomacy,2,"[MACRO INFO] Η ηγεσία του Ιράν δηλώνει αποφασισμένη να διατηρήσει την περιφερειακή της επιρροή και τις συμμαχίες της, καθιστώντας τη Χεζμπολάχ «κόκκινη γραμμή» στη μεταπολεμική διπλωματία.",,,"[""Iran""]",[],"[""Hezbollah""]",[],Other,0.9
2052,2026-06-05,Syria,North Press Agency,Kurdish film follows former Saydnaya detainee’s struggle after release,2,[MACRO INFO] Γυρίζεται ταινία στην Καμισλί της Συρίας για τον αγώνα ενός πρώην κρατούμενου να ξαναχτίσει τη ζωή του μετά την απελευθέρωσή του.,,,"[""Syria""]",[],[],"[""Saydnaya"", ""Qamishli""]",Humanitarian,0.9
2054,2026-06-05,Syria,North Press Agency,"Two killed, one injured in landmine blast in Deir ez-Zor",2,"[MACRO INFO] Δύο άνθρωποι, συμπεριλαμβανομένου ενός παιδιού, σκοτώθηκαν και ένας τραυματίστηκε από έκρηξη νάρκης στην περιοχή Ντέιρ αλ-Ζορ της Συρίας.",,,"[""Syria""]",[],[],"[""Deir ez-Zor""]",Humanitarian,0.9
2055,2026-06-05,Syria,North Press Agency,Asayish ban motorcycle movement in Hasakah governorate,2,"[MACRO INFO] Οι δυνάμεις Ασφαλείας (Asayish) απαγόρευσαν την κίνηση μοτοσικλετών σε όλη την επαρχία Χασάκα της Συρίας, επικαλούμενες ανησυχίες ασφαλείας.",,,"[""Syria""]",[],"[""Asayish""]","[""Hasakah governorate""]",Policy Change,0.9
2057,2026-06-05,Syria,Enab Baladi,War Remnants Kill Two in Deir Ezzor,2,[MACRO INFO] Δύο άνθρωποι σκοτώθηκαν και δύο τραυματίστηκαν από την έκρηξη πολεμικών υπολειμμάτων στην Ντέιρ Εζόρ της Συρίας.,,,"[""Syria""]",[],[],"[""Deir Ezzor""]",Humanitarian,0.95
2058,2026-06-05,Syria,Enab Baladi,Syrian Central Bank Governor Rules Out Improvised Decisions,2,[MACRO INFO] Ο Διοικητής της Κεντρικής Τράπεζας της Συρίας δήλωσε ότι η επόμενη φάση θα βασίζεται σε μη αυτοσχέδιες αποφάσεις.,,,"[""Syria""]",[],"[""Syrian Central Bank""]",[],Policy Change,0.9
2059,2026-06-05,Syria,Syria Direct,Syria’s forgotten villages: Mount Hermon’s Druze between Damascus and the IDF,2,[MACRO INFO] Τα δρουζικά χωριά στο Όρος Ερμών της Συρίας βρίσκονται ανάμεσα σε μια φαινομενικά απούσα συριακή κυβέρνηση και μια αυξανόμενη ισραηλινή παρουσία.,,,"[""Syria"", ""Israel""]",[],"[""IDF""]","[""Mount Hermon"", ""Damascus""]",Border Crisis,0.9
2060,2026-06-05,Syria,Syria Direct,White earth: Soil salinization threatens farming in Raqqa’s Euphrates river basin,2,"[MACRO INFO] Η αλάτωση του εδάφους απειλεί τη γεωργία στην περιοχή της Ράκκα της Συρίας, καθιστώντας τα χωράφια ακατάλληλα.",,,"[""Syria""]",[],[],"[""Raqqa"", ""Euphrates river basin""]",Humanitarian,0.9
2061,2026-06-05,Syria,Syria Direct,"Al-Sharaa’s shakeup: A merit-based state, or a circle of trust?",2,[MACRO INFO] Σειρά ανασχηματισμών κυβερνητών και υπουργών στην Συρία προκαλεί ερωτήματα για τη δημόσια δυσαρέσκεια και τον έλεγχο ασφαλείας.,,,"[""Syria""]","[""Al-Sharaa""]",[],[],Policy Change,0.9
2062,2026-06-05,Syria,Syria Direct,"As Atef Najib’s trial proceeds, what legal basis exists for transitional justice?",2,"[MACRO INFO] Προχωρά η δίκη του πρώην αξιωματούχου του καθεστώτος Άσαντ, Atef Najib, με ανησυχίες για την έλλειψη νομικού πλαισίου για μεταβατική δικαιοσύνη.",,,"[""Syria""]","[""Atef Najib""]",[],[],Policy Change,0.9
2063,2026-06-05,Syria,Syria Direct,Syria bids farewell to its ‘Kingdom of Silence’—but warnings remain over a ‘trap’ in comparing press freedom with the Assad era,2,[MACRO INFO] Η Συρία παραμένει γνωστή ως «Βασίλειο της Σιωπής» με εκατοντάδες δημοσιογράφους να έχουν χάσει τη ζωή τους από το 2011.,,,"[""Syria""]","[""Assad""]",[],[],Humanitarian,0.9
2069,2026-06-05,Turkiye,Turkish Minute,US congressional commission spotlights Turkey’s authoritarian rule and rights abuses,2,[MACRO INFO] Επιτροπή του Κογκρέσου των ΗΠΑ επεσήμανε την αυταρχική διακυβέρνηση και τις παραβιάσεις δικαιωμάτων στην Τουρκία.,,,"[""United States"", ""Turkey""]",[],"[""US Congressional Commission""]",[],Policy Change,0.9
2070,2026-06-05,Turkiye,Turkish Minute,ECtHR asks Turkey about alleged rights violations in post-coup dismissals,2,[MACRO INFO] Το Ευρωπαϊκό Δικαστήριο Ανθρωπίνων Δικαιωμάτων ζητά εξηγήσεις από την Τουρκία για φερόμενες παραβιάσεις δικαιωμάτων μετά τις απολύσεις του 2016.,,,"[""Turkey""]",[],"[""ECtHR"", ""European Court of Human Rights""]",[],Humanitarian,0.9
2071,2026-06-05,Turkiye,Turkish Minute,Rights groups say impunity remains entrenched in Turkey as civil society faces growing pressure,2,[MACRO INFO] Ομάδες δικαιωμάτων αναφέρουν εδραιωμένη ατιμωρησία στην Τουρκία και αυξανόμενη πίεση στην κοινωνία των πολιτών.,,,"[""Turkey""]",[],[],[],Humanitarian,0.9
2073,2026-06-05,Turkiye,Turkish Minute,[OPINION] A new alarm on Turkey in Washington: Why Congress’s latest hearing matters,2,[MACRO INFO] Στην Ουάσιγκτον εκφράζεται ανησυχία για την Τουρκία σε ακρόαση της επιτροπής Ανθρωπίνων Δικαιωμάτων του Κογκρέσου.,,,"[""Turkey"", ""United States""]",[],"[""Congress"", ""Committee on Human Rights""]","[""Washington""]",Humanitarian,0.9
2074,2026-06-05,Egypt,Mada Masr English,The wounds borne by Egypt’s former detainees,2,"[MACRO INFO] Πρώην πολιτικοί κρατούμενοι στην Αίγυπτο ζουν υπό την απειλή επανασύλληψης, ένα σενάριο που έχει υλοποιηθεί για πολλούς.",,,"[""Egypt""]",[],[],[],Humanitarian,0.9
2079,2026-06-05,Egypt,Egyptian Streets,Egypt Condemns Iranian Attack on Kuwait International Airport,2,"[MACRO INFO] Η Αίγυπτος καταδίκασε επίθεση στο Διεθνές Αεροδρόμιο του Κουβέιτ, χαρακτηρίζοντάς την ως επικίνδυνη κλιμάκωση στην περιοχή του Κόλπου.",,,"[""Egypt"", ""Iran"", ""Kuwait""]",[],[],"[""Kuwait International Airport"", ""Gulf region""]",Other,0.9
2081,2026-06-05,Cross_Regional,BBC Arabic,واشنطن: حققنا تقدماً في اتفاق وقف إطلاق النار بلبنان,2,"[MACRO INFO] Η Χεζμπολάχ απέρριψε την προτεινόμενη συμφωνία κατάπαυσης του πυρός στον Λίβανο, επικαλούμενη τις συνεχιζόμενες ισραηλινές επιθέσεις σε λιβανέζικα χωριά.",,,"[""USA"", ""Lebanon"", ""Israel""]",[],"[""Hezbollah""]","[""Washington""]",Humanitarian,0.9
2087,2026-06-05,Cross_Regional,Middle East Eye,"Around 9,500 detainees in Israeli prisons, including children",2,"[MACRO INFO] Περίπου 9.500 άτομα, μεταξύ των οποίων γυναίκες και 360 παιδιά, κρατούνται σε ισραηλινές φυλακές. Επιπλέον χιλιάδες Παλαιστίνιοι από τη Γάζα φέρεται να κρατούνται σε στρατόπεδα.",,,"[""Israel""]",[],[],"[""Gaza""]",Humanitarian,0.9
2091,2026-06-05,Cross_Regional,Al Monitor,Trump says he does not need deal with Iran to get enriched uranium,2,[MACRO INFO] Ο Πρόεδρος των ΗΠΑ Ντόναλντ Τραμπ δήλωσε ότι οι ΗΠΑ δεν χρειάζονται συμφωνία με το Ιράν για εμπλουτισμένο ουράνιο και ότι δεν επιθυμεί συνάντηση με τον Ανώτατο Ηγέτη του Ιράν.,,,"[""United States"", ""Iran""]","[""Donald Trump""]",[],[],Other,0.9
2092,2026-06-05,Cross_Regional,Al Monitor,Trump says he thinks progress is being made on Lebanon,2,[MACRO INFO] Ο Πρόεδρος των ΗΠΑ Ντόναλντ Τραμπ δήλωσε ότι πιστεύει πως σημειώνεται πρόοδος στις σχέσεις μεταξύ Ισραήλ και Λιβάνου.,,,"[""Lebanon"", ""USA"", ""Israel""]","[""Donald Trump""]",[],[],Other,0.9
2111,2026-06-05,Turkiye,Evrensel,TÜİK mayıs ayı enflasyon rakamlarını açıklayacak,2,"[MACRO INFO] Ο στατιστικός οργανισμός της Τουρκίας θα ανακοινώσει τα στοιχεία του πληθωρισμού για τον Μάιο 2026, με τις προκαταρκτικές εκτιμήσεις να έχουν γίνει γνωστές.",,,"[""Turkey""]",[],"[""TÜİK""]",[],Economic Migration,0.9
2123,2026-06-05,Egypt,Egyptian Streets,Egypt Welcomes ILO Resolution Enabling Palestine’s Participation,2,"[MACRO INFO] Η Αίγυπτος καλωσόρισε ψήφισμα του ILO που επιτρέπει τη συμμετοχή της Παλαιστίνης στις δραστηριότητές του, εν μέσω του πολέμου στη Γάζα.",,,"[""Egypt"", ""Palestine""]",[],"[""ILO""]","[""Gaza""]",Policy Change,0.95
2008,2026-06-04,Syria,Enab Baladi,SDF Launches Month-Long Campaign in al-Hasakah,2,[MACRO INFO] Οι Συριακές Δημοκρατικές Δυνάμεις (SDF) ξεκίνησαν μια εκστρατεία ασφαλείας στην πόλη Αλ-Χασάκα.,,,"[""Syria""]",[],"[""SDF"", ""Syrian Democratic Forces""]","[""al-Hasakah""]",Humanitarian,0.9
2009,2026-06-04,Syria,Enab Baladi,"Turkey Discusses Reviving Gulf Transport Corridor via Syria, Jordan",2,[MACRO INFO] Ο Τούρκος Υπουργός Εξωτερικών συζητά την αναβίωση ενός διαδρόμου μεταφορών μέσω Συρίας και Ιορδανίας με χώρες της περιοχής.,,,"[""Turkey"", ""Syria"", ""Jordan""]",[],[],"[""Gulf""]",Policy Change,0.9
2011,2026-06-04,Syria,Enab Baladi,Suwayda Tensions Follow Church Property Evictions,2,[MACRO INFO] Η πόλη της Σουέιδα (νότια Συρία) γνώρισε εντάσεις ασφαλείας μετά από εξώσεις από εκκλησιαστική ιδιοκτησία.,,,"[""Syria""]",[],[],"[""Suwayda"", ""Southern Syria""]",Humanitarian,0.9
2012,2026-06-04,Syria,Enab Baladi,"Seeking a Lifeline, Private Sector Talks Continue in Damascus",2,"[MACRO INFO] Σύροι υπουργοί οικονομικών, μεταφορών και γεωργίας συναντήθηκαν στη Δαμασκό για συζητήσεις με τον ιδιωτικό τομέα.",,,"[""Syria""]",[],[],"[""Damascus""]",Humanitarian,0.9
2014,2026-06-04,Syria,Syria Direct,"Al-Sharaa’s shakeup: A merit-based state, or a circle of trust?",2,[MACRO INFO] Ο Πρόεδρος Ahmad al-Sharaa προέβη σε αναδιάρθρωση κυβερνητών και υπουργών στη Συρία.,,,"[""Syria""]","[""Ahmad al-Sharaa""]",[],[],Policy Change,0.9
2015,2026-06-04,Syria,Syria Direct,"As Atef Najib’s trial proceeds, what legal basis exists for transitional justice?",2,"[MACRO INFO] Προχωρά η δίκη του πρώην αξιωματούχου ασφαλείας του καθεστώτος Άσαντ, Atef Najib, εγείροντας ερωτήματα για τη νομική βάση της μεταβατικής δικαιοσύνης.",,,"[""Syria""]","[""Atef Najib"", ""Assad""]",[],[],Humanitarian,0.9
2016,2026-06-04,Syria,Syria Direct,Syria bids farewell to its ‘Kingdom of Silence’—but warnings remain over a ‘trap’ in comparing press freedom with the Assad era,2,[MACRO INFO] Εκατοντάδες δημοσιογράφοι έχουν χάσει τη ζωή τους στη Συρία από την έναρξη της επανάστασης του 2011.,,,"[""Syria""]",[],[],[],Humanitarian,0.9
2017,2026-06-04,Syria,Syria Direct,Suwayda’s students caught up in the struggle with Damascus,2,"[MACRO INFO] Στη Σουέιντα της Συρίας, φοιτητές αντιμετωπίζουν τον κίνδυνο μη αναγνώρισης πτυχίων εν μέσω συνεχιζόμενης διαμάχης με την κυβέρνηση της Δαμασκού.",,,"[""Syria""]",[],[],"[""Suwayda"", ""Damascus""]",Policy Change,0.9
2018,2026-06-04,Lebanon,Daraj,محاكمة عاطف نجيب: السوريون يستحقّون استراتيجية واضحة للعدالة الانتقالية,2,"[MACRO INFO] Η δίκη του Atef Najib, συνδεόμενου με την καταστολή που πυροδότησε την επανάσταση στη Συρία, έρχεται εν μέσω έλλειψης ξεκάθαρης στρατηγικής μεταβατικής δικαιοσύνης στη χώρα.",,,"[""Syria""]","[""Atef Najib""]",[],[],Policy Change,0.9
2020,2026-06-04,Lebanon,Daraj,معادلة الاستنزاف المقلوبة: هل نجحت معادلة “الدرونات” في تحدي الدفاع الخليجي؟,2,"[MACRO INFO] Επίθεση με drones στόχευσε πυρηνικό σταθμό στο Άμπου Ντάμπι, αποδιδόμενη σε φιλοϊρανικές πολιτοφυλακές.",,,"[""United Arab Emirates"", ""Iran""]",[],[],"[""Abu Dhabi"", ""Persian Gulf""]",Other,0.9
2022,2026-06-04,Lebanon,Daraj,“ثاندر” وبنوك الظلّ: من يحمي أموال المصريين في عصر التطبيقات؟عبد الله بكر,2,[MACRO INFO] Αιγύπτιοι πολίτες αντιμετωπίζουν οικονομικές δυσκολίες και απώλεια αποταμιεύσεων λόγω προβληματικών πρακτικών στον τομέα των καταναλωτικών δανείων και των ψηφιακών χρηματοπιστωτικών πλατφορμών.,,,"[""Egypt""]","[""Abdullah Bakr""]","[""Thunder""]",[],Economic Migration,0.9
2024,2026-06-04,Turkiye,Evrensel,İsrail ateşkesi yine deldi: Gazze'de aynı aileden beş kişi dahil dokuz Filistinli katledildi,2,"[MACRO INFO] Επιδρομές του Ισραήλ στόχευσαν κατοικίες στη Γάζα, προκαλώντας τον θάνατο εννέα Παλαιστινίων και τον τραυματισμό τουλάχιστον 20 ατόμων.",,,"[""Israel""]",[],[],"[""Gaza""]",Humanitarian,0.95
2026,2026-06-04,Turkiye,Turkish Minute,"US ambassador’s remarks grouping Turkey, Syria and Iraq together prompt backlash",2,[MACRO INFO] Σχόλια του Πρέσβη των ΗΠΑ που συσχέτισαν την Τουρκία με τη Συρία και το Ιράκ προκάλεσαν αντιδράσεις στην Τουρκία.,,,"[""US"", ""Turkey"", ""Syria"", ""Iraq""]",[],[],[],Policy Change,0.9
2027,2026-06-04,Turkiye,Turkish Minute,Turkey once again ranked among 10 worst countries for working people: ITUC,2,"[MACRO INFO] Η Τουρκία κατατάχθηκε ξανά στις δέκα χειρότερες χώρες για τους εργαζομένους, σύμφωνα με την ITUC.",,,"[""Turkey""]",[],"[""ITUC""]",[],Economic Migration,0.95
2028,2026-06-04,Turkiye,Turkish Minute,Turkish minister confirms visa broker complaints after censoring of report on ex-FM-linked VFS network,2,"[MACRO INFO] Ο Υπουργός Εμπορίου της Τουρκίας επιβεβαίωσε παράπονα για μεσάζοντες βίζας Σένγκεν και επανεξέταση εταιρειών, έπειτα από λογοκρισία αναφορών για διασυνδέσεις με πρώην υπουργό.",,,"[""Turkey""]",[],"[""VFS network""]",[],Policy Change,0.9
2029,2026-06-04,Turkiye,Turkish Minute,Turkish court orders block on pro-opposition newspaper’s X account,2,[MACRO INFO] Δικαστήριο στην Τουρκία διέταξε τον αποκλεισμό του λογαριασμού X (πρώην Twitter) αντιπολιτευόμενης εφημερίδας.,,,"[""Turkey""]",[],[],[],Policy Change,0.9
2030,2026-06-04,Turkiye,Turkish Minute,"Main opposition says government is planning to shut down CHP, urges party vote before July 25",2,[MACRO INFO] Η αξιωματική αντιπολίτευση της Τουρκίας δηλώνει ότι η κυβέρνηση σχεδιάζει να κλείσει το κόμμα της και ζητά ψηφοφορία πριν τις 25 Ιουλίου για να διασφαλίσει τη νόμιμη ύπαρξή του.,,,"[""Turkey""]",[],"[""CHP""]",[],Policy Change,0.9
2033,2026-06-04,Egypt,Mada Masr English,Ahmed Douma sentenced to 1 year with hard labor on false news charges,2,[MACRO INFO] Αιγύπτιος ποιητής και ακτιβιστής καταδικάστηκε σε ένα χρόνο φυλάκιση με καταναγκαστικά έργα με την κατηγορία της διάδοσης ψευδών ειδήσεων.,,,"[""Egypt""]","[""Ahmed Douma""]",[],[],Humanitarian,0.9
2034,2026-06-04,Egypt,Mada Masr English,Sudan Nashra: Military gains ground in Blue Nile front | RSF drones hit busy markets in North Darfur’s Zaghawa lands | Emerging alliance under Abdel Wahid Nur seeks seat at table in Sudan’s political talks,2,[MACRO INFO] Δυνάμεις Ταχείας Υποστήριξης έπληξαν πολυσύχναστες αγορές στο Βόρειο Νταρφούρ με drones εν μέσω στρατιωτικών κερδών στο Μπλε Νείλο.,,,"[""Sudan""]","[""Abdel Wahid Nur""]","[""RSF""]","[""Blue Nile"", ""North Darfur"", ""Zaghawa lands""]",Humanitarian,0.9
2039,2026-06-04,Cross_Regional,BBC Arabic,مكالمة هاتفية بين ترامب ونتنياهو تُعقّد المحادثات مع إيران,2,[MACRO INFO] Τηλεφωνική επικοινωνία μεταξύ Τραμπ και Νετανιάχου περιπλέκει τις συνομιλίες με το Ιράν.,,,"[""USA"", ""Israel"", ""Iran""]","[""Trump"", ""Netanyahu""]",[],[],Policy Change,0.9
2040,2026-06-04,Cross_Regional,BBC Arabic,ما الخيارات أمام إسرائيل إذا توصلت إيران والولايات المتحدة إلى اتفاق؟,2,[MACRO INFO] Συζητήσεις εντείνονται στο Ισραήλ σχετικά με τις επιλογές του μετά από ένα πιθανό αμερικανο-ιρανικό διακανονισμό.,,,"[""Israel"", ""Iran"", ""United States""]",[],[],[],Policy Change,0.9
2041,2026-06-04,Cross_Regional,BBC Arabic,استنفار صحي في الكويت بعد الهجوم الإيراني، والحرس الثوري ينفي استهداف المطار الدولي,2,"[MACRO INFO] Το Ιράν αρνείται επίθεση στο Διεθνές Αεροδρόμιο του Κουβέιτ, αποδίδοντάς την σε βλάβη συστήματος Patriot, ενώ το Κουβέιτ την χαρακτηρίζει εγκληματική επίθεση.",,,"[""Kuwait"", ""Iran""]",[],"[""Islamic Revolutionary Guard Corps""]","[""Kuwait International Airport""]",Humanitarian,0.9
2042,2026-06-04,Cross_Regional,Al Jazeera,Israeli strikes on residential buildings kill nine in Gaza City,2,"[MACRO INFO] Ισραηλινά πλήγματα σε κτίρια κατοικιών στη Γάζα σκότωσαν εννέα Παλαιστίνιους, προκαλώντας πυρκαγιές και καταστροφές.",,,"[""Israel"", ""Palestine""]",[],[],"[""Gaza City"", ""Gaza""]",Humanitarian,0.9
2043,2026-06-04,Cross_Regional,Middle East Eye,Hezbollah chief demands 'comprehensive' ceasefire and Israeli withdrawal,2,[MACRO INFO] Ο επικεφαλής της Χεζμπολάχ ζήτησε συνολική κατάπαυση του πυρός και αποχώρηση του Ισραήλ από τον Λίβανο. Προειδοποίησε για ανασφάλεια εάν συνεχιστούν οι στοχεύσεις λιβανέζικων χωριών.,,,"[""Israel"", ""Lebanon""]",[],"[""Hezbollah""]",[],Border Crisis,0.9
2044,2026-06-04,Cross_Regional,Middle East Eye,Iranian press review: Iran’s inaction over Israel’s war in Lebanon questioned by critics,2,[MACRO INFO] Κριτικοί αμφισβητούν την αδράνεια του Ιράν σχετικά με τον πόλεμο του Ισραήλ στον Λίβανο. Η επισκόπηση του ιρανικού τύπου αναφέρει επίσης εσωτερικά ζητήματα όπως διαμαρτυρίες και συλλήψεις.,,,"[""Iran"", ""Israel"", ""Lebanon""]",[],[],[],Humanitarian,0.9
2045,2026-06-04,Cross_Regional,Middle East Eye,Hezbollah chief says northern Israel not safe as long as Lebanese villages are bombed,2,[MACRO INFO] Ο αρχηγός της Χεζμπολάχ δηλώνει ότι το βόρειο Ισραήλ δεν θα είναι ασφαλές όσο βομβαρδίζονται λιβανέζικα χωριά.,,,"[""Israel"", ""Lebanon""]",[],"[""Hezbollah""]","[""Northern Israel""]",Border Crisis,0.9
2046,2026-06-04,Cross_Regional,Middle East Eye,Trump condemns 'unpatriotic' US House vote to end war on Iran,2,[MACRO INFO] Ο Αμερικανός Πρόεδρος Τραμπ καταδίκασε την ψήφο της Βουλής των Αντιπροσώπων των ΗΠΑ για τον τερματισμό του πολέμου με το Ιράν.,,,"[""USA"", ""Iran""]","[""Trump""]","[""US House of Representatives""]",[],Policy Change,0.9
2047,2026-06-04,Cross_Regional,Middle East Eye,Israel seeks to recruit ultranationalists for police unit at Al-Aqsa Mosque,2,[MACRO INFO] Το Ισραήλ επιδιώκει να στρατολογήσει υπερεθνικιστές για αστυνομική μονάδα στο Τέμενος Αλ-Άκσα. Παλαιστίνιοι αξιωματούχοι προειδοποιούν για συνεργασία με ομάδες που επιδιώκουν την καταστροφή του χώρου.,,,"[""Israel"", ""Palestine""]",[],[],"[""Al-Aqsa Mosque""]",Policy Change,0.9
2048,2026-06-04,Cross_Regional,Al Monitor,Lebanon ceasefire raises hopes of progress for Iran deal,2,"[MACRO INFO] Επιτεύχθηκε νέα συμφωνία κατάπαυσης του πυρός μεταξύ Ισραήλ και Λιβάνου, με ελπίδες για πρόοδο στην επίλυση του πολέμου ΗΠΑ-Ιράν.",,,"[""Lebanon"", ""Israel"", ""Iran"", ""USA""]",[],[],[],Policy Change,0.9
2050,2026-06-04,Cross_Regional,Al Monitor,Putin faces rival visions of war and peace at Russia's 'Davos',2,[MACRO INFO] Ο Ρώσος Πρόεδρος αντιμετωπίζει διαφορετικές απόψεις για τον πόλεμο στην Ουκρανία και την μελλοντική πορεία της Ρωσίας σε διεθνές φόρουμ.,,,"[""Russia"", ""Ukraine""]","[""Putin""]",[],"[""Russia""]",Other,0.9
2051,2026-06-04,Cross_Regional,Al Monitor,Iran leader says dealt enemies 'decisive blow' in Mideast war,2,"[MACRO INFO] Ο ανώτατος ηγέτης του Ιράν δήλωσε ότι οι ΗΠΑ και το Ισραήλ δέχθηκαν «καίριο πλήγμα» στον πόλεμο της Μέσης Ανατολής, χωρίς πρόοδο στις διαπραγματεύσεις για τον τερματισμό της σύγκρουσης.",,,"[""Iran"", ""USA"", ""Israel""]",[],[],"[""Middle East""]",Other,0.9
1914,2026-06-03,Syria,North Press Agency,Russia sends supply ship to Syria’s Khmeimim base,2,[MACRO INFO] Η Ρωσία έστειλε ένα πλοίο ανεφοδιασμού στη βάση της Χμεϊμίμ στη Συρία.,,,"[""Russia"", ""Syria""]",[],[],"[""Khmeimim base""]",Other,0.9
1916,2026-06-03,Syria,Enab Baladi,"Turkey Discusses Reviving Gulf Transport Corridor via Syria, Jordan",2,[MACRO INFO] Η Τουρκία συζητά την αναβίωση του διαδρόμου μεταφορών του Κόλπου μέσω Συρίας και Ιορδανίας.,,,"[""Turkey"", ""Syria"", ""Jordan""]",[],[],"[""Gulf Transport Corridor""]",Policy Change,0.9
1918,2026-06-03,Syria,Enab Baladi,Suwayda Tensions Follow Church Property Evictions,2,[MACRO INFO] Η πόλη Σουγουέιντα (νότια Συρία) αντιμετώπισε εντάσεις ασφαλείας μετά από εξώσεις από εκκλησιαστική περιουσία.,,,"[""Syria""]",[],[],"[""Suwayda""]",Humanitarian,0.9
1919,2026-06-03,Syria,Enab Baladi,"Seeking a Lifeline, Private Sector Talks Continue in Damascus",2,[MACRO INFO] Σύροι υπουργοί συναντήθηκαν με τον ιδιωτικό τομέα στην ύπαιθρο της Δαμασκού για συζητήσεις που αφορούν την οικονομία.,,,"[""Syria""]",[],[],"[""Damascus""]",Economic Migration,0.9
1922,2026-06-03,Syria,Syria Direct,"Al-Sharaa’s shakeup: A merit-based state, or a circle of trust?",2,"[MACRO INFO] Ο πρόεδρος Αλ-Σαράα προχώρησε σε ανασχηματισμό διοικητών και υπουργών στη Συρία, εγείροντας ερωτήματα για την αξιοκρατία ή τον έλεγχο ασφαλείας.",,,"[""Syria""]","[""Al-Sharaa""]",[],[],Policy Change,0.9
1923,2026-06-03,Syria,Syria Direct,"As Atef Najib’s trial proceeds, what legal basis exists for transitional justice?",2,"[MACRO INFO] Η δίκη του πρώην αξιωματούχου του καθεστώτος Άσαντ, Atef Najib, συνεχίζεται χωρίς νομικό πλαίσιο για μεταβατική δικαιοσύνη.",,,"[""Syria""]","[""Atef Najib"", ""Assad""]",[],[],Humanitarian,0.9
1924,2026-06-03,Syria,Syria Direct,Syria bids farewell to its ‘Kingdom of Silence’—but warnings remain over a ‘trap’ in comparing press freedom with the Assad era,2,[MACRO INFO] Η Συρία χαρακτηρίζεται ως «Βασίλειο της Σιωπής» με εκατοντάδες δημοσιογράφους να έχουν χάσει τη ζωή τους από το 2011.,,,"[""Syria""]",[],[],[],Humanitarian,0.9
1925,2026-06-03,Syria,Syria Direct,Suwayda’s students caught up in the struggle with Damascus,2,[MACRO INFO] Μαθητές στη Σουέιντα της Συρίας αντιμετωπίζουν τον κίνδυνο μη αναγνώρισης των απολυτηρίων τους λόγω διαφωνίας με την κυβέρνηση της Δαμασκού.,,,"[""Syria""]",[],[],"[""Suwayda"", ""Damascus""]",Policy Change,0.9
1926,2026-06-03,Lebanon,Daraj,جيش وشعب… وصنّاع محتوى!,2,"[MACRO INFO] Αναφορές για σφαγές, αστική και πολιτιστική εξόντωση, καθώς και κατάληψη χωριών σε ζώνη σύγκρουσης.",,,[],[],[],[],Humanitarian,0.9
1927,2026-06-03,Lebanon,Daraj,“ثاندر” وبنوك الظلّ: من يحمي أموال المصريين في عصر التطبيقات؟عبد الله بكر,2,[MACRO INFO] Οικονομικά προβλήματα πλήττουν τους πολίτες στην Αίγυπτο λόγω επισφαλών καταναλωτικών δανείων και απωλειών αποταμιεύσεων σε ψηφιακές πλατφόρμες.,,,"[""Egypt""]","[""Abdullah Bakr""]","[""Thunder""]",[],Economic Migration,0.9
1933,2026-06-03,Turkiye,Turkish Minute,"Tom Lantos Human Rights Commission to hold hearing on Turkey’s democracy, rights record",2,[MACRO INFO] Η επιτροπή ανθρωπίνων δικαιωμάτων Tom Lantos θα πραγματοποιήσει ακρόαση για την κατάσταση της δημοκρατίας και των δικαιωμάτων στην Τουρκία.,,,"[""Turkey""]","[""Tom Lantos""]","[""Tom Lantos Human Rights Commission""]",[],Humanitarian,0.9
1934,2026-06-03,Turkiye,Turkish Minute,Pro-Kurdish party leader says intervention in Turkey’s main opposition threatens all politics,2,[MACRO INFO] Ο αρχηγός του φιλοκουρδικού κόμματος δήλωσε ότι δικαστική απόφαση και αστυνομική επέμβαση κατά του κυριότερου αντιπολιτευόμενου κόμματος της Τουρκίας απειλούν όλη την πολιτική και την κοινωνία των πολιτών στη χώρα.,,,"[""Turkey""]",[],[],[],Policy Change,0.9
1935,2026-06-03,Turkiye,Turkish Minute,[INTERVIEW] What makes Erdoğan an untouchable autocrat?,2,[MACRO INFO] Συνέντευξη αναλύει την εδραίωση της εξουσίας του Προέδρου Ερντογάν στην Τουρκία και την αυταρχική του διακυβέρνηση.,,,"[""Turkey""]","[""Erdoğan""]",[],[],Other,0.9
1936,2026-06-03,Turkiye,Turkish Minute,Turkish authorities detain 70 in ISIL operations across 21 provinces,2,[MACRO INFO] Οι τουρκικές αρχές συνέλαβαν 70 άτομα σε επιχειρήσεις κατά του ISIL σε 21 επαρχίες.,,,"[""Turkey""]",[],"[""ISIL""]","[""21 provinces""]",Other,0.9
1938,2026-06-03,Egypt,Mada Masr English,Sudan Nashra: Military gains ground in Blue Nile front | RSF drones hit busy markets in North Darfur’s Zaghawa lands | Emerging alliance under Abdel Wahid Nur seeks seat at table in Sudan’s political talks,2,"[MACRO INFO] Δυνάμεις RSF έπληξαν αγορές στο Βόρειο Νταρφούρ με drones, εν μέσω στρατιωτικών εξελίξεων στην περιοχή του Γαλάζιου Νείλου και πολιτικών διαβουλεύσεων στο Σουδάν.",,,"[""Sudan""]","[""Abdel Wahid Nur""]","[""RSF""]","[""Blue Nile"", ""North Darfur"", ""Zaghawa lands""]",Humanitarian,0.9
1943,2026-06-03,Egypt,Egyptian Streets,UN Places Israel on Conflict-Related Sexual Violence Blacklist,2,"[MACRO INFO] Ο ΟΗΕ πρόσθεσε το Ισραήλ σε μαύρη λίστα για σεξουαλική βία σχετιζόμενη με συγκρούσεις, τεκμηριώνοντας καταγγελίες κατά ισραηλινού προσωπικού σε εγκαταστάσεις κράτησης.",,,"[""Israel""]",[],"[""UN""]",[],Humanitarian,0.9
1945,2026-06-03,Cross_Regional,BBC Arabic,الولايات المتحدة وإيران تتبادلان ضربات جديدة مع تعثر مفاوضات وقف إطلاق النار,2,[MACRO INFO] Αμοιβαία στρατιωτική κλιμάκωση μεταξύ Ηνωμένων Πολιτειών και Ιράν περιλαμβάνοντας χτυπήματα στην νήσο Qeshm και αναχαίτιση πυραύλων. Η ένταση οφείλεται σε αποτυχημένες διαπραγματεύσεις κατάπαυσης του πυρός.,,,"[""United States"", ""Iran""]",[],[],"[""Qeshm Island""]",Other,0.9
1947,2026-06-03,Cross_Regional,BBC Arabic,"""النفاذ إلى البحر الأحمر"": فصل جديد في صراع مصر وإثيوبيا",2,"[MACRO INFO] Η σύγκρουση επιρροής μεταξύ Αιγύπτου και Αιθιοπίας στην περιοχή του Κέρατος της Αφρικής εντείνεται, με επίκεντρο πλέον την πρόσβαση στην Ερυθρά Θάλασσα.",,,"[""Egypt"", ""Ethiopia""]",[],[],"[""Red Sea"", ""Horn of Africa""]",Policy Change,0.9
1949,2026-06-03,Cross_Regional,Al Jazeera,"What’s happening on day 96 of Iran war as US, Iran engage in new attacks",2,[MACRO INFO] Οι ΗΠΑ και το Ιράν εμπλέκονται σε νέες επιθέσεις. Οι ΗΠΑ αρνούνται την άρση κυρώσεων χωρίς παραίτηση του Ιράν από εμπλουτισμένο ουράνιο.,,,"[""Iran"", ""US""]",[],[],[],Policy Change,0.9
1951,2026-06-03,Cross_Regional,Al Jazeera,Accident on Kuwait motorway as Iranian missiles fly overhead,2,[MACRO INFO] Τροχαίο δυστύχημα σημειώθηκε σε αυτοκινητόδρομο του Κουβέιτ με ιρανικούς πυραύλους να πετούν πάνω από την περιοχή.,,,"[""Kuwait"", ""Iran""]",[],[],"[""Kuwait motorway""]",Humanitarian,0.9
1952,2026-06-03,Cross_Regional,Middle East Eye,Morning update,2,"[MACRO INFO] Αμερικανικές δυνάμεις έπληξαν στόχους στο ιρανικό νησί Qeshm, προκαλώντας ιρανικές επιθέσεις αντιποίνων εναντίον στρατιωτικών εγκαταστάσεων στον Κόλπο.",,,"[""United States"", ""Iran""]",[],[],"[""Qeshm"", ""The Gulf""]",Other,0.9
1953,2026-06-03,Cross_Regional,Middle East Eye,CBS: Same F-15E crew member survived two aircraft losses during Iran war,2,"[MACRO INFO] Ένα μέλος πληρώματος F-15E των ΗΠΑ επέζησε από δύο απώλειες αεροσκαφών κατά τη διάρκεια πολέμου με το Ιράν, μία λόγω πυραύλου και μία σε περιστατικό φίλιων πυρών.",,,"[""Iran"", ""USA""]",[],[],[],Other,0.9
1954,2026-06-03,Cross_Regional,Middle East Eye,Netanyahu won't stop until all Arab political parties are gone,2,[MACRO INFO] Ο Πρωθυπουργός του Ισραήλ Μπενιαμίν Νετανιάχου εντείνει τις προσπάθειες για την απονομιμοποίηση αραβικών πολιτικών κομμάτων και Παλαιστινίων υποψηφίων.,,,"[""Israel"", ""Palestine""]","[""Benjamin Netanyahu""]",[],[],Policy Change,0.9
1955,2026-06-03,Cross_Regional,Middle East Eye,Kuwait says airport passenger terminal hit by Iranian drones and missiles,2,"[MACRO INFO] Τερματικός σταθμός επιβατών στο Διεθνές Αεροδρόμιο του Κουβέιτ χτυπήθηκε από ιρανικά drones και πυραύλους, προκαλώντας τραυματισμούς και ζημιές.",,,"[""Kuwait"", ""Iran""]",[],[],"[""Kuwait International Airport""]",Humanitarian,0.9
1956,2026-06-03,Cross_Regional,Al Monitor,"Hostilities flare in Iran war, oil jumps with talks at a stalemate",2,"[MACRO INFO] Επιδεινώθηκαν οι εχθροπραξίες στον πόλεμο του Ιράν, με ιρανική επίθεση με πυραύλους να προκαλεί ζημιές στο αεροδρόμιο του Κουβέιτ και αμερικανικά πλήγματα κοντά στα Στενά του Ορμούζ.",,,"[""Iran"", ""Kuwait"", ""US""]",[],[],"[""Kuwait International Airport"", ""Strait of Hormuz""]",Humanitarian,0.9
1958,2026-06-03,Cross_Regional,Al Monitor,"Hostilities flare again in Iran war, talks at a stalemate",2,[MACRO INFO] Εχθροπραξίες ξέσπασαν εκ νέου στον Κόλπο με αναφορές για επιθέσεις με πυραύλους στο Κουβέιτ. Οι διπλωματικές συνομιλίες ΗΠΑ-Ιράν παραμένουν σε αδιέξοδο.,,,"[""Iran"", ""Kuwait"", ""USA""]",[],[],"[""The Gulf""]",Humanitarian,0.9
1959,2026-06-03,Cross_Regional,Al Monitor,UN chief Guterres presents options for future Lebanon presence,2,[MACRO INFO] Ο Γενικός Γραμματέας του ΟΗΕ παρουσίασε επιλογές για τη συνέχιση της παρουσίας της UNIFIL στον Λίβανο.,,,"[""Lebanon""]","[""Guterres""]","[""UN"", ""UNIFIL""]",[],Policy Change,0.95
1960,2026-06-03,Cross_Regional,Al Monitor,"MSC says vessel hit by projectiles in Iraq's Umm Qasr port on Monday, crew safe",2,[MACRO INFO] Έμπορικό πλοίο δέχθηκε επίθεση με βλήματα στο λιμάνι Ουμ Κασρ του Ιράκ.,,,"[""Iraq""]",[],"[""MSC""]","[""Umm Qasr port""]",Humanitarian,0.9
1961,2026-06-03,Syria,North Press Agency,Israeli forces conduct two incursions in Syria’s Quneitra,2,"[MACRO INFO] Ισραηλινές δυνάμεις πραγματοποίησαν δύο εισβολές στην Κουνέιτρα της Συρίας, διεξάγοντας έρευνες σε σπίτια και δημιουργώντας προσωρινό στρατιωτικό σημείο ελέγχου.",,,"[""Israel"", ""Syria""]",[],[],"[""Quneitra""]",Border Crisis,0.9
1963,2026-06-03,Syria,North Press Agency,Iraq approves Basra oil storage through Syrian ports,2,[MACRO INFO] Το Ιράκ ενέκρινε σύμβαση για τη μεταφορά και αποθήκευση αργού πετρελαίου μέσω των συριακών λιμανιών της Μπανιάς και της Ταρτούς.,,,"[""Iraq"", ""Syria""]",[],[],"[""Basra"", ""Baniyas"", ""Tartus""]",Policy Change,0.9
1975,2026-06-03,Lebanon,Daraj,محاكمة عاطف نجيب: السوريون يستحقّون استراتيجية واضحة للعدالة الانتقالية,2,"[MACRO INFO] Η δίκη του Atef Najib, κατηγορούμενου για βίαιη καταστολή, αναδεικνύει την έλλειψη στρατηγικής μεταβατικής δικαιοσύνης στη Συρία.",,,"[""Syria""]","[""Atef Najib""]",[],[],Policy Change,0.9
1977,2026-06-03,Lebanon,Daraj,معادلة الاستنزاف المقلوبة: هل نجحت معادلة “الدرونات” في تحدي الدفاع الخليجي؟,2,[MACRO INFO] Μιλίσιες προσκείμενες στο Ιράν επιτέθηκαν με drones σε πυρηνικό εργοστάσιο στο Άμπου Ντάμπι.,,,"[""Iran"", ""United Arab Emirates""]",[],[],"[""Abu Dhabi""]",Other,0.9
1980,2026-06-03,Turkiye,Turkish Minute,"Former Turkish spy faces life sentence over alleged betrayal of defectors, state secrets to Assad",2,[MACRO INFO] Ένας πρώην Τούρκος κατάσκοπος αντιμετωπίζει ισόβια κάθειρξη για φερόμενη προδοσία λιποτακτών και κρατικών μυστικών στην υπηρεσία πληροφοριών του Άσαντ.,,,"[""Turkey"", ""Syria""]","[""Assad""]","[""Assad's intelligence service""]",[],Other,0.9
1992,2026-06-03,Cross_Regional,BBC Arabic,استنفار صحي في الكويت بعد الهجوم الإيراني,2,"[MACRO INFO] Συναγερμός υγείας κηρύχθηκε στο Κουβέιτ μετά από ιρανική επίθεση, την οποία το Υπουργείο Άμυνας του Κουβέιτ χαρακτήρισε «εγκληματική επίθεση».",,,"[""Kuwait"", ""Iran""]",[],"[""Kuwaiti Ministry of Defense""]",[],Humanitarian,0.9
1993,2026-06-03,Cross_Regional,BBC Arabic,إيران تحمّل الكويت والبحرين مسؤولية الهجمات الأمريكية,2,"[MACRO INFO] Στρατιωτική κλιμάκωση συνεχίζεται μεταξύ ΗΠΑ και Ιράν στον Κόλπο, με αμερικανικές επιθέσεις και αναχαίτιση πυραύλων. Το Ιράν επιρρίπτει ευθύνες στο Κουβέιτ και το Μπαχρέιν.",,,"[""Iran"", ""Kuwait"", ""Bahrain"", ""USA""]",[],[],"[""The Gulf""]",Humanitarian,0.9
1994,2026-06-03,Cross_Regional,BBC Arabic,أين تخفي إيران اليورانيوم المخصّب، وما مصير مخزونها؟,2,[MACRO INFO] Το αδιευκρίνιστο μέλλον του εμπλουτισμένου ουρανίου του Ιράν αποτελεί ένα περίπλοκο μυστήριο στο πυρηνικό του πρόγραμμα.,,,"[""Iran""]",[],[],[],Other,0.9
1998,2026-06-03,Cross_Regional,Al Jazeera,"Israel is building more military posts in Gaza, satellite imagery shows",2,[MACRO INFO] Το Ισραήλ κατασκευάζει περισσότερα στρατιωτικά φυλάκια στη Γάζα.,,,"[""Israel""]",[],[],"[""Gaza""]",Humanitarian,0.9
1999,2026-06-03,Cross_Regional,Middle East Eye,"Israel intercepts two projectiles fired from Lebanon, military says",2,[MACRO INFO] Το Ισραήλ αναχαίτισε δύο βλήματα και ένα εχθρικό αεροσκάφος που εισήλθαν από τον Λίβανο.,,,"[""Israel"", ""Lebanon""]",[],[],[],Border Crisis,0.9
2000,2026-06-03,Cross_Regional,Middle East Eye,Trump says Iran has agreed to not have a nuclear weapon,2,[MACRO INFO] Ο Ντόναλντ Τραμπ δήλωσε ότι το Ιράν συμφώνησε να μην αποκτήσει πυρηνικά όπλα και ότι πιθανώς θα συναντηθεί με τον Ανώτατο Ηγέτη Μοτζτάμπα Χαμενεΐ.,,,"[""Iran""]","[""Trump"", ""Μοτζτάμπα Χαμενεΐ""]",[],[],Other,0.9
2001,2026-06-03,Cross_Regional,Middle East Eye,At least 63 wounded in Iran's attack on Kuwait,2,[MACRO INFO] Τουλάχιστον 63 άτομα τραυματίστηκαν και ένας άνθρωπος σκοτώθηκε στην επίθεση του Ιράν στο Κουβέιτ.,,,"[""Iran"", ""Kuwait""]",[],[],[],Humanitarian,0.9
2003,2026-06-03,Cross_Regional,Al Monitor,Israel plans big West Bank settlement push many see as illegal,2,[MACRO INFO] Ο υπουργός Οικονομικών του Ισραήλ ανακοίνωσε μεγάλη επέκταση τριών εβραϊκών οικισμών στην κατεχόμενη Δυτική Όχθη με πάνω από 2.000 νέες κατοικίες.,,,"[""Israel""]",[],[],"[""West Bank""]",Policy Change,0.9
2006,2026-06-03,Cross_Regional,Al Monitor,"EU diplomatic arm proposed naval mission take ‘primary role’ in clearing Strait of Hormuz mines, document shows",2,[MACRO INFO] Η διπλωματική υπηρεσία της ΕΕ πρότεινε η ναυτική αποστολή Aspides να αναλάβει πρωταρχικό ρόλο στην εκκαθάριση ναρκών στα Στενά του Ορμούζ.,,,[],[],"[""EU"", ""Aspides""]","[""Strait of Hormuz""]",Policy Change,0.9
1822,2026-06-01,Syria,North Press Agency,"Al-Sharaa, Trump discuss remaining Syria sanctions in phone call",2,[MACRO INFO] Οι πρόεδροι της Συρίας και των ΗΠΑ συζήτησαν την άρση των κυρώσεων στη Συρία.,,,"[""Syria"", ""USA""]","[""Al-Sharaa"", ""Trump""]",[],[],Policy Change,0.9
1823,2026-06-01,Syria,North Press Agency,Civilian wounded by Israeli army gunfire west of Daraa,2,[MACRO INFO] Πολίτης τραυματίστηκε από πυρά του ισραηλινού στρατού δυτικά της Νταράα στη νότια Συρία.,,,"[""Israel"", ""Syria""]",[],[],"[""Daraa""]",Humanitarian,0.9
1824,2026-06-01,Syria,North Press Agency,SDF’s Abdi discusses prisoners issue with relatives in Kobani,2,"[MACRO INFO] Ο διοικητής των SDF, Αμπντί, συζήτησε το ζήτημα των κρατουμένων με συγγενείς στην Κομπάνι της Συρίας.",,,"[""Syria""]","[""Abdi""]","[""SDF""]","[""Kobani""]",Humanitarian,0.9
1827,2026-06-01,Syria,Enab Baladi,Tadamon Massacre Investigators Deny Hiding Evidence,2,[MACRO INFO] Ερευνητές της σφαγής της Τανταμόν στη Δαμασκό αρνούνται την απόκρυψη αποδεικτικών στοιχείων.,,,"[""Syria""]",[],[],"[""Tadamon"", ""Damascus""]",Humanitarian,0.9
1828,2026-06-01,Syria,Enab Baladi,Trump Names Thomas Barrack Envoy to Syria and Iraq,2,[MACRO INFO] Ο Πρόεδρος Τραμπ όρισε τον Τόμας Μπάρακ ως ειδικό απεσταλμένο για τη Συρία και το Ιράκ.,,,"[""Syria"", ""Iraq""]","[""Trump"", ""Thomas Barrack""]",[],[],Policy Change,0.9
1829,2026-06-01,Syria,Enab Baladi,Syria’s National Commission for the Missing Confirms Deaths of Rania al-Abbasi’s Children,2,[MACRO INFO] Η Εθνική Επιτροπή της Συρίας για τους Αγνοούμενους επιβεβαίωσε τον θάνατο των παιδιών της Rania al-Abbasi.,,,"[""Syria""]","[""Rania al-Abbasi""]","[""Syria’s National Commission for the Missing""]",[],Humanitarian,0.9
1832,2026-06-01,Syria,Syria Direct,"Al-Sharaa’s shakeup: A merit-based state, or a circle of trust?",2,"[MACRO INFO] Πραγματοποιήθηκε ανασχηματισμός κυβερνητών και υπουργών στη Συρία, εγείροντας ερωτήματα για την αιτία των διορισμών.",,,"[""Syria""]","[""Al-Sharaa""]",[],[],Policy Change,0.9
1833,2026-06-01,Syria,Syria Direct,"As Atef Najib’s trial proceeds, what legal basis exists for transitional justice?",2,"[MACRO INFO] Προχωρά η δίκη του πρώην αξιωματούχου ασφαλείας του καθεστώτος Άσαντ, Atef Najib, εν μέσω συζητήσεων για το νομικό πλαίσιο της μεταβατικής δικαιοσύνης.",,,"[""Syria""]","[""Atef Najib"", ""Assad""]",[],[],Humanitarian,0.9
1834,2026-06-01,Syria,Syria Direct,Syria bids farewell to its ‘Kingdom of Silence’—but warnings remain over a ‘trap’ in comparing press freedom with the Assad era,2,"[MACRO INFO] Η Συρία αποχαιρετά το «Βασίλειο της Σιωπής», με προειδοποιήσεις για την ελευθερία του τύπου μετά την εποχή Άσαντ. Εκατοντάδες δημοσιογράφοι έχασαν τη ζωή τους από την έναρξη της συριακής επανάστασης το 2011.",,,"[""Syria""]","[""Assad""]",[],[],Humanitarian,0.9
1835,2026-06-01,Syria,Syria Direct,Suwayda’s students caught up in the struggle with Damascus,2,"[MACRO INFO] Στη Suwayda της Συρίας, μαθητές αντιμετωπίζουν τον κίνδυνο μη αναγνώρισης των απολυτηρίων εξετάσεων λόγω συνεχιζόμενης διαφωνίας με την κυβέρνηση.",,,"[""Syria""]",[],[],"[""Suwayda"", ""Damascus""]",Policy Change,0.9
1844,2026-06-01,Turkiye,Turkish Minute,Turkey can resume normal relations with Israel if Gaza conditions are met: minister,2,[MACRO INFO] Ο Τούρκος Υπουργός Εξωτερικών δήλωσε ότι η ομαλοποίηση των σχέσεων με το Ισραήλ εξαρτάται από την παύση των δολοφονιών και την παροχή βασικών αναγκών στη Γάζα.,,,"[""Turkey"", ""Israel""]",[],[],"[""Gaza""]",Humanitarian,0.9
1845,2026-06-01,Turkiye,Turkish Minute,Turkish FM says US-Iran deal is ‘closer than ever’,2,[MACRO INFO] Ο Τούρκος ΥΠΕΞ δηλώνει ότι συμφωνία ΗΠΑ-Ιράν είναι πιο κοντά από ποτέ.,,,"[""Turkey"", ""United States"", ""Iran""]",[],[],[],Policy Change,0.9
1847,2026-06-01,Egypt,Mada Masr English,Sudan Nashra: Military gains ground in Blue Nile front | RSF drones hit busy markets in North Darfur’s Zaghawa lands | Emerging alliance under Abdel Wahid Nur seeks seat at table in Sudan’s political talks,2,[MACRO INFO] Στρατιωτικές δυνάμεις κερδίζουν έδαφος και drones χτυπούν πολυσύχναστες αγορές στο Σουδάν.,,,"[""Sudan""]","[""Abdel Wahid Nur""]","[""RSF""]","[""Blue Nile"", ""North Darfur"", ""Zaghawa lands""]",Humanitarian,0.9
1849,2026-06-01,Egypt,Mada Masr English,Why a US-Iran deal no longer matters,2,[MACRO INFO] Ήδη βρίσκεται σε εξέλιξη αποκλιμάκωση και οι ΗΠΑ και τα αραβικά κράτη επιθυμούν την ειρήνη.,,,"[""United States"", ""Iran"", ""Arab states""]",[],[],[],Policy Change,0.9
1851,2026-06-01,Egypt,Mada Masr English,"Mohamed Aboul Diyar held on false news, terrorism charges after authorities target prisoners’ campaign event organizers",2,[MACRO INFO] Δικηγόροι και φαρμακοποιοί συνελήφθησαν και κατηγορούνται για «διάδοση ψευδών ειδήσεων» και «συμμετοχή σε τρομοκρατική ομάδα» στην Αίγυπτο.,,,"[""Egypt""]","[""Mohamed Aboul Diyar""]",[],[],Humanitarian,0.9
1854,2026-06-01,Cross_Regional,BBC Arabic,"تبادل ضربات عسكرية بين واشنطن وطهران، ونفي إيراني لأنباء ""استقالة بزشكيان""",2,[MACRO INFO] Ένταση στην περιοχή με ανταλλαγή στρατιωτικών πληγμάτων μεταξύ ΗΠΑ και Ιράν. Το Κουβέιτ αναχαίτισε επιθέσεις μετά από αμερικανικά πλήγματα σε ιρανικές στρατιωτικές θέσεις.,,,"[""United States"", ""Iran"", ""Kuwait""]","[""Pezeshkian""]",[],[],Humanitarian,0.9
1856,2026-06-01,Cross_Regional,BBC Arabic,بعد سنوات من الاختفاء القسري.. الإعلان عن مقتل أبناء رانيا العباسي يهز منصات التواصل الاجتماعي,2,"[MACRO INFO] Ανακοινώθηκε ο θάνατος των παιδιών της Ράνια Αλ-Αμπάσι, η οποία είχε εξαφανιστεί μαζί τους στην Συρία το 2013.",,,"[""Syria""]","[""Rania Al-Abbasi""]",[],[],Humanitarian,0.9
1860,2026-06-01,Cross_Regional,Middle East Eye,IRGC says it struck airbase used in US attack on southern Iran,2,[MACRO INFO] Το Σώμα των Φρουρών της Ισλαμικής Επανάστασης ανακοίνωσε ότι έπληξε αεροπορική βάση που χρησιμοποιήθηκε σε αμερικανική επίθεση στο νότιο Ιράν.,,,"[""US"", ""Iran""]",[],"[""IRGC"", ""Islamic Revolutionary Guard Corps""]","[""southern Iran""]",Other,0.9
1863,2026-06-01,Cross_Regional,Middle East Eye,"Australian flotilla activists join ICC submission against Israel, provide testimony",2,"[MACRO INFO] Αυστραλοί ακτιβιστές flotilla συμμετείχαν σε υποβολή στον ICC κατά του Ισραήλ, παρέχοντας μαρτυρία.",,,"[""Australia"", ""Israel""]",[],"[""ICC""]",[],Humanitarian,0.95
1865,2026-06-01,Cross_Regional,Al Monitor,Trump says Iran really wants to make a deal with the US,2,"[MACRO INFO] Στρατιωτικές δυνάμεις των ΗΠΑ έπληξαν ιρανικές στρατιωτικές τοποθεσίες, με το Ιράν να ανταποδίδει πλήττοντας αμερικανική βάση, στο πλαίσιο ενός τριμηνιαίου πολέμου.",,,"[""US"", ""Iran""]","[""Trump""]",[],[],Other,0.9
1866,2026-06-01,Cross_Regional,Al Monitor,"US says it struck Iranian military sites, Tehran responds with air base attack",2,"[MACRO INFO] Οι ΗΠΑ ανακοίνωσαν ότι έπληξαν ιρανικές στρατιωτικές εγκαταστάσεις, με το Ιράν να απαντά με επίθεση σε αμερικανική βάση.",,,"[""United States"", ""Iran""]",[],[],[],Humanitarian,0.9
1868,2026-06-01,Cross_Regional,Al Monitor,"Syria's Sharaa holds phone call with Trump, Syrian presidency says",2,[MACRO INFO] Ο Σύρος πρόεδρος συνομίλησε με τον Αμερικανό πρόεδρο για την υποστήριξη της συριακής οικονομίας και την άρση των κυρώσεων.,,,"[""Syria"", ""United States""]","[""Sharaa"", ""Trump""]",[],[],Policy Change,0.9
1775,2026-05-31,Syria,North Press Agency,Iranian adviser accuses Trump of ‘betraying diplomacy’ amid ongoing talks,2,[MACRO INFO] Ιρανός σύμβουλος κατηγόρησε τον Ντόναλντ Τραμπ για προδοσία της διπλωματίας εν μέσω συνομιλιών και για διατήρηση ναυτικού αποκλεισμού του Ιράν.,,,"[""Iran"", ""USA""]","[""Donald Trump""]",[],[],Policy Change,0.9
1776,2026-05-31,Syria,North Press Agency,Government security forces arrest 3 suspects in Deir ez-Zor,2,[MACRO INFO] Δυνάμεις ασφαλείας συνέλαβαν τρία άτομα στην Ντέιρ εζ-Ζορ της ανατολικής Συρίας για επιθέσεις εναντίον κυβερνητικών δυνάμεων.,,,"[""Syria""]",[],[],"[""Deir ez-Zor""]",Other,0.9
1777,2026-05-31,Syria,North Press Agency,"Landmine blast kills child, injures brother in Deir ez-Zor",2,[MACRO INFO] Έκρηξη νάρκης στην ύπαιθρο της Ντέιρ εζ-Ζορ στη Συρία σκότωσε ένα παιδί και τραυμάτισε τον αδερφό του.,,,"[""Syria""]",[],[],"[""Deir ez-Zor""]",Humanitarian,0.9
1778,2026-05-31,Syria,North Press Agency,Hegseth says US ready to resume strikes on Iran if talks fail,2,[MACRO INFO] Ο Υπουργός Πολέμου των ΗΠΑ δήλωσε ότι οι ΗΠΑ είναι έτοιμες να επαναλάβουν στρατιωτικά πλήγματα κατά του Ιράν εάν οι διαπραγματεύσεις αποτύχουν.,,,"[""US"", ""Iran""]","[""Hegseth""]",[],[],Other,0.9
1779,2026-05-31,Syria,North Press Agency,Marco Rubio announces end of Tom Barrack’s role as US Envoy to Syria,2,[MACRO INFO] Ο Μάρκο Ρούμπιο ανακοίνωσε την ολοκλήρωση του ρόλου του Τομ Μπάρακ ως Ειδικού Απεσταλμένου των ΗΠΑ για τη Συρία.,,,"[""United States"", ""Syria""]","[""Marco Rubio"", ""Tom Barrack""]",[],[],Policy Change,0.9
1781,2026-05-31,Syria,Enab Baladi,US Ends Thomas Barrack’s Syria Envoy Term,2,[MACRO INFO] Οι ΗΠΑ ολοκλήρωσαν τη θητεία του ειδικού απεσταλμένου τους για τη Συρία.,,,"[""US"", ""Syria""]","[""Thomas Barrack""]",[],[],Policy Change,0.95
1782,2026-05-31,Syria,Enab Baladi,Raqqa Residents Protest Demolition Plan in North of al-Sikka,2,[MACRO INFO] Κάτοικοι της Ράκα διαμαρτύρονται για σχέδιο κατεδάφισης στη βόρεια περιοχή της al-Sikka.,,,[],[],[],"[""Raqqa"", ""al-Sikka""]",Humanitarian,0.9
1784,2026-05-31,Syria,Enab Baladi,Syria Sees Casualties in Eid al-Adha Security Incidents,2,[MACRO INFO] Αρκετές περιοχές της Συρίας σημείωσαν περιστατικά ασφαλείας με θύματα κατά τη διάρκεια του Eid al-Adha.,,,"[""Syria""]",[],[],[],Humanitarian,0.9
1786,2026-05-31,Syria,Syria Direct,"Al-Sharaa’s shakeup: A merit-based state, or a circle of trust?",2,[MACRO INFO] Πραγματοποιήθηκε ανασχηματισμός κυβερνητών και υπουργών στη Συρία από τον Πρόεδρο Ahmad al-Sharaa.,,,"[""Syria""]","[""Ahmad al-Sharaa""]",[],[],Policy Change,0.9
1787,2026-05-31,Syria,Syria Direct,"As Atef Najib’s trial proceeds, what legal basis exists for transitional justice?",2,[MACRO INFO] Συζήτηση για τη νομική βάση της μεταβατικής δικαιοσύνης εν μέσω δίκης πρώην αξιωματούχου του καθεστώτος Άσαντ.,,,"[""Syria""]","[""Atef Najib""]",[],[],Humanitarian,0.9
1788,2026-05-31,Syria,Syria Direct,Syria bids farewell to its ‘Kingdom of Silence’—but warnings remain over a ‘trap’ in comparing press freedom with the Assad era,2,[MACRO INFO] Η Συρία χαρακτηρίζεται ως «Βασίλειο της Σιωπής» λόγω της καταστολής της ελευθερίας του τύπου και του θανάτου εκατοντάδων δημοσιογράφων από το 2011.,,,"[""Syria""]","[""Assad""]",[],[],Humanitarian,0.9
1789,2026-05-31,Syria,Syria Direct,Suwayda’s students caught up in the struggle with Damascus,2,[MACRO INFO] Χιλιάδες φοιτητές στη Σουέιντα της Συρίας αντιμετωπίζουν πρόβλημα αναγνώρισης πτυχίων εν μέσω συνεχιζόμενης διαμάχης με την κυβέρνηση της Δαμασκού.,,,"[""Syria""]",[],[],"[""Suwayda"", ""Damascus""]",Policy Change,0.9
1795,2026-05-31,Turkiye,Evrensel,SASA işçileri: Butlan kararı iktidarın siyasi hesaplarının ürünü,2,"[MACRO INFO] Οι εργαζόμενοι της SASA σχολιάζουν μια δικαστική παρέμβαση κατά του CHP στην Τουρκία, θεωρώντας την μέρος πολιτικών υπολογισμών για πρόωρες εκλογές.",,,"[""Turkey""]",[],"[""SASA"", ""CHP""]",[],Policy Change,0.9
1797,2026-05-31,Turkiye,Turkish Minute,Turkey can resume normal relations with Israel if Gaza conditions are met: minister,2,[MACRO INFO] Ο Τούρκος Υπουργός Εξωτερικών δήλωσε ότι η Τουρκία μπορεί να αποκαταστήσει τις σχέσεις με το Ισραήλ υπό την προϋπόθεση παύσης των ενεργειών στη Γάζα και παροχής βοήθειας.,,,"[""Turkey"", ""Israel""]",[],[],"[""Gaza""]",Policy Change,0.9
1798,2026-05-31,Turkiye,Turkish Minute,Turkish FM says US-Iran deal is ‘closer than ever’,2,"[MACRO INFO] Ο Υπουργός Εξωτερικών της Τουρκίας δηλώνει ότι συμφωνία ΗΠΑ-Ιράν είναι πιο κοντά από ποτέ, με συνομιλίες για το Στενό του Ορμούζ και το πυρηνικό ζήτημα.",,,"[""Turkey"", ""US"", ""Iran""]",[],[],"[""Strait of Hormuz""]",Policy Change,0.9
1800,2026-05-31,Egypt,Mada Masr English,Sudan Nashra: Military gains ground in Blue Nile front | RSF drones hit busy markets in North Darfur’s Zaghawa lands | Emerging alliance under Abdel Wahid Nur seeks seat at table in Sudan’s political talks,2,[MACRO INFO] Στρατιωτικά κέρδη σημειώθηκαν στο μέτωπο του Μπλε Νείλου και drones των RSF έπληξαν πολυσύχναστες αγορές στο Βόρειο Νταρφούρ του Σουδάν.,,,"[""Sudan""]","[""Abdel Wahid Nur""]","[""RSF""]","[""Blue Nile"", ""North Darfur"", ""Zaghawa lands""]",Humanitarian,0.95
1802,2026-05-31,Egypt,Mada Masr English,Why a US-Iran deal no longer matters,2,"[MACRO INFO] Ο Ντόναλντ Τραμπ δήλωσε πρόθυμος να συνάψει συμφωνία με το Ιράν, με τις τελικές λεπτομέρειες να βρίσκονται υπό συζήτηση.",,,"[""US"", ""Iran""]","[""Donald Trump""]",[],[],Policy Change,0.9
1804,2026-05-31,Egypt,Mada Masr English,"Mohamed Aboul Diyar held on false news, terrorism charges after authorities target prisoners’ campaign event organizers",2,[MACRO INFO] Αρχές συνέλαβαν δικηγόρο και άλλους με κατηγορίες διασποράς ψευδών ειδήσεων και συμμετοχής σε τρομοκρατική ομάδα.,,,[],"[""Mohamed Aboul Diyar""]",[],[],Humanitarian,0.9
1807,2026-05-31,Cross_Regional,BBC Arabic,إشارات متضاربة حول التقارب الأمريكي الإيراني,2,[MACRO INFO] Αντικρουόμενα μηνύματα ΗΠΑ-Ιράν υποδεικνύουν εναλλαγή μεταξύ προσέγγισης και πρόθεσης επιστροφής σε σύγκρουση.,,,"[""United States"", ""Iran""]",[],[],[],Other,0.9
1812,2026-05-31,Cross_Regional,Al Jazeera,US Congress advances American-Israeli military integration plan,2,"[MACRO INFO] Το Κογκρέσο των ΗΠΑ προωθεί σχέδιο στρατιωτικής ενσωμάτωσης Αμερικανών-Ισραηλινών, προβλέποντας στενότερη συνεργασία των βιομηχανιών όπλων τους.",,,"[""United States"", ""Israel""]",[],"[""US Congress""]",[],Policy Change,0.9
1814,2026-05-31,Cross_Regional,Middle East Eye,Haaretz: Lebanon withdrawal seen as ‘no less dangerous’ than invasion,2,"[MACRO INFO] Ο ισραηλινός στρατός εκφράζει ανησυχία για ενδεχόμενη αποχώρηση από τον Λίβανο υπό εχθρικά πυρά. Η διαδικασία αποχώρησης θεωρείται εξίσου επικίνδυνη με εισβολή, εν μέσω συνεχιζόμενων εχθροπραξιών.",,,"[""Israel"", ""Lebanon""]",[],"[""Israeli army""]",[],Border Crisis,0.9
1815,2026-05-31,Cross_Regional,Middle East Eye,Video: Israelis flee Nahariya beach after Hezbollah rockets land offshore,2,"[MACRO INFO] Πύραυλοι της Χεζμπολάχ έπεσαν στη θάλασσα ανοιχτά της Ναχαρίγια, προκαλώντας την φυγή Ισραηλινών από την παραλία.",,,"[""Israel""]",[],"[""Hezbollah""]","[""Nahariya""]",Humanitarian,0.9
1817,2026-05-31,Cross_Regional,Middle East Eye,Congress weighs measure to expand US-Israel military integration,2,"[MACRO INFO] Το Κογκρέσο των ΗΠΑ εξετάζει μέτρο για την επέκταση της στρατιωτικής ενσωμάτωσης με το Ισραήλ, με έμφαση στην έρευνα και παραγωγή αμυντικής τεχνολογίας.",,,"[""United States"", ""Israel""]",[],"[""US Congress""]",[],Policy Change,0.9
1818,2026-05-31,Cross_Regional,Al Monitor,US military says it turned away blockade runner trying to reach Iranian port,2,[MACRO INFO] Ο αμερικανικός στρατός έπληξε με πύραυλο το μηχανοστάσιο πλοίου που προσπάθησε να φτάσει σε ιρανικό λιμάνι.,,,"[""United States"", ""Iran""]",[],"[""US Military""]",[],Other,0.9
1819,2026-05-31,Cross_Regional,Al Monitor,Ousted Turkish opposition leader Ozel draws thousands in Ankara protest,2,[MACRO INFO] Ο έκπτωτος Τούρκος ηγέτης της αντιπολίτευσης Οζγκούρ Οζέλ συγκέντρωσε χιλιάδες σε διαμαρτυρία στην Άγκυρα.,,,"[""Turkey""]","[""Ozel"", ""Özgür Özel""]",[],"[""Ankara""]",Other,0.9
1821,2026-05-31,Cross_Regional,Al Monitor,US says capable of resuming war with Iran as deal remains elusive,2,[MACRO INFO] Οι Ηνωμένες Πολιτείες δήλωσαν ικανές να επαναλάβουν τον πόλεμο με το Ιράν καθώς μια συμφωνία παραμένει άπιαστη.,,,"[""US"", ""Iran""]",[],[],[],Humanitarian,0.8
1734,2026-05-29,Syria,North Press Agency,OPCW says undeclared chemical weapons found in Syria,2,[MACRO INFO] Ο Οργανισμός για την Απαγόρευση των Χημικών Όπλων (OPCW) ανακοίνωσε την ανακάλυψη αδήλωτων χημικών όπλων στη Συρία.,,,"[""Syria""]",[],"[""OPCW""]",[],Humanitarian,0.85
1735,2026-05-29,Syria,North Press Agency,"Barzani meets SDF commander, emphasizes Kurdish dialogue in Syria",2,"[MACRO INFO] Ο πρόεδρος του Ιρακινού Κουρδιστάν συναντήθηκε με τον διοικητή των SDF, τονίζοντας τη σημασία του κουρδικού διαλόγου στη Συρία.",,,"[""Iraq"", ""Syria""]","[""Barzani""]","[""SDF""]","[""Iraqi Kurdistan""]",Policy Change,0.9
1737,2026-05-29,Syria,Enab Baladi,Militia Commander Arrested in Raqqa,2,[MACRO INFO] Συνελήφθη διοικητής παραστρατιωτικής οργάνωσης στη Ράκα της βόρειας Συρίας.,,,"[""Syria""]",[],[],"[""Raqqa"", ""Northern Syria""]",Humanitarian,0.9
1740,2026-05-29,Syria,Enab Baladi,Syria Finds Remnants of Assad Chemical Program,2,[MACRO INFO] Συριακές αρχές εντόπισαν κατάλοιπα μυστικού χημικού προγράμματος.,,,"[""Syria""]","[""Assad""]",[],[],Humanitarian,0.9
1742,2026-05-29,Syria,Syria Direct,"Al-Sharaa’s shakeup: A merit-based state, or a circle of trust?",2,[MACRO INFO] Ο Πρόεδρος Ahmad al-Sharaa προέβη σε ανασχηματισμό κυβερνητών και υπουργών στη Συρία.,,,"[""Syria""]","[""Ahmad al-Sharaa""]",[],[],Policy Change,0.9
1743,2026-05-29,Syria,Syria Direct,"As Atef Najib’s trial proceeds, what legal basis exists for transitional justice?",2,"[MACRO INFO] Διεξάγεται η δίκη του πρώην αξιωματούχου του καθεστώτος Άσαντ, Atef Najib, με νομικούς να αμφισβητούν το νομικό πλαίσιο για τη μεταβατική δικαιοσύνη.",,,"[""Syria""]","[""Atef Najib"", ""Assad""]",[],[],Policy Change,0.9
1745,2026-05-29,Syria,Syria Direct,Suwayda’s students caught up in the struggle with Damascus,2,[MACRO INFO] Φοιτητές στη Σουέιντα της Συρίας αντιμετωπίζουν πρόβλημα με την αναγνώριση των πτυχίων τους εν μέσω διαμάχης με την κυβέρνηση της Δαμασκού.,,,"[""Syria""]",[],[],"[""Suwayda"", ""Damascus""]",Policy Change,0.9
1746,2026-05-29,Lebanon,Daraj,سوريا الجديدة: استراتيجية البقاء المستحيلة في زمن الممرات الاقتصاديّة,2,[MACRO INFO] Η νέα εξουσία στη Δαμασκό αναπτύσσει εντατικές διπλωματικές προσπάθειες για οικονομικές συμφωνίες σε ενέργεια και υποδομές.,,,"[""Syria""]",[],[],"[""Damascus""]",Policy Change,0.9
1749,2026-05-29,Lebanon,Daraj,سوريا التي خرجت من الطغيان ولم تدخل إلى الدولة,2,"[MACRO INFO] Η Συρία απαιτεί διαφάνεια στη διαχείριση κρατικών περιουσιακών στοιχείων, προϋπολογισμών και δημόσιων συμβάσεων.",,,"[""Syria""]",[],[],[],Policy Change,0.9
1750,2026-05-29,Turkiye,Evrensel,Akaryakıt fiyatlarında son durum ne?,2,"[MACRO INFO] Οι τιμές της βενζίνης και του ντίζελ στην Τουρκία πλησιάζουν τα 65 TL, ενώ του LPG τα 33 TL.",,,"[""Turkey""]",[],[],[],Economic Migration,0.9
1756,2026-05-29,Egypt,Mada Masr English,"Mohamed Aboul Diyar held on false news, terrorism charges after authorities target prisoners’ campaign event organizers",2,[MACRO INFO] Αρχές στην Αίγυπτο συνέλαβαν δικηγόρο και άλλους εμπλεκόμενους με κατηγορίες για «δημοσίευση ψευδών ειδήσεων» και «συμμετοχή σε τρομοκρατική ομάδα» μετά από εκδήλωση για κρατούμενους.,,,"[""Egypt""]","[""Mohamed Aboul Diyar""]",[],[],Humanitarian,0.9
1757,2026-05-29,Egypt,Mada Masr English,"Sudan Nashra: Military moves ahead with allied forces integration, Juba armed movements scramble to secure political guarantees | RSF introduces emergency internal measures across Darfur amid wave of defections | Darfur’s Jebel Marra grapples with di",2,[MACRO INFO] Στρατιωτικές κινήσεις και έκτακτα μέτρα στο Σουδάν εν μέσω αποστασιών και κρουσμάτων ασθενειών στο Νταρφούρ.,,,"[""Sudan""]",[],"[""RSF""]","[""Darfur"", ""Jebel Marra"", ""Juba""]",Humanitarian,0.9
1762,2026-05-29,Cross_Regional,BBC Arabic,عبد ربه منصور هادي: وفاة الرئيس اليمني السابق الذي نجا من الإعدام وقاد البلاد خلال حقبة شديدة التعقيد,2,"[MACRO INFO] Ο πρώην πρόεδρος της Υεμένης, Αμπντ Ράμππου Μανσούρ Χάντι, απεβίωσε, έχοντας ηγηθεί της χώρας κατά τη διάρκεια πολέμου, πραξικοπήματος και κρίσεων.",,,"[""Yemen""]","[""Abd Rabbo Mansour Hadi""]",[],[],Humanitarian,0.9
1770,2026-05-29,Cross_Regional,Al Monitor,"Analysis-Trump's room to maneuver narrows as US, Iran close in on framework deal",2,"[MACRO INFO] Οι ΗΠΑ και το Ιράν πλησιάζουν σε μια συμφωνία-πλαίσιο, με τον Πρόεδρο Τραμπ να αντιμετωπίζει πιέσεις για τη λήξη του πολέμου κατά του Ιράν και την επανενεργοποίηση των Στενών του Ορμούζ.",,,"[""United States"", ""Iran""]","[""Trump""]",[],"[""Straits of Hormuz""]",Policy Change,0.9
1771,2026-05-29,Cross_Regional,Al Monitor,"US imposes fresh sanctions on Iran's military oil sales, Treasury says",2,[MACRO INFO] Οι ΗΠΑ επέβαλαν νέες κυρώσεις στις στρατιωτικές πωλήσεις πετρελαίου του Ιράν.,,,"[""US"", ""Iran""]",[],"[""Treasury""]",[],Policy Change,0.9
1651,2026-05-28,Syria,North Press Agency,PYD official says election boycott reflects protest over representation,2,[MACRO INFO] Αξιωματούχος του PYD δήλωσε ότι η αποχή από τις εκλογές στη βορειοανατολική Συρία αποτελεί διαμαρτυρία για την έλλειψη δίκαιης εκπροσώπησης.,,,"[""Syria""]",[],"[""PYD""]","[""northeastern Syria""]",Policy Change,0.9
1654,2026-05-28,Syria,Enab Baladi,Syria Finds Remnants of Assad Chemical Program,2,[MACRO INFO] Οι Συριακές αρχές ανακάλυψαν υπολείμματα του μυστικού χημικού προγράμματος του Άσαντ.,,,"[""Syria""]","[""Assad""]",[],[],Other,0.9
1655,2026-05-28,Syria,Enab Baladi,Decree Raises Pensions in Syria by 30%,2,[MACRO INFO] Ο Πρόεδρος της Συρίας εξέδωσε διάταγμα για αύξηση των συντάξεων κατά 30%.,,,"[""Syria""]",[],[],[],Policy Change,0.9
1656,2026-05-28,Syria,Enab Baladi,"Used Cars Drain Syria’s Economy, Services, And Environment",2,"[MACRO INFO] Οι εισαγωγές μεταχειρισμένων αυτοκινήτων επιβαρύνουν την οικονομία, τις υπηρεσίες και το περιβάλλον της Συρίας.",,,"[""Syria""]",[],[],[],Economic Migration,0.9
1657,2026-05-28,Syria,Enab Baladi,Syrian Government Frees 88 SDF Fighters in al-Hasakah,2,[MACRO INFO] Η Συριακή κυβέρνηση απελευθέρωσε 88 μαχητές των Συριακών Δημοκρατικών Δυνάμεων στην Αλ-Χασάκα.,,,"[""Syria""]",[],"[""Syrian Government"", ""Syrian Democratic Forces""]","[""Al-Hasakah""]",Policy Change,0.9
1659,2026-05-28,Syria,Syria Direct,"Al-Sharaa’s shakeup: A merit-based state, or a circle of trust?",2,[MACRO INFO] Πολιτική αναδιάρθρωση υπουργών και κυβερνητών στη Συρία εγείρει ερωτήματα για δημόσια δυσαρέσκεια ή έμφαση στον έλεγχο ασφαλείας.,,,"[""Syria""]","[""Al-Sharaa""]",[],[],Policy Change,0.9
1660,2026-05-28,Syria,Syria Direct,"As Atef Najib’s trial proceeds, what legal basis exists for transitional justice?",2,[MACRO INFO] Προχωρά η δίκη του πρώην αξιωματούχου του συριακού καθεστώτος Atef Najib. Εμπειρογνώμονες εκφράζουν ανησυχίες για την έλλειψη νομικού πλαισίου για τη μεταβατική δικαιοσύνη.,,,"[""Syria""]","[""Atef Najib""]",[],[],Humanitarian,0.9
1661,2026-05-28,Syria,Syria Direct,Syria bids farewell to its “Kingdom of Silence” — but warnings remain over a “trap” in comparing press freedom with the Assad era,2,"[MACRO INFO] Η Συρία αναφέρεται ως «Βασίλειο της Σιωπής» όσον αφορά την ελευθερία του Τύπου, με προειδοποιήσεις για την αξιολόγηση της κατάστασης μετά την επανάσταση.",,,"[""Syria""]","[""Assad""]",[],[],Humanitarian,0.9
1663,2026-05-28,Lebanon,Daraj,سوريا الجديدة: استراتيجية البقاء المستحيلة في زمن الممرات الاقتصاديّة,2,"[MACRO INFO] Η νέα αρχή στη Δαμασκό ακολουθεί μια «αδύνατη στρατηγική επιβίωσης», αναζητώντας συμφωνίες για ενέργεια, υποδομές και ανοικοδόμηση, εκμεταλλευόμενη τη γεωπολιτική θέση της Συρίας.",,,"[""Syria""]",[],[],"[""Damascus""]",Economic Migration,0.9
1669,2026-05-28,Turkiye,Evrensel,İran'dan ABD'ye Hürmüz Boğazı ve uranyum çıkışı: Kırmızı çizgilerimiz masada değil,2,"[MACRO INFO] Ιρανός αξιωματούχος δήλωσε ότι η χώρα του δεν θα συμβιβαστεί σε θέματα όπως ο εμπλουτισμός ουρανίου, το Στενό του Ορμούζ και η άρση των κυρώσεων.",,,"[""Iran"", ""USA""]",[],[],"[""Strait of Hormuz""]",Policy Change,0.9
1670,2026-05-28,Turkiye,Turkish Minute,"Opposition turmoil may push Erdoğan toward snap election, analysts say",2,"[MACRO INFO] Πολιτική αναταραχή επικρατεί στο κύριο κόμμα της αντιπολίτευσης της Τουρκίας, εν μέσω εκτιμήσεων για πιθανή προκήρυξη πρόωρων εκλογών.",,,"[""Turkey""]","[""Erdoğan""]",[],[],Other,0.9
1673,2026-05-28,Egypt,Mada Masr English,Why a US-Iran deal no longer matters,2,"[MACRO INFO] Ο Αμερικανός Πρόεδρος Ντόναλντ Τραμπ δήλωσε ότι είναι πρόθυμος να συνάψει συμφωνία με το Ιράν, με τις τελικές λεπτομέρειες να συζητούνται.",,,"[""United States"", ""Iran""]","[""Donald Trump""]",[],[],Policy Change,0.9
1675,2026-05-28,Egypt,Mada Masr English,"Mohamed Aboul Diyar held on false news, terrorism charges after authorities target prisoners’ campaign event organizers",2,[MACRO INFO] Αιγυπτιακές αρχές συνέλαβαν δικηγόρους και φαρμακοποιούς κατηγορούμενους για διασπορά ψευδών ειδήσεων και τρομοκρατικές πράξεις.,,,"[""Egypt""]","[""Mohamed Aboul Diyar""]",[],[],Other,0.9
1676,2026-05-28,Egypt,Mada Masr English,"Sudan Nashra: Military moves ahead with allied forces integration, Juba armed movements scramble to secure political guarantees | RSF introduces emergency internal measures across Darfur amid wave of defections | Darfur’s Jebel Marra grapples with di",2,"[MACRO INFO] Ο στρατός του Σουδάν προχωρά σε ενσωμάτωση δυνάμεων, ενώ η RSF αντιμετωπίζει αποστασίες στο Νταρφούρ και η περιοχή πλήττεται από εκτεταμένες ασθένειες.",,,"[""Sudan""]",[],"[""RSF"", ""Sudanese Military""]","[""Juba"", ""Darfur"", ""Jebel Marra""]",Humanitarian,0.9
1680,2026-05-28,Cross_Regional,BBC Arabic,ضربات أمريكية جديدة على أهداف إيرانية، والجيش الكويتي يعلن التصدي لهجمات صاروخية ومسيّرات,2,"[MACRO INFO] Νέες αμερικανικές επιθέσεις έπληξαν ιρανικούς στόχους, ενώ ο κουβεϊτικός στρατός ανακοίνωσε ότι απέκρουσε επιθέσεις.",,,"[""United States"", ""Iran"", ""Kuwait""]",[],[],[],Humanitarian,0.9
1684,2026-05-28,Cross_Regional,Middle East Eye,Iran demands release of frozen assets seized by the US,2,[MACRO INFO] Το Ιράν απαιτεί την απελευθέρωση των δεσμευμένων περιουσιακών στοιχείων του από τις ΗΠΑ.,,,"[""Iran"", ""United States""]",[],[],[],Economic Migration,0.9
1685,2026-05-28,Cross_Regional,Middle East Eye,Morning update,2,[MACRO INFO] Αυξημένες εντάσεις μεταξύ Τεχεράνης και Ουάσιγκτον με ιρανικές επιθέσεις σε αμερικανική βάση και επεισόδια στα Στενά του Ορμούζ.,,,"[""Iran"", ""United States""]",[],[],"[""Strait of Hormuz""]",Border Crisis,0.9
1686,2026-05-28,Cross_Regional,Middle East Eye,EU top diplomat says 'not in anybody's interest' that war on Iran continues,2,[MACRO INFO] Ανώτερος διπλωμάτης της ΕΕ προειδοποίησε ότι η συνέχιση του πολέμου με το Ιράν δεν συμφέρει κανέναν.,,,"[""Iran""]",[],"[""EU""]",[],Humanitarian,0.9
1687,2026-05-28,Cross_Regional,Middle East Eye,Report: UN adds Israel to blacklist for committing sexual violence in conflict zones,2,[MACRO INFO] Ο ΟΗΕ αναμένεται να προσθέσει ισραηλινές οντότητες σε μαύρη λίστα για διάπραξη σεξουαλικής βίας σε ζώνες συγκρούσεων.,,,"[""Israel""]",[],"[""UN""]",[],Humanitarian,0.9
1690,2026-05-28,Cross_Regional,Al Monitor,Iran and US trade air strikes after Trump dismisses report of Hormuz deal,2,[MACRO INFO] Ιράν και ΗΠΑ αντάλλαξαν αεροπορικά πλήγματα κοντά στα Στενά του Ορμούζ.,,,"[""Iran"", ""US""]","[""Trump""]",[],"[""Strait of Hormuz""]",Other,0.9
1691,2026-05-28,Cross_Regional,Al Monitor,Temperatures likely to remain at record levels in 2026-2030: UN,2,[MACRO INFO] Ο ΟΗΕ προειδοποίησε ότι οι παγκόσμιες μέσες θερμοκρασίες πιθανόν να παραμείνουν σε επίπεδα ρεκόρ την περίοδο 2026-2030. Υπάρχει 75% πιθανότητα να ξεπεράσουν το όριο των 1.5C πάνω από τα προβιομηχανικά επίπεδα.,,,[],[],"[""UN""]",[],Other,0.9
1712,2026-05-28,Turkiye,Turkish Minute,Iraq seeks talks with Turkey on new oil transit deal,2,[MACRO INFO] Το Ιράκ επιδιώκει νέες συνομιλίες με την Τουρκία για συμφωνία διέλευσης πετρελαίου πριν τη λήξη της υφιστάμενης τον Ιούλιο.,,,"[""Iraq"", ""Turkey""]",[],[],[],Policy Change,0.9
1720,2026-05-28,Cross_Regional,BBC Arabic,الحرس الثوري الإيراني يعلن استهداف قاعدة أمريكية، والكويت تتصدى لهجمات صاروخية ومسيرات,2,[MACRO INFO] Η Ιρανική Επαναστατική Φρουρά ανακοίνωσε ότι στόχευσε αμερικανική βάση και το Κουβέιτ απέκρουσε επιθέσεις με πυραύλους και drones.,,,"[""Iran"", ""United States"", ""Kuwait""]",[],"[""Iranian Revolutionary Guard""]",[],Humanitarian,0.9
1560,2026-05-27,Syria,North Press Agency,"Barzani meets SDF commander, emphasizes Kurdish dialogue in Syria",2,"[MACRO INFO] Ο πρόεδρος του Ιρακινού Κουρδιστάν συναντήθηκε με τον διοικητή των Συριακών Δημοκρατικών Δυνάμεων, τονίζοντας την ανάγκη για κουρδικό διάλογο στη Συρία.",,,"[""Iraq"", ""Syria""]","[""Barzani""]","[""Syrian Democratic Forces""]","[""Iraqi Kurdistan""]",Policy Change,0.9
1561,2026-05-27,Syria,North Press Agency,PYD official says election boycott reflects protest over representation,2,[MACRO INFO] Αξιωματούχος του PYD δηλώνει ότι το μποϊκοτάζ των πρόσφατων βουλευτικών εκλογών στη βορειοανατολική Συρία αποτελεί διαμαρτυρία για την απουσία δίκαιης εκπροσώπησης.,,,"[""Syria""]",[],"[""PYD""]","[""Northeastern Syria""]",Policy Change,0.9
1562,2026-05-27,Syria,North Press Agency,Escalating Israeli operations in southern Syria fuel talk of security deal,2,[MACRO INFO] Κλιμακούμενες ισραηλινές επιχειρήσεις στη νότια Συρία προκαλούν βομβαρδισμούς και συλλήψεις κατοίκων.,,,"[""Israel"", ""Syria""]",[],[],"[""Southern Syria""]",Humanitarian,0.9
1563,2026-05-27,Syria,Enab Baladi,Syria Finds Remnants of Assad Chemical Program,2,[MACRO INFO] Στη Συρία βρέθηκαν υπολείμματα του χημικού προγράμματος του Άσαντ.,,,"[""Syria""]","[""Assad""]",[],[],Humanitarian,0.9
1564,2026-05-27,Syria,Enab Baladi,Decree Raises Pensions in Syria by 30%,2,[MACRO INFO] Ο Πρόεδρος της Συρίας εξέδωσε διάταγμα για αύξηση των συντάξεων κατά 30%.,,,"[""Syria""]",[],[],[],Policy Change,0.95
1565,2026-05-27,Syria,Enab Baladi,"Used Cars Drain Syria’s Economy, Services, And Environment",2,"[MACRO INFO] Η εισαγωγή μεταχειρισμένων αυτοκινήτων επιβαρύνει την οικονομία, τις υπηρεσίες και το περιβάλλον της Συρίας.",,,"[""Syria""]",[],[],[],Economic Migration,0.9
1566,2026-05-27,Syria,Enab Baladi,Syrian Government Frees 88 SDF Fighters in al-Hasakah,2,[MACRO INFO] Η συριακή κυβέρνηση απελευθέρωσε 88 μαχητές των Συριακών Δημοκρατικών Δυνάμεων (SDF) στην Αλ-Χασάκα.,,,"[""Syria""]",[],"[""Syrian Government"", ""SDF (Syrian Democratic Forces)""]","[""al-Hasakah""]",Humanitarian,0.9
1569,2026-05-27,Syria,Syria Direct,"Al-Sharaa’s shakeup: A merit-based state, or a circle of trust?",2,"[MACRO INFO] Πραγματοποιήθηκε ανασχηματισμός κυβερνητικών θέσεων στη Συρία, εγείροντας ερωτήματα για δημόσια δυσαρέσκεια ή έλεγχο ασφαλείας.",,,"[""Syria""]","[""Al-Sharaa""]",[],[],Policy Change,0.9
1571,2026-05-27,Syria,Syria Direct,Syria bids farewell to its “Kingdom of Silence” — but warnings remain over a “trap” in comparing press freedom with the Assad era,2,"[MACRO INFO] Η Συρία χαρακτηρίζεται ως «Βασίλειο της Σιωπής», με εκατοντάδες δημοσιογράφους να έχουν χάσει τη ζωή τους από το 2011.",,,"[""Syria""]","[""Assad""]",[],[],Humanitarian,0.95
1572,2026-05-27,Syria,Syria Direct,Suwayda’s students caught up in the struggle with Damascus,2,[MACRO INFO] Φοιτητές στη Σουέιντα της Συρίας αντιμετωπίζουν αβεβαιότητα σχετικά με την αναγνώριση των εξετάσεων απολυτηρίου λόγω διαμάχης με τη Δαμασκό.,,,"[""Syria""]",[],[],"[""Suwayda"", ""Damascus""]",Policy Change,0.9
1574,2026-05-27,Lebanon,Daraj,سوريا الجديدة: استراتيجية البقاء المستحيلة في زمن الممرات الاقتصاديّة,2,"[MACRO INFO] Η Συρία επιδιώκει επιβίωση μέσω εντατικών διαπραγματεύσεων για ενεργειακούς και οικονομικούς διαδρόμους, αξιοποιώντας τη γεωπολιτική της θέση.",,,"[""Syria""]",[],[],[],Policy Change,0.9
1575,2026-05-27,Lebanon,Daraj,سوريا التي خرجت من الطغيان ولم تدخل إلى الدولة,2,[MACRO INFO] Η Συρία χρειάζεται διαφάνεια στη διαχείριση των κρατικών περιουσιακών στοιχείων και των προϋπολογισμών.,,,"[""Syria""]",[],[],[],Policy Change,0.9
1579,2026-05-27,Turkiye,Turkish Minute,Kılıçdaroğlu signals purge in CHP after court reinstates him as leader,2,"[MACRO INFO] Ο Kemal Kılıçdaroğlu, μετά την επανένταξή του στην ηγεσία του CHP, σηματοδοτεί εσωκομματική εκκαθάριση.",,,"[""Turkey""]","[""Kemal Kılıçdaroğlu""]","[""CHP""]",[],Other,0.9
1580,2026-05-27,Turkiye,Turkish Minute,"Court-appointed CHP leadership moves to consolidate control, distance itself from jailed Erdoğan rival",2,"[MACRO INFO] Ομάδα διορισμένη από δικαστήριο ανέλαβε τον έλεγχο του αντιπολιτευόμενου κόμματος CHP στην Τουρκία, απομακρύνοντας τον εαυτό της από έναν φυλακισμένο αντίπαλο του Ερντογάν.",,,"[""Turkey""]","[""Erdoğan""]","[""CHP""]",[],Policy Change,0.9
1581,2026-05-27,Turkiye,Turkish Minute,Trump names Turkey among countries he wants to join Abraham Accords with Israel in Iran peace push,2,"[MACRO INFO] Ο Ντόναλντ Τραμπ πρότεινε στην Τουρκία να ενταχθεί στις Συμφωνίες του Αβραάμ για την ομαλοποίηση σχέσεων με το Ισραήλ, στο πλαίσιο ειρηνευτικής προσπάθειας για το Ιράν.",,,"[""Turkey"", ""Israel"", ""Iran""]","[""Donald Trump""]",[],[],Policy Change,0.9
1582,2026-05-27,Turkiye,Turkish Minute,Turkey blocks 93 social media accounts for alleged ‘provocative’ posts after CHP court ruling,2,[MACRO INFO] Τουρκικές αρχές απέκλεισαν την πρόσβαση σε 93 λογαριασμούς κοινωνικής δικτύωσης για «προκλητικές» αναρτήσεις μετά από δικαστική απόφαση σχετικά με το κόμμα CHP.,,,"[""Turkey""]",[],"[""CHP""]",[],Policy Change,0.9
1585,2026-05-27,Egypt,Mada Masr English,"Nine killed in ‘random’ shooting across 2 sites in Assiut, says MP",2,[MACRO INFO] Εννέα άνθρωποι σκοτώθηκαν και έξι τραυματίστηκαν σε δύο διαδοχικούς πυροβολισμούς στην περιοχή Αμπνούμπ της Ασιούτ.,,,"[""Egypt""]",[],[],"[""Assiut"", ""Abnoub""]",Humanitarian,0.9
1590,2026-05-27,Cross_Regional,BBC Arabic,كيف كشفت حرب إيران هشاشة الاقتصاد العراقي؟,2,"[MACRO INFO] Η οικονομία του Ιράκ πλήττεται από μειωμένα πετρελαϊκά έσοδα και βαθύτερη κρίση ηλεκτρισμού, αποκαλύπτοντας την ευθραυστότητά της.",,,"[""Iran"", ""Iraq""]",[],[],[],Economic Migration,0.9
1591,2026-05-27,Cross_Regional,Al Jazeera,How badly is Europe affected by fertiliser shortages due to the Iran war?,2,"[MACRO INFO] Η Ευρώπη αντιμετωπίζει ελλείψεις λιπασμάτων λόγω του πολέμου στο Ιράν και διαταραχών στα Στενά του Ορμούζ, προκαλώντας φόβους για επισιτιστική ασφάλεια.",,,"[""Europe"", ""Iran""]",[],[],"[""Strait of Hormuz""]",Humanitarian,0.9
1593,2026-05-27,Cross_Regional,Al Jazeera,‘Deep suspicion’ of US lingers as Iran ponders agreement to end war,2,"[MACRO INFO] Ιρανοί αξιωματούχοι εκφράζουν βαθιά δυσπιστία προς τις ΗΠΑ, επιμένοντας στις απαιτήσεις τους για συμφωνία τερματισμού του πολέμου.",,,"[""United States"", ""Iran""]",[],[],[],Policy Change,0.9
1597,2026-05-27,Cross_Regional,Middle East Eye,Why Trump is using Iran talks to revive the Abraham Accords,2,"[MACRO INFO] Οι συνομιλίες για το Ιράν εξετάζουν επέκταση εκεχειρίας 60 ημερών και άρση κυρώσεων πετρελαίου, με στόχο την αναβίωση των Συμφωνιών του Αβραάμ.",,,"[""Iran""]","[""Trump""]",[],[],Other,0.9
1599,2026-05-27,Cross_Regional,Middle East Eye,US deploys F-22 fighter jets and refuelling aircrafts across Israel: Report,2,"[MACRO INFO] Οι ΗΠΑ ανέπτυξαν μαχητικά F-22 και αεροσκάφη ανεφοδιασμού στο Ισραήλ, σε μια κίνηση που χαρακτηρίστηκε ως άνευ προηγουμένου στρατιωτική παρουσία. Η ανάπτυξη αναμένεται να διατηρηθεί μέχρι το τέλος του 2026.",,,"[""US"", ""Israel""]",[],[],[],Other,0.9
1601,2026-05-27,Cross_Regional,Al Monitor,Cairo's new monorail glides above a city struggling below,2,"[MACRO INFO] Το Κάιρο εγκαινίασε μια νέα μονοσιδηροδρομική γραμμή, ένα έργο υποδομής που χρηματοδοτείται από χρέος. Η επένδυση δέχεται κριτική για την επιβάρυνση των κρατικών οικονομικών και τα περιορισμένα οφέλη στον πληθυσμό της Αιγύπτου.",,,"[""Egypt""]",[],[],"[""Cairo""]",Economic Migration,0.9
1602,2026-05-27,Cross_Regional,Al Monitor,"No feasts, no joy: Gazans mark a dark Eid",2,[MACRO INFO] Κάτοικοι της Γάζας αντιμετωπίζουν σοβαρή οικονομική δυσπραγία και έλλειψη βασικών αγαθών κατά την περίοδο του Eid.,,,"[""Palestine""]",[],[],"[""Gaza""]",Humanitarian,0.95
1628,2026-05-27,Egypt,Mada Masr English,"Mohamed Aboul Diyar held on false news, terrorism charges after authorities target prisoners’ campaign event organizers",2,[MACRO INFO] Ο Mohamed Aboul Diyar συνελήφθη στην Αίγυπτο με κατηγορίες διασποράς ψευδών ειδήσεων και συμμετοχής σε τρομοκρατική οργάνωση.,,,"[""Egypt""]","[""Mohamed Aboul Diyar""]",[],[],Humanitarian,0.95
1637,2026-05-27,Cross_Regional,Al Jazeera,Pope appeals for Gaza aid after being asked about flotilla activists,2,[MACRO INFO] Ο Πάπας απηύθυνε έκκληση για βοήθεια προς τη Γάζα.,,,[],"[""Pope""]",[],"[""Gaza""]",Humanitarian,0.9
1476,2026-05-26,Syria,North Press Agency,PYD official says election boycott reflects protest over representation,2,[MACRO INFO] Αξιωματούχος του PYD αναφέρει ότι το μποϊκοτάζ εκλογών στη βορειοανατολική Συρία αποτελεί διαμαρτυρία για την εκπροσώπηση.,,,"[""Syria""]",[],"[""PYD""]","[""northeastern Syria""]",Policy Change,0.9
1477,2026-05-26,Syria,North Press Agency,Escalating Israeli operations in southern Syria fuel talk of security deal,2,"[MACRO INFO] Κλιμακώνονται ισραηλινές στρατιωτικές επιχειρήσεις στη νότια Συρία, με βομβαρδισμούς και συλλήψεις κατοίκων.",,,"[""Israel"", ""Syria""]",[],[],"[""Southern Syria""]",Humanitarian,0.9
1479,2026-05-26,Syria,Enab Baladi,"Used Cars Drain Syria’s Economy, Services, And Environment",2,"[MACRO INFO] Οι εισαγωγές μεταχειρισμένων αυτοκινήτων επιβαρύνουν την οικονομία, τις υπηρεσίες και το περιβάλλον της Συρίας.",,,"[""Syria""]",[],[],[],Economic Migration,0.9
1481,2026-05-26,Syria,Enab Baladi,Syrian Bank Reform Scenarios After Oliver Wyman,2,[MACRO INFO] Σενάρια τραπεζικής μεταρρύθμισης και κρίσιμη φάση για τις κρατικές τράπεζες της Συρίας.,,,"[""Syria""]",[],"[""Oliver Wyman""]",[],Policy Change,0.9
1482,2026-05-26,Syria,Syria Direct,"Al-Sharaa’s shakeup: A merit-based state, or a circle of trust?",2,[MACRO INFO] Ανασχηματισμός κυβερνητών και υπουργών υπό τον Αλ-Σαράα εγείρει ερωτήματα για τη δημόσια δυσαρέσκεια και τον έλεγχο ασφαλείας.,,,[],"[""Al-Sharaa""]",[],[],Policy Change,0.9
1483,2026-05-26,Syria,Syria Direct,"As Atef Najib’s trial proceeds, what legal basis exists for transitional justice?",2,"[MACRO INFO] Η δίκη του πρώην αξιωματούχου ασφαλείας του καθεστώτος Άσαντ, Atef Najib, συνεχίζεται, εγείροντας ερωτήματα σχετικά με τη νομική βάση για τη μεταβατική δικαιοσύνη στη Συρία.",,,"[""Syria""]","[""Atef Najib"", ""Assad""]",[],[],Humanitarian,0.9
1484,2026-05-26,Syria,Syria Direct,Syria bids farewell to its “Kingdom of Silence” — but warnings remain over a “trap” in comparing press freedom with the Assad era,2,"[MACRO INFO] Η Συρία αναθεωρεί την ελευθερία του Τύπου, υπενθυμίζοντας τους θανάτους δημοσιογράφων από την έναρξη της επανάστασης του 2011.",,,"[""Syria""]","[""Assad""]",[],[],Policy Change,0.9
1485,2026-05-26,Syria,Syria Direct,Suwayda’s students caught up in the struggle with Damascus,2,[MACRO INFO] Μαθητές στη Σουέιντα της Συρίας αντιμετωπίζουν προβλήματα αναγνώρισης απολυτηρίων εξετάσεων εν μέσω διαμάχης με τη Δαμασκό.,,,"[""Syria""]",[],[],"[""Suwayda"", ""Damascus""]",Policy Change,0.9
1486,2026-05-26,Lebanon,Daraj,سوريا التي خرجت من الطغيان ولم تدخل إلى الدولة,2,"[MACRO INFO] Η Συρία χρειάζεται διαφάνεια στη διαχείριση των κρατικών περιουσιακών στοιχείων, στις δαπάνες των προϋπολογισμών και στις δημόσιες συμβάσεις.",,,"[""Syria""]",[],[],[],Policy Change,0.9
1489,2026-05-26,Lebanon,Daraj,حين تصبح الكاميرا تهمة,2,[MACRO INFO] Απώλειες ανθρώπων στον Λίβανο και την Παλαιστίνη αποτελούν αντικείμενο τεκμηρίωσης.,,,"[""Lebanon"", ""Palestine""]",[],[],[],Humanitarian,0.9
1492,2026-05-26,Turkiye,Turkish Minute,Turkey’s pro-Kurdish party backs ousted opposition chairman after police raid on CHP headquarters,2,[MACRO INFO] Το φιλοκουρδικό κόμμα της Τουρκίας υποστήριξε τον έκπτωτο πρόεδρο της αντιπολίτευσης μετά από αστυνομική επιδρομή στα κεντρικά γραφεία του Ρεπουμπλικανικού Λαϊκού Κόμματος (CHP).,,,"[""Turkey""]",[],"[""Republican People's Party (CHP)""]",[],Other,0.9
1495,2026-05-26,Turkiye,Turkish Minute,9 CHP members arrested in probe linked to annulled party congress,2,[MACRO INFO] Εννέα μέλη του αντιπολιτευόμενου κόμματος CHP συνελήφθησαν στην Τουρκία σε έρευνα για παρατυπίες σε κομματικό συνέδριο.,,,"[""Turkey""]",[],"[""CHP""]",[],Other,0.9
1496,2026-05-26,Turkiye,Turkish Minute,PACE rapporteurs warn Turkey’s opposition must not be silenced by force or courts,2,"[MACRO INFO] Οι εισηγητές της PACE προειδοποίησαν την Τουρκία να μην φιμώσει την αντιπολίτευση με βία ή δικαστική πίεση, μετά την έφοδο της αστυνομίας στα κεντρικά γραφεία του CHP.",,,"[""Turkey""]",[],"[""PACE"", ""CHP""]",[],Policy Change,0.9
1497,2026-05-26,Egypt,Mada Masr English,"Mohamed Aboul Diyar held on false news, terrorism charges after authorities target prisoners’ campaign event organizers",2,[MACRO INFO] Ο Mohamed Aboul Diyar συνελήφθη στην Αίγυπτο με κατηγορίες για διάδοση ψευδών ειδήσεων και συμμετοχή σε τρομοκρατική οργάνωση.,,,"[""Egypt""]","[""Mohamed Aboul Diyar""]",[],[],Humanitarian,0.9
1502,2026-05-26,Egypt,Egyptian Streets,Al-Sisi Urges Use of Diplomatic Window to Secure US-Iran Deal,2,[MACRO INFO] Ο Αιγύπτιος Πρόεδρος Αλ-Σίσι προέτρεψε σε διπλωματικές προσπάθειες για συμφωνία ΗΠΑ-Ιράν και αποφυγή κλιμάκωσης στην περιοχή.,,,"[""United States"", ""Iran"", ""Egypt""]","[""Al-Sisi""]",[],[],Other,0.9
1503,2026-05-26,Cross_Regional,BBC Arabic,"ضربات أمريكية ""دفاعية"" في جنوب إيران، وواشنطن تقول إن الاتفاق مع طهران ""لا يزال ممكناً""",2,[MACRO INFO] Αμερικανικά «αμυντικά» πλήγματα πραγματοποιήθηκαν στο νότιο Ιράν.,,,"[""USA"", ""Iran""]",[],[],"[""southern Iran"", ""Washington"", ""Tehran""]",Other,0.9
1505,2026-05-26,Cross_Regional,BBC Arabic,فرت بسيارة أجرة قبل أن يُفرض عليها الزواج في بلد يمنع تعليم الفتيات,2,[MACRO INFO] Οι Ταλιμπάν δεν έχουν ορίσει ημερομηνία για την άρση της απαγόρευσης εκπαίδευσης των κοριτσιών στο Αφγανιστάν.,,,"[""Afghanistan""]",[],"[""Taliban""]",[],Humanitarian,0.9
1508,2026-05-26,Cross_Regional,Al Jazeera,US strikes southern Iran in ‘self defence’ targeting Iranian mine boats,2,"[MACRO INFO] Ο αμερικανικός στρατός εξαπέλυσε νέα πλήγματα στο νότιο Ιράν, στοχεύοντας ιρανικές τοποθεσίες πυραύλων και σκάφη.",,,"[""US"", ""Iran""]",[],[],"[""southern Iran""]",Other,0.9
1512,2026-05-26,Cross_Regional,Middle East Eye,Israeli strike hits Kafr Sir as fighting escalates in south Lebanon,2,[MACRO INFO] Ισραηλινά πλήγματα έπληξαν περιοχές στον Νότιο Λίβανο εν μέσω κλιμακούμενων συγκρούσεων με τη Χεζμπολάχ.,,,"[""Israel"", ""Lebanon""]",[],[],"[""Kafr Sir"", ""South Lebanon""]",Humanitarian,0.9
1514,2026-05-26,Cross_Regional,Al Monitor,Rubio says Iran deal could take days as US launches fresh strikes,2,[MACRO INFO] Οι ΗΠΑ πραγματοποίησαν αμυντικά πλήγματα στο νότιο Ιράν εν μέσω συνεχιζόμενων διαπραγματεύσεων για τη διευθέτηση της σύγκρουσης.,,,"[""US"", ""Iran""]","[""Rubio""]",[],"[""Southern Iran""]",Humanitarian,0.85
1515,2026-05-26,Cross_Regional,Al Monitor,Rubio says Strait of Hormuz has to be open 'one way or the other',2,"[MACRO INFO] Ο Αμερικανός Υπουργός Εξωτερικών Μάρκο Ρούμπιο δήλωσε ότι τα Στενά του Ορμούζ πρέπει να παραμείνουν ανοιχτά, αναφερόμενος σε αμερικανικά πλήγματα στο Ιράν.",,,"[""United States"", ""Iran""]","[""Marco Rubio""]",[],"[""Strait of Hormuz""]",Policy Change,0.9
1516,2026-05-26,Cross_Regional,Al Monitor,Son of Libya's Haftar vows to make up for 'lost years' under Gaddafi,2,[MACRO INFO] Ο γιος του Χαλίφα Χαφτάρ στη Λιβύη αναφέρθηκε σε προσπάθειες ανοικοδόμησης και αποκατάστασης της νομιμότητας της φατρίας.,,,"[""Libya""]","[""Haftar"", ""Gaddafi"", ""Khalifa Haftar""]",[],[],Other,0.9
1517,2026-05-26,Cross_Regional,Al Monitor,Canada's Carney calls treatment of Gaza flotilla activists 'unacceptable',2,"[MACRO INFO] Ο Καναδός πρωθυπουργός καταδίκασε την αντιμετώπιση ακτιβιστών σε νηοπομπή βοήθειας με προορισμό τη Γάζα, προκαλώντας διπλωματικές αντιδράσεις.",,,"[""Canada"", ""Palestine""]","[""Carney""]",[],"[""Gaza""]",Humanitarian,0.9
1534,2026-05-26,Turkiye,Evrensel,ABD’nin yeni hamlesi piyasayı etkiledi: Petrol fiyatları yeniden yükseldi,2,[MACRO INFO] Πρόσφατες επιθέσεις των ΗΠΑ στο Ιράν και η αβεβαιότητα στα Στενά του Ορμούζ οδήγησαν σε άνοδο των τιμών του πετρελαίου.,,,"[""USA"", ""Iran""]",[],[],"[""Strait of Hormuz""]",Humanitarian,0.9
1551,2026-05-26,Cross_Regional,Al Jazeera,Rubio says Iran deal could take days after US forces launch new attacks,2,"[MACRO INFO] Δυνάμεις των ΗΠΑ έπληξαν ιρανικές τοποθεσίες πυραύλων και σκάφη, ενώ ιρανική αντιπροσωπεία βρίσκεται στο Κατάρ για συνομιλίες εκεχειρίας.",,,"[""United States"", ""Iran"", ""Qatar""]","[""Rubio""]",[],[],Other,0.9
1436,2026-05-25,Syria,North Press Agency,"Child killed, five injured in war remnant blast in Daraa",2,[MACRO INFO] Ένα παιδί σκοτώθηκε και πέντε τραυματίστηκαν από έκρηξη πολεμικού απομειναριού στην ύπαιθρο της Ντέρας στη Συρία.,,,"[""Syria""]",[],[],"[""Daraa""]",Humanitarian,0.9
1437,2026-05-25,Syria,North Press Agency,"Preliminary results announced for People’s Assembly elections in Hasakah, Kobani",2,[MACRO INFO] Ανακοινώθηκαν προκαταρκτικά αποτελέσματα για τις εκλογές του Λαϊκού Συμβουλίου στην επαρχία Χασακά και την περιοχή Κομπάνι της Συρίας.,,,"[""Syria""]",[],[],"[""Hasakah"", ""Kobani""]",Other,0.9
1438,2026-05-25,Syria,North Press Agency,"Israeli forces raid houses, detain resident in Syria’s Quneitra",2,[MACRO INFO] Ισραηλινές δυνάμεις πραγματοποίησαν επιδρομές σε σπίτια και συνέλαβαν κάτοικο στην περιοχή Κουνέιτρα της νότιας Συρίας.,,,"[""Israel"", ""Syria""]",[],[],"[""Quneitra""]",Border Crisis,0.9
1439,2026-05-25,Syria,North Press Agency,Voting begins for People’s Assembly elections in Syria’s Kurdish cities,2,[MACRO INFO] Ξεκίνησε η ψηφοφορία για τις εκλογές της Λαϊκής Συνέλευσης σε κουρδικές πόλεις στις κυβερνήσεις Χασάκα και Χαλεπίου της Συρίας.,,,"[""Syria""]",[],"[""People's Assembly""]","[""Kurdish cities"", ""Hassakeh"", ""Aleppo""]",Policy Change,0.9
1440,2026-05-25,Syria,Enab Baladi,Arrests Target Senior Assad Regime Figures,2,[MACRO INFO] Το Υπουργείο Εσωτερικών της Συρίας ανακοίνωσε συλλήψεις ανώτερων στελεχών του καθεστώτος Άσαντ σε πρόσφατες επιχειρήσεις.,,,"[""Syria""]","[""Assad""]","[""Ministry of Interior of Syria""]",[],Other,0.9
1441,2026-05-25,Syria,Enab Baladi,Syrian Finance Ministry Sanctions 256 for Alleged Corruption,2,[MACRO INFO] Το Υπουργείο Οικονομικών της Συρίας επέβαλε κυρώσεις σε 256 άτομα για φερόμενη διαφθορά.,,,"[""Syria""]",[],"[""Syrian Finance Ministry""]",[],Policy Change,0.9
1442,2026-05-25,Syria,Enab Baladi,Institutional Trust and the Future of Investment in Syria,2,[MACRO INFO] Το άρθρο αναλύει την θεσμική εμπιστοσύνη και το μέλλον των επενδύσεων στη Συρία.,,,"[""Syria""]",[],[],"[""Syria""]",Economic Migration,0.9
1443,2026-05-25,Syria,Enab Baladi,National Commission for the Missing Finds Remains Near Damascus,2,"[MACRO INFO] Η Εθνική Επιτροπή Αγνοουμένων εντόπισε ανθρώπινα λείψανα στην περιοχή Ις αλ-Βέρβερ, στην επαρχία της Δαμασκού.",,,"[""Syria""]",[],"[""National Commission for the Missing""]","[""Damascus"", ""Is al-Werwer"", ""Damascus province""]",Humanitarian,0.9
1444,2026-05-25,Syria,Syria Direct,"Al-Sharaa’s shakeup: A merit-based state, or a circle of trust?",2,[MACRO INFO] Ο Πρόεδρος Ahmad al-Sharaa προχώρησε σε ανασχηματισμό κυβερνητών και υπουργών στη Συρία.,,,"[""Syria""]","[""Ahmad al-Sharaa""]",[],[],Policy Change,0.9
1445,2026-05-25,Syria,Syria Direct,"As Atef Najib’s trial proceeds, what legal basis exists for transitional justice?",2,"[MACRO INFO] Προχωρά η δίκη του πρώην αξιωματούχου ασφαλείας του καθεστώτος Άσαντ, Atef Najib.",,,"[""Syria""]","[""Atef Najib"", ""Assad""]",[],[],Humanitarian,0.9
1446,2026-05-25,Syria,Syria Direct,Syria bids farewell to its “Kingdom of Silence” — but warnings remain over a “trap” in comparing press freedom with the Assad era,2,"[MACRO INFO] Συζητούνται οι συνθήκες ελευθερίας του Τύπου στη Συρία, όπου εκατοντάδες δημοσιογράφοι έχουν χάσει τη ζωή τους από το 2011.",,,"[""Syria""]",[],[],[],Humanitarian,0.9
1447,2026-05-25,Syria,Syria Direct,Suwayda’s students caught up in the struggle with Damascus,2,[MACRO INFO] Φοιτητές στη Σουέιντα της Συρίας αντιμετωπίζουν προβλήματα αναγνώρισης πτυχίων εν μέσω συνεχιζόμενων εντάσεων με την κυβέρνηση της Δαμασκού.,,,"[""Syria""]",[],[],"[""Suwayda"", ""Damascus""]",Policy Change,0.9
1448,2026-05-25,Syria,Syria Direct,"Syrian Jews and allies seek a place in the country’s future, divided over Israel",2,[MACRO INFO] Εβραίοι της Συρίας και σύμμαχοι διχάζονται για τον ρόλο του Ισραήλ στο μέλλον της κοινότητας εντός της χώρας.,,,"[""Syria"", ""Israel""]",[],[],[],Humanitarian,0.9
1450,2026-05-25,Lebanon,Daraj,لجان البرلمان السوري في الحسكة: “انتخابات الأمر الواقع”,2,"[MACRO INFO] Κουρδικά κόμματα στη Χασάκα της Συρίας απέτυχαν να συμφωνήσουν σε κοινό μηχανισμό για τις de facto εκλογές, με ένα κόμμα να καταγγέλλει περιθωριοποίηση.",,,"[""Syria""]",[],"[""Syrian Parliament"", ""Kurdish parties""]","[""Al-Hasakah""]",Policy Change,0.9
1454,2026-05-25,Turkiye,Evrensel,İsrail ateşkese rağmen Lübnan’a saldırılarını sürdürüyor: 3 kişi yaşamını yitirdi,2,"[MACRO INFO] Ισραηλινά drones έπληξαν οχήματα στον Νότιο Λίβανο, σκοτώνοντας 3 άτομα.",,,"[""Israel"", ""Lebanon""]",[],[],"[""Southern Lebanon""]",Humanitarian,0.9
1455,2026-05-25,Turkiye,Turkish Minute,Turkish riot police use tear gas to enter CHP headquarters,2,"[MACRO INFO] Τούρκοι αστυνομικοί των ΜΑΤ εισέβαλαν με δακρυγόνα στα κεντρικά γραφεία του αντιπολιτευόμενου κόμματος CHP στην Άγκυρα, μετά την απομάκρυνση της ηγεσίας του από δικαστήριο.",,,"[""Turkey""]",[],"[""CHP""]","[""Ankara""]",Other,0.9
1456,2026-05-25,Turkiye,Turkish Minute,"Turkey joins regional call as US, Iran seek to finalize deal to end Middle East war",2,"[MACRO INFO] Η Τουρκία συμμετείχε σε περιφερειακή σύσκεψη, καθώς οι ΗΠΑ και το Ιράν επιδιώκουν συμφωνία για τον τερματισμό του πολέμου στη Μέση Ανατολή.",,,"[""Turkey"", ""US"", ""Iran""]",[],[],"[""Middle East""]",Policy Change,0.9
1457,2026-05-25,Turkiye,Turkish Minute,Human Rights Watch says Turkey damaging democracy as CHP members detained,2,"[MACRO INFO] Η Human Rights Watch αναφέρει ότι η Τουρκία υπονομεύει τη δημοκρατία, καθώς συνελήφθησαν δεκατρία μέλη του αντιπολιτευόμενου κόμματος CHP.",,,"[""Turkey""]",[],"[""Human Rights Watch"", ""CHP""]",[],Humanitarian,0.9
1458,2026-05-25,Turkiye,Turkish Minute,13 delegates of main opposition CHP detained after court voids party congress,2,[MACRO INFO] Τουρκικές αρχές συνέλαβαν 13 στελέχη του κύριου αντιπολιτευόμενου κόμματος CHP αφού δικαστήριο ακύρωσε το συνέδριο του κόμματος.,,,"[""Turkey""]",[],"[""CHP""]",[],Policy Change,0.9
1461,2026-05-25,Egypt,Mada Masr English,"Govt releases new electricity tariffs, revealing hikes extending to Egypt’s major power users",2,[MACRO INFO] Η κυβέρνηση της Αιγύπτου ανακοίνωσε αυξήσεις στα τιμολόγια ηλεκτρικού ρεύματος.,,,"[""Egypt""]",[],[],[],Policy Change,0.9
1462,2026-05-25,Egypt,Egyptian Streets,Al-Sisi Urges Use of Diplomatic Window to Secure US-Iran Deal,2,[MACRO INFO] Ο Πρόεδρος της Αιγύπτου Αλ-Σίσι τόνισε την ανάγκη διπλωματικής επίλυσης μεταξύ ΗΠΑ και Ιράν για την αποφυγή κλιμάκωσης στην περιοχή.,,,"[""Egypt"", ""United States"", ""Iran""]","[""Al-Sisi""]",[],[],Policy Change,0.9
1466,2026-05-25,Cross_Regional,BBC Arabic,شرطة مكافحة الشغب التركية تقتحم مقر حزب الشعب الجمهوري المعارض,2,[MACRO INFO] Τουρκική αστυνομία εισέβαλε στην έδρα του κύριου κόμματος της αντιπολίτευσης στην Τουρκία.,,,"[""Turkey""]",[],"[""Turkish Police"", ""Republican People's Party""]",[],Other,0.9
1467,2026-05-25,Cross_Regional,BBC Arabic,مدينة عِبرِي السودانية تشهد مواجهات عنيفة بين الأهالي والشرطة بسبب انقطاع الكهرباء,2,[MACRO INFO] Η πόλη Άμπρι στο Σουδάν αντιμετωπίζει βίαιες συγκρούσεις μεταξύ κατοίκων και αστυνομίας λόγω εκτεταμένων διακοπών ρεύματος.,,,"[""Sudan""]",[],"[""Police""]","[""Abri""]",Humanitarian,0.9
1469,2026-05-25,Cross_Regional,Middle East Eye,Iranian analyst says Trump retreated from two key elements in proposal,2,[MACRO INFO] Αναλυτής αναφέρει υποχώρηση του Τραμπ από πρόταση για κατάπαυση του πυρός στον Λίβανο και ξεπάγωμα ιρανικών περιουσιακών στοιχείων.,,,"[""Iran"", ""Lebanon""]","[""Trump""]",[],[],Policy Change,0.9
1470,2026-05-25,Cross_Regional,Middle East Eye,Morning update,2,[MACRO INFO] Συνεχίζονται οι μάχες στον Λίβανο.,,,"[""Lebanon""]",[],[],[],Humanitarian,0.9
1472,2026-05-25,Cross_Regional,Middle East Eye,Financial Times details emerging Tehran-Washington framework,2,[MACRO INFO] Οι Financial Times αναφέρουν ένα προτεινόμενο πλαίσιο συμφωνίας Τεχεράνης-Ουάσιγκτον για παράταση εκεχειρίας και διαπραγματεύσεις σχετικά με το πυρηνικό πρόγραμμα του Ιράν και τα Στενά του Ορμούζ.,,,"[""Iran"", ""United States""]",[],"[""Financial Times""]","[""Tehran"", ""Washington"", ""Strait of Hormuz""]",Other,0.9
1474,2026-05-25,Cross_Regional,Al Monitor,Global tensions set to stalk Singapore's flagship defence summit,2,[MACRO INFO] Στην ατζέντα αμυντικής συνόδου στη Σιγκαπούρη κυριαρχούν ο πόλεμος στο Ιράν και οι εντάσεις στην Ταϊβάν.,,,"[""Iran"", ""Taiwan"", ""Singapore""]",[],[],"[""Singapore""]",Other,0.9
1313,2026-05-24,Syria,North Press Agency,Syrian People’s Assembly elections begin in Kobani,2,[MACRO INFO] Ξεκίνησαν οι εκλογές για τη Λαϊκή Συνέλευση της Συρίας στην Κομπάνι.,,,"[""Syria""]",[],"[""Syrian People’s Assembly""]","[""Kobani""]",Policy Change,0.9
1315,2026-05-24,Syria,Enab Baladi,Institutional Trust and the Future of Investment in Syria,2,[MACRO INFO] Η θεσμική εμπιστοσύνη επηρεάζει το μέλλον των επενδύσεων στην Συρία.,,,"[""Syria""]",[],[],[],Economic Migration,0.9
1316,2026-05-24,Syria,Enab Baladi,National Commission for the Missing Finds Remains Near Damascus,2,"[MACRO INFO] Ανευρέθηκαν ανθρώπινα υπολείμματα στην περιοχή Ις αλ-Γουέρουερ, επαρχία Αγροτικής Δαμασκού.",,,"[""Syria""]",[],"[""National Commission for the Missing""]","[""Damascus"", ""Is al-Werwer"", ""Rural Damascus province""]",Humanitarian,0.9
1317,2026-05-24,Syria,Syria Direct,"Al-Sharaa’s shakeup: A merit-based state, or a circle of trust?",2,[MACRO INFO] Ο πρόεδρος Ahmad al-Sharaa προχώρησε σε ανασχηματισμό κυβερνητών και υπουργών στη Συρία.,,,"[""Syria""]","[""Ahmad al-Sharaa""]",[],[],Policy Change,0.95
1318,2026-05-24,Syria,Syria Direct,"As Atef Najib’s trial proceeds, what legal basis exists for transitional justice?",2,"[MACRO INFO] Συνεχίζεται η δίκη του πρώην αξιωματούχου ασφαλείας του καθεστώτος Άσαντ, Atef Najib, με ερωτήματα σχετικά με το νομικό πλαίσιο της μεταβατικής δικαιοσύνης.",,,"[""Syria""]","[""Atef Najib"", ""Assad""]",[],[],Policy Change,0.9
1319,2026-05-24,Syria,Syria Direct,Syria bids farewell to its “Kingdom of Silence” — but warnings remain over a “trap” in comparing press freedom with the Assad era,2,[MACRO INFO] Εκατοντάδες δημοσιογράφοι έχουν χάσει τη ζωή τους στη Συρία από το 2011 εν μέσω συνεχιζόμενων ζητημάτων ελευθερίας του Τύπου.,,,"[""Syria""]","[""Assad""]",[],[],Humanitarian,0.9
1320,2026-05-24,Syria,Syria Direct,Suwayda’s students caught up in the struggle with Damascus,2,[MACRO INFO] Οι μαθητές της Suwayda στη Συρία αντιμετωπίζουν αβεβαιότητα για την αναγνώριση των απολυτήριων εξετάσεων λόγω συνεχιζόμενης διαμάχης με τη Δαμασκό.,,,"[""Syria""]",[],[],"[""Suwayda"", ""Damascus""]",Policy Change,0.9
1324,2026-05-24,Lebanon,Daraj,لجان البرلمان السوري في الحسكة: “انتخابات الأمر الواقع”,2,"[MACRO INFO] Συριακές κοινοβουλευτικές επιτροπές στη Χασάκα αναφέρουν διαφωνίες μεταξύ κουρδικών κομμάτων για τις ""εκλογές de facto"" και την κατανομή εδρών.",,,"[""Syria""]",[],"[""Parliament of Syria""]","[""Hasaka""]",Policy Change,0.9
1326,2026-05-24,Turkiye,Evrensel,Savaş ekonomisi ve İran’da işçilerin yaşamı,2,"[MACRO INFO] Η οικονομία του Ιράν αντιμετωπίζει καταστροφικές επιπτώσεις πολέμου, με τον πληθωρισμό να ξεπερνά το 73% και τις τιμές των βασικών τροφίμων να διπλασιάζονται.",,,"[""Iran""]",[],[],[],Economic Migration,0.9
1330,2026-05-24,Turkiye,Evrensel,CHP Genel Merkezi önünde 'tahliye' gerginliği: 'Mafyavari tiplerle kapıya dayandılar',2,[MACRO INFO] Ένταση και μικροσυμπλοκές σημειώθηκαν στα κεντρικά γραφεία του Ρεπουμπλικανικού Λαϊκού Κόμματος (CHP) στην Τουρκία.,,,"[""Turkey""]",[],"[""Republican People's Party (CHP)""]",[],Humanitarian,0.9
1331,2026-05-24,Turkiye,Turkish Minute,Human Rights Watch says Turkey damaging democracy as CHP members detained,2,[MACRO INFO] Η Human Rights Watch αναφέρει ότι η Τουρκία υπονομεύει τη δημοκρατία με την κράτηση μελών του αντιπολιτευόμενου CHP.,,,"[""Turkey""]",[],"[""Human Rights Watch"", ""CHP""]",[],Humanitarian,0.9
1332,2026-05-24,Turkiye,Turkish Minute,13 delegates of main opposition CHP detained after court voids party congress,2,[MACRO INFO] Οι τουρκικές αρχές συνέλαβαν 13 εκπροσώπους του κυριότερου κόμματος της αντιπολίτευσης (CHP) μετά την ακύρωση κομματικού συνεδρίου από δικαστήριο.,,,"[""Turkey""]",[],"[""CHP""]",[],Other,0.9
1333,2026-05-24,Turkiye,Turkish Minute,10 Turkish citizens accused of ISIL links arrested in Syria,2,[MACRO INFO] Δέκα Τούρκοι πολίτες με διασυνδέσεις με το ISIL συνελήφθησαν στη Συρία σε κοινή επιχείρηση τουρκικών και συριακών μυστικών υπηρεσιών.,,,"[""Turkey"", ""Syria""]",[],"[""ISIL""]",[],Border Crisis,0.9
1334,2026-05-24,Turkiye,Turkish Minute,Syrian troops join Turkey’s EFES drills in first foreign exercise since Assad’s fall,2,"[MACRO INFO] Μονάδες του συριακού στρατού συμμετείχαν σε τουρκική στρατιωτική άσκηση, στην πρώτη τέτοια συμμετοχή μετά την πτώση της κυβέρνησης Άσαντ.",,,"[""Syria"", ""Turkey""]","[""Assad""]",[],[],Policy Change,0.9
1335,2026-05-24,Egypt,Mada Masr English,"Sudan Nashra: Military moves ahead with allied forces integration, Juba armed movements scramble to secure political guarantees | RSF introduces emergency internal measures across Darfur amid wave of defections | Darfur’s Jebel Marra grapples with di",2,"[MACRO INFO] Ο στρατός του Σουδάν προχωρά σε ενσωμάτωση δυνάμεων, ενώ η RSF λαμβάνει έκτακτα μέτρα στο Νταρφούρ εν μέσω αποστασιών και κρουσμάτων ασθενειών.",,,"[""Sudan""]",[],"[""RSF"", ""Military"", ""Juba armed movements""]","[""Juba"", ""Darfur"", ""Jebel Marra""]",Humanitarian,0.9
1337,2026-05-24,Egypt,Mada Masr English,"Divorce, Al-Azhar, the state and other separations that can’t be spoken into existence",2,[MACRO INFO] Οι συνεχώς επιδεινούμενες οικονομικές συνθήκες επιβαρύνουν σημαντικά τις οικογένειες.,,,[],[],"[""Al-Azhar""]",[],Economic Migration,0.9
1339,2026-05-24,Egypt,Mada Masr English,"Govt releases new electricity tariffs, revealing hikes extending to Egypt’s major power users",2,[MACRO INFO] Η κυβέρνηση της Αιγύπτου δημοσίευσε νέα τιμολόγια ηλεκτρικού ρεύματος με αυξήσεις που αφορούν και τους μεγάλους καταναλωτές.,,,"[""Egypt""]",[],[],[],Policy Change,0.9
1343,2026-05-24,Cross_Regional,BBC Arabic,واشنطن وطهران تقتربان من اتفاق يتضمّن فتح مضيق هرمز وتخفيف العقوبات,2,[MACRO INFO] Ουάσιγκτον και Τεχεράνη πλησιάζουν σε συμφωνία για το άνοιγμα του Στενού του Ορμούζ και την άρση κυρώσεων. Οι τελικές λεπτομέρειες αναμένεται να ανακοινωθούν σύντομα.,,,"[""United States"", ""Iran""]",[],[],"[""Strait of Hormuz""]",Policy Change,0.9
1344,2026-05-24,Cross_Regional,BBC Arabic,كييف تتعرض لهجوم روسي ضخم,2,"[MACRO INFO] Η πρωτεύουσα της Ουκρανίας, Κίεβο, δέχθηκε μαζική επίθεση με πυραύλους και drones.",,,"[""Russia"", ""Ukraine""]",[],[],"[""Kyiv""]",Humanitarian,0.95
1345,2026-05-24,Cross_Regional,Al Jazeera,LIVE: Trump says Iran deal ‘largely negotiated’; Pakistan says talks soon,2,"[MACRO INFO] Ο Τραμπ δήλωσε ότι μια συμφωνία με το Ιράν έχει σε μεγάλο βαθμό διαπραγματευτεί, μετά από συνομιλίες του Πακιστάν στην Τεχεράνη.",,,"[""Iran"", ""Pakistan""]","[""Trump""]",[],"[""Tehran""]",Other,0.9
1348,2026-05-24,Cross_Regional,Middle East Eye,Morning update,2,"[MACRO INFO] Ο Ντόναλντ Τραμπ ανακοίνωσε ότι έχει «σε μεγάλο βαθμό διαπραγματευτεί» μια συμφωνία μεταξύ ΗΠΑ, Ιράν και περιφερειακών δυνάμεων.",,,"[""USA"", ""Iran""]","[""Donald Trump""]",[],[],Policy Change,0.95
1349,2026-05-24,Cross_Regional,Middle East Eye,"'Imminent' US-Iran deal not in Tel Aviv's interest, Israeli media says",2,[MACRO INFO] Ισραηλινά ΜΜΕ εκφράζουν ανησυχία για επικείμενη συμφωνία ΗΠΑ-Ιράν που ενδέχεται να μην εξυπηρετεί τα συμφέροντα του Ισραήλ.,,,"[""United States"", ""Iran"", ""Israel""]",[],[],"[""Tel Aviv""]",Policy Change,0.95
1352,2026-05-24,Cross_Regional,Al Monitor,"Trump says Iran deal 'largely negotiated', dispute over strait reopening",2,"[MACRO INFO] Ο Πρόεδρος Τραμπ αναφέρει ότι μια συμφωνία ειρήνης με το Ιράν έχει ""σε μεγάλο βαθμό διαπραγματευτεί"" και θα άνοιγε τα Στενά του Ορμούζ, ενώ το Ιράν αμφισβητεί αυτόν τον ισχυρισμό.",,,"[""Iran""]","[""Trump""]",[],"[""Strait of Hormuz""]",Policy Change,0.9
1353,2026-05-24,Syria,North Press Agency,Voting begins for People’s Assembly elections in Syria’s Kurdish cities,2,[MACRO INFO] Διεξάγονται εκλογές για την Λαϊκή Συνέλευση σε κουρδικές πόλεις της Συρίας.,,,"[""Syria""]",[],"[""People's Assembly""]","[""Kurdish cities""]",Other,0.9
1355,2026-05-24,Syria,North Press Agency,"Trump says Iran agreement largely negotiated, Hormuz reopening disputed",2,"[MACRO INFO] Ο Πρόεδρος των ΗΠΑ Ντόναλντ Τραμπ δήλωσε ότι μια συμφωνία με το Ιράν για τον τερματισμό των εντάσεων έχει σε μεγάλο βαθμό διαπραγματευτεί, περιλαμβάνοντας το άνοιγμα των Στενών του Ορμούζ.",,,"[""USA"", ""Iran""]","[""Donald Trump""]",[],"[""Strait of Hormuz""]",Policy Change,0.9
1356,2026-05-24,Syria,North Press Agency,Five killed in separate incidents across Deir ez-Zor,2,[MACRO INFO] Πέντε άτομα σκοτώθηκαν σε διάφορα βίαια περιστατικά στην Ντέιρ εζ-Ζορ της ανατολικής Συρίας.,,,"[""Syria""]",[],[],"[""Deir ez-Zor""]",Humanitarian,0.9
1381,2026-05-24,Cross_Regional,Al Jazeera,Russian attacks on Ukraine’s Kyiv kill at least four people,2,[MACRO INFO] Ρωσικές επιθέσεις στην περιοχή του Κιέβου στην Ουκρανία σκότωσαν τουλάχιστον τέσσερα άτομα και προκάλεσαν ζημιές σε 40 τοποθεσίες.,,,"[""Russia"", ""Ukraine""]",[],[],"[""Kyiv""]",Humanitarian,0.9
1384,2026-05-24,Cross_Regional,Middle East Eye,UK welcomes progress on US-Iran talks,2,"[MACRO INFO] Το Ηνωμένο Βασίλειο χαιρετίζει την πρόοδο στις συνομιλίες ΗΠΑ-Ιράν για πιθανή συμφωνία, με στόχο τον τερματισμό της σύγκρουσης και την αποτροπή πυρηνικών όπλων.",,,"[""UK"", ""US"", ""Iran""]",[],[],[],Policy Change,0.9
1385,2026-05-24,Cross_Regional,Middle East Eye,Rubio labels Iran world leading sponsor of 'terrorism',2,[MACRO INFO] Ο Αμερικανός Υπουργός Εξωτερικών Μάρκο Ρούμπιο χαρακτήρισε το Ιράν ως τον κορυφαίο χορηγό της τρομοκρατίας παγκοσμίως.,,,"[""Iran"", ""USA""]","[""Marco Rubio""]",[],[],Other,0.9
1386,2026-05-24,Cross_Regional,Middle East Eye,Former US envoy says escalation would have been worse than deal,2,"[MACRO INFO] Πρώην απεσταλμένος των ΗΠΑ αξιολογεί τη συμφωνία ΗΠΑ-Ιράν ως αδύναμη αλλά προτιμότερη από στρατιωτική κλιμάκωση, προειδοποιώντας για πιθανή παγκόσμια οικονομική κρίση.",,,"[""US"", ""Iran""]",[],[],[],Policy Change,0.9
1389,2026-05-24,Cross_Regional,Al Monitor,Proposed US-Iran deal involves opening strait during 60-day ceasefire extension,2,[MACRO INFO] Οι ΗΠΑ και το Ιράν βρίσκονται κοντά σε συμφωνία για παράταση κατάπαυσης του πυρός 60 ημερών. Η συμφωνία περιλαμβάνει το άνοιγμα των Στενών του Ορμούζ και διαπραγματεύσεις για το πυρηνικό πρόγραμμα του Ιράν.,,,"[""US"", ""Iran""]",[],[],"[""Strait of Hormuz""]",Policy Change,0.9
1391,2026-05-24,Syria,North Press Agency,"Preliminary results announced for People’s Assembly elections in Hasakah, Kobani",2,[MACRO INFO] Ανακοινώθηκαν τα προκαταρκτικά αποτελέσματα των εκλογών της Λαϊκής Συνέλευσης στην Χασάκα και το Κομπάνι της Συρίας.,,,"[""Syria""]",[],"[""People's Assembly""]","[""Hasakah"", ""Kobani""]",Policy Change,0.9
1409,2026-05-24,Turkiye,Evrensel,CHP Lideri Özgür Özel halkla birlikte TBMM'ye yürüyor,2,"[MACRO INFO] Ο ηγέτης του CHP, Özgür Özel, σκίζει ειδοποίηση «απόλυτης ακυρότητας» και πραγματοποιεί πορεία με τον λαό προς την τουρκική Βουλή.",,,"[""Turkey""]","[""Özgür Özel""]","[""CHP"", ""TBMM""]",[],Policy Change,0.9
1411,2026-05-24,Turkiye,Evrensel,"Özgür Özel'den polis baskını sonrası açıklama: 'CHP bundan sonra sokaktadır, meydandadır'",2,"[MACRO INFO] Ο ηγέτης του CHP, Özgür Özel, έκανε δήλωση μετά από αστυνομική έφοδο στα κεντρικά γραφεία του κόμματος στην Τουρκία.",,,"[""Turkey""]","[""Özgür Özel""]","[""CHP""]",[],Other,0.9
1412,2026-05-24,Turkiye,Evrensel,CHP Genel Merkezine müdahale tepki çekti: “Bugün karşı konulmazsa yarın iktidar sınır tanımayacak”,2,[MACRO INFO] Η αστυνομική επέμβαση στα κεντρικά γραφεία του CHP προκάλεσε αντιδράσεις.,,,"[""Turkey""]",[],"[""CHP""]",[],Other,0.9
1422,2026-05-24,Cross_Regional,BBC Arabic,ماذا لو بقي مضيق هرمز مغلقاً؟ - مقال في بلومبيرغ,2,[MACRO INFO] Πιθανό κλείσιμο του Στενού του Ορμούζ αναμένεται να προκαλέσει παγκόσμια ενεργειακή κρίση και οικονομικές επιπτώσεις.,,,[],[],"[""Bloomberg""]","[""Strait of Hormuz""]",Economic Migration,0.9
1425,2026-05-24,Cross_Regional,Al Jazeera,"Blast hits train in Pakistan’s Balochistan, killing at least 24 people",2,[MACRO INFO] Έκρηξη σε τρένο στο Μπαλουχιστάν του Πακιστάν σκότωσε τουλάχιστον 24 άτομα και τραυμάτισε πάνω από 50.,,,"[""Pakistan""]",[],[],"[""Balochistan""]",Humanitarian,0.9
1429,2026-05-24,Cross_Regional,Middle East Eye,"Israel to retain 'freedom of action' in Lebanon under US–Iran deal, report says",2,[MACRO INFO] Ισραηλινή πηγή ανέφερε ότι το Ισραήλ θα διατηρήσει την «ελευθερία δράσης» στον Λίβανο.,,,"[""Israel"", ""Lebanon"", ""US"", ""Iran""]",[],[],[],Policy Change,0.9
1430,2026-05-24,Cross_Regional,Middle East Eye,'Nightmare for Israel': Republican hawks attack Trump's emerging Iran deal,2,"[MACRO INFO] Ανώτεροι Ρεπουμπλικανοί των ΗΠΑ επέκριναν τη φερόμενη συμφωνία κατάπαυσης του πυρός με το Ιράν, εκφράζοντας ανησυχίες ότι θα ενισχύσει την Τεχεράνη και θα υπονομεύσει το Ισραήλ.",,,"[""Israel"", ""USA"", ""Iran""]","[""Trump""]",[],"[""Tehran""]",Policy Change,0.9
1434,2026-05-24,Cross_Regional,Al Monitor,Turkish riot police enter opposition headquarters to evict ousted leaders,2,"[MACRO INFO] Τουρκική αστυνομία των ειδικών δυνάμεων εισέβαλε στα γραφεία του κόμματος της αξιωματικής αντιπολίτευσης για να απομακρύνει την έκπτωτη ηγεσία του, χρησιμοποιώντας δακρυγόνα.",,,"[""Turkey""]",[],"[""Turkish riot police"", ""opposition party""]",[],Other,0.9
1435,2026-05-24,Cross_Regional,Al Monitor,Turkey orders police to evict ousted opposition leadership from headquarters,2,"[MACRO INFO] Τουρκικές αρχές διέταξαν την αστυνομία να απομακρύνει την ηγεσία του κόμματος της αξιωματικής αντιπολίτευσης (CHP) από τα κεντρικά γραφεία, ενισχύοντας την πολιτική κρίση.",,,"[""Turkey""]",[],"[""CHP""]",[],Policy Change,0.9
1272,2026-05-22,Syria,North Press Agency,Syrian official says national integration remains only option,2,[MACRO INFO] Σύρος αξιωματούχος δήλωσε ότι η εθνική ενσωμάτωση παραμένει η μόνη επιλογή για όλους τους Σύρους.,,,"[""Syria""]",[],[],[],Policy Change,0.9
1274,2026-05-22,Syria,North Press Agency,New Israeli incursion reported in western Daraa countryside,2,[MACRO INFO] Ισραηλινές δυνάμεις πραγματοποίησαν νέα εισβολή στην περιοχή της κοιλάδας αλ-Ρακάντ κοντά στο χωριό Τζάμλα στη δυτική ύπαιθρο της Ντεράα.,,,"[""Israel"", ""Syria""]",[],[],"[""Daraa"", ""Al-Rakad Valley"", ""Jamla""]",Border Crisis,0.9
1275,2026-05-22,Syria,Enab Baladi,Syria Transport Sector Struggles to Reconnect,2,[MACRO INFO] Ο τομέας των μεταφορών στη Συρία αντιμετωπίζει προβλήματα υποδομών και οικονομική παρακμή.,,,"[""Syria""]",[],[],[],Economic Migration,0.9
1276,2026-05-22,Syria,Enab Baladi,"Syrian Justice Ministry Halts Property Sale, Personal Lawsuits in Suwayda",2,[MACRO INFO] Το Υπουργείο Δικαιοσύνης της Συρίας ανέστειλε προσωρινά τις αγωγές πώλησης ακινήτων και προσωπικών υποθέσεων στη Σουέιντα.,,,"[""Syria""]",[],"[""Syrian Justice Ministry""]","[""Suwayda""]",Policy Change,0.9
1277,2026-05-22,Syria,Enab Baladi,Syrian Units Join Military Drills in Turkey,2,"[MACRO INFO] Συριακές στρατιωτικές μονάδες, με επικεφαλής τον Αρχηγό του Γενικού Επιτελείου, συμμετέχουν σε στρατιωτικές ασκήσεις στην Τουρκία.",,,"[""Syria"", ""Turkey""]",[],[],[],Other,0.9
1278,2026-05-22,Syria,Enab Baladi,"Syrian Finance Minister to Revoke Brokers’, Accountants’ Licenses over Corruption",2,[MACRO INFO] Ο Υπουργός Οικονομικών της Συρίας ανακαλεί άδειες μεσιτών και λογιστών λόγω διαφθοράς.,,,"[""Syria""]","[""Syrian Finance Minister""]",[],[],Policy Change,0.9
1280,2026-05-22,Syria,Syria Direct,"Al-Sharaa’s shakeup: A merit-based state, or a circle of trust?",2,[MACRO INFO] Πολιτική αναδιάρθρωση υπουργών και κυβερνητών στη Συρία προκαλεί ερωτήματα για τη διαχείριση της δημόσιας δυσαρέσκειας.,,,"[""Syria""]","[""Al-Sharaa""]",[],[],Policy Change,0.9
1281,2026-05-22,Syria,Syria Direct,"As Atef Najib’s trial proceeds, what legal basis exists for transitional justice?",2,"[MACRO INFO] Προχωρά η δίκη του πρώην αξιωματούχου του καθεστώτος Άσαντ, Άτεφ Νατζίμπ, εν μέσω ερωτημάτων για το νομικό πλαίσιο μεταβατικής δικαιοσύνης.",,,"[""Syria""]","[""Atef Najib"", ""Assad""]",[],[],Humanitarian,0.9
1282,2026-05-22,Syria,Syria Direct,Syria bids farewell to its “Kingdom of Silence” — but warnings remain over a “trap” in comparing press freedom with the Assad era,2,[MACRO INFO] Η Συρία αποχαιρετά το «Βασίλειο της Σιωπής» με προειδοποιήσεις σχετικά με την ελευθερία του τύπου σε σύγκριση με την εποχή Άσαντ.,,,"[""Syria""]","[""Assad""]",[],[],Other,0.9
1284,2026-05-22,Lebanon,Daraj,لبنان “الدولة” و”الساحة”: بين ضرورة التسوية واستحالتها,2,[MACRO INFO] Οποιαδήποτε σοβαρή διαπραγματευτική διαδικασία μεταξύ Λιβάνου και Ισραήλ απαιτεί την πλήρη αποχώρηση των ισραηλινών δυνάμεων από τα κατεχόμενα λιβανικά εδάφη.,,,"[""Lebanon"", ""Israel""]",[],[],"[""occupied Lebanese territories""]",Policy Change,0.9
1291,2026-05-22,Egypt,Mada Masr English,"Govt releases new electricity tariffs, revealing hikes extending to Egypt’s major power users",2,[MACRO INFO] Η αιγυπτιακή κυβέρνηση ανακοίνωσε νέες αυξήσεις στα τιμολόγια ηλεκτρικού ρεύματος. Οι αυξήσεις επηρεάζουν κυρίως τους μεγάλους χρήστες ενέργειας στην Αίγυπτο.,,,"[""Egypt""]",[],[],[],Policy Change,0.9
1293,2026-05-22,Egypt,Mada Masr English,"Despite track record of defaulting, govt continues to give National Authority for Tunnels bulk of off-budget borrowing",2,"[MACRO INFO] Η κυβέρνηση της Αιγύπτου κατευθύνει το μεγαλύτερο μέρος των εκτός προϋπολογισμού δανείων στην Εθνική Αρχή Σηράγγων, παρά την αδυναμία της αρχής να αποπληρώνει τα δάνειά της.",,,"[""Egypt""]",[],"[""National Authority for Tunnels""]",[],Economic Migration,0.9
1296,2026-05-22,Cross_Regional,BBC Arabic,الخلاف متواصل بين الولايات المتحدة وإيران بشأن مسائل رئيسية,2,[MACRO INFO] Συνεχίζεται η διαφωνία μεταξύ Ηνωμένων Πολιτειών και Ιράν για βασικά ζητήματα όπως το απόθεμα ουρανίου και ο έλεγχος των Στενών του Ορμούζ.,,,"[""United States"", ""Iran""]",[],[],"[""Strait of Hormuz""]",Other,0.9
1302,2026-05-22,Cross_Regional,Al Jazeera,Turkish opposition leader vows to stay after court ousts him,2,[MACRO INFO] Τουρκικός ηγέτης της αντιπολίτευσης αρνείται να εγκαταλείψει τα γραφεία του κόμματος μετά από δικαστική απόφαση.,,,"[""Turkey""]",[],[],[],Other,0.9
1305,2026-05-22,Cross_Regional,Middle East Eye,Why Netanyahu leaked his secret wartime visit to the UAE,2,"[MACRO INFO] Ο Νετανιάχου διέρρευσε μυστική επίσκεψή του στα ΗΑΕ εν καιρώ πολέμου, προκαλώντας διπλωματικές επιπλοκές.",,,"[""United Arab Emirates"", ""Israel""]","[""Netanyahu""]",[],[],Other,0.9
1306,2026-05-22,Cross_Regional,Middle East Eye,Israeli air strike and drone attack reported in southern Lebanon,2,"[MACRO INFO] Ισραηλινή αεροπορική επιδρομή και επίθεση με drone αναφέρθηκαν στον νότιο Λίβανο, με τρεις τραυματίες.",,,"[""Israel"", ""Lebanon""]",[],[],"[""Southern Lebanon""]",Humanitarian,0.9
1308,2026-05-22,Cross_Regional,Al Monitor,Pakistan seeks breakthrough in US-Iran peace talks,2,[MACRO INFO] Ο υπουργός Εξωτερικών του Ιράν συναντήθηκε με τον Πακιστανό ομόλογό του για να συζητήσουν προτάσεις ειρήνης εν μέσω διαφωνιών με τις ΗΠΑ για το πυρηνικό πρόγραμμα και τον Πορθμό του Ορμούζ.,,,"[""Pakistan"", ""US"", ""Iran""]",[],[],"[""Strait of Hormuz""]",Policy Change,0.9
1311,2026-05-22,Cross_Regional,Al Monitor,US hits nine Hezbollah-aligned individuals in Lebanon with sanctions,2,[MACRO INFO] Οι ΗΠΑ επέβαλαν κυρώσεις σε εννέα άτομα στον Λίβανο για παρεμπόδιση της ειρηνευτικής διαδικασίας και διατήρηση της επιρροής της Χεζμπολάχ.,,,"[""United States"", ""Lebanon""]",[],"[""Hezbollah""]",[],Policy Change,0.9
1190,2026-05-21,Syria,North Press Agency,Two children injured by war remnant explosion in Daraa,2,[MACRO INFO] Δύο παιδιά τραυματίστηκαν από έκρηξη πολεμικού απομειναριού στην Νταράα της νότιας Συρίας.,,,"[""Syria""]",[],[],"[""Daraa""]",Humanitarian,0.9
1193,2026-05-21,Syria,Enab Baladi,"Israeli Army Detains Two, Continues Quneitra Incursions",2,[MACRO INFO] Ο ισραηλινός στρατός συνέλαβε δύο άτομα και συνέχισε τις εισβολές στην αγροτική περιοχή της Κουνέιτρα στη νοτιοδυτική Συρία.,,,"[""Israel"", ""Syria""]",[],"[""Israeli Army""]","[""Quneitra""]",Border Crisis,0.9
1194,2026-05-21,Syria,Enab Baladi,Experts Explain Why Syria’s Exchange Rate Is Unstable,2,[MACRO INFO] Το συριακό νόμισμα συνεχίζει να παρουσιάζει αστάθεια έναντι του δολαρίου.,,,"[""Syria""]",[],[],[],Economic Migration,0.9
1196,2026-05-21,Syria,Enab Baladi,Car Bomb Kills Soldier Near Defense Ministry Building in Damascus,2,[MACRO INFO] Ένας στρατιώτης σκοτώθηκε και 12 τραυματίστηκαν από έκρηξη παγιδευμένου αυτοκινήτου κοντά στο Υπουργείο Άμυνας στη Δαμασκό.,,,"[""Syria""]",[],"[""Ministry of Defense""]","[""Damascus""]",Humanitarian,0.9
1197,2026-05-21,Syria,Syria Direct,"Al-Sharaa’s shakeup: A merit-based state, or a circle of trust?",2,"[MACRO INFO] Ο Πρόεδρος Ahmad al-Sharaa προέβη σε ανασχηματισμό κυβερνητών και υπουργών, με ερωτήματα να ανακύπτουν για τη δημόσια δυσαρέσκεια.",,,[],"[""Ahmad al-Sharaa""]",[],[],Policy Change,0.9
1198,2026-05-21,Syria,Syria Direct,"As Atef Najib’s trial proceeds, what legal basis exists for transitional justice?",2,"[MACRO INFO] Διεξάγεται η δίκη του πρώην αξιωματούχου ασφαλείας του καθεστώτος Άσαντ, Atef Najib.",,,"[""Syria""]","[""Atef Najib"", ""Assad""]",[],[],Humanitarian,0.9
1199,2026-05-21,Syria,Syria Direct,Syria bids farewell to its “Kingdom of Silence” — but warnings remain over a “trap” in comparing press freedom with the Assad era,2,[MACRO INFO] Αναφορές για την κατάσταση της ελευθερίας του Τύπου στη Συρία και τους κινδύνους για τους δημοσιογράφους από το 2011.,,,"[""Syria""]","[""Assad""]",[],[],Humanitarian,0.9
1200,2026-05-21,Syria,Syria Direct,Suwayda’s students caught up in the struggle with Damascus,2,[MACRO INFO] Χιλιάδες φοιτητές στη Σουέιντα της Συρίας κινδυνεύουν να μείνουν με μη αναγνωρισμένα πτυχία εν μέσω διαμάχης με την κυβέρνηση.,,,"[""Syria""]",[],[],"[""Suwayda"", ""Damascus""]",Policy Change,0.9
1205,2026-05-21,Lebanon,Daraj,التِّين والرُمَّان إذ شربا من دم السوريين…,2,[MACRO INFO] Περιγραφή του αίματος των Σύρων και ενός εφιάλτη που έχει μολύνει το έδαφος και τους καρπούς στη Δαμασκό.,,,"[""Syria""]",[],[],"[""Damascus""]",Humanitarian,0.9
1206,2026-05-21,Turkiye,Turkish Minute,Turkey condemns Israeli minister’s video of detained Gaza flotilla activists as ‘barbaric’,2,[MACRO INFO] Η Τουρκία καταδίκασε Ισραηλινό υπουργό για την ανάρτηση βίντεο με κρατούμενους ακτιβιστές της νηοπομπής της Γάζας.,,,"[""Turkey"", ""Israel""]",[],[],"[""Gaza""]",Humanitarian,0.9
1207,2026-05-21,Turkiye,Turkish Minute,Turkish Foreign Ministry criticizes Greece over Pontic Greek genocide claims,2,[MACRO INFO] Το Τουρκικό Υπουργείο Εξωτερικών επέκρινε την Ελλάδα για ισχυρισμούς περί γενοκτονίας των Ποντίων.,,,"[""Turkey"", ""Greece""]",[],"[""Turkish Foreign Ministry""]","[""Pontus""]",Other,0.9
1209,2026-05-21,Egypt,Mada Masr English,"Despite track record of defaulting, govt continues to give National Authority for Tunnels bulk of off-budget borrowing",2,"[MACRO INFO] Η κυβέρνηση της Αιγύπτου κατευθύνει το μεγαλύτερο μέρος των εκτός προϋπολογισμού δανείων της στην Αρχή Σηράγγων, παρά το ιστορικό αθέτησης πληρωμών της.",,,"[""Egypt""]",[],"[""National Authority for Tunnels""]",[],Economic Migration,0.9
1210,2026-05-21,Egypt,Mada Masr English,Filmmaker Omar Salah Marei brought before State Security Prosecution after week-long forced disappearance,2,[MACRO INFO] Ο σκηνοθέτης Omar Salah Marei οδηγήθηκε ενώπιον της Εισαγγελίας Κρατικής Ασφάλειας στην Αίγυπτο μετά από εξαφάνιση μιας εβδομάδας.,,,"[""Egypt""]","[""Omar Salah Marei""]","[""State Security Prosecution""]",[],Humanitarian,0.9
1212,2026-05-21,Egypt,Mada Masr English,Sudan Nashra: Ethiopia revokes Sudanese ambassador-designate’s credentials | Juba asks Cairo to evacuate military base near Ethiopian border as preemptive move | Another Mahamid field commander defects from RSF | RSF aid coordination authority orders,2,[MACRO INFO] Η Αιθιοπία ανακάλεσε τα διαπιστευτήρια του Σουδανού πρέσβη και το Νότιο Σουδάν ζήτησε από την Αίγυπτο να εκκενώσει στρατιωτική βάση. Οι περιφερειακές εντάσεις γύρω από τον πόλεμο στο Σουδάν κλιμακώνονται.,,,"[""Ethiopia"", ""Sudan"", ""South Sudan"", ""Egypt""]",[],"[""RSF""]","[""Juba"", ""Cairo"", ""Ethiopian border""]",Border Crisis,0.95
1213,2026-05-21,Egypt,Egyptian Streets,"When Resting Feels Like Failure: Social Media, Entrepreneurship, and Burnout Among Young Egyptians",2,[MACRO INFO] Υψηλός πληθωρισμός στην Αίγυπτο επηρεάζει τις συνθήκες ζωής των νέων.,,,"[""Egypt""]",[],[],[],Economic Migration,0.9
1215,2026-05-21,Cross_Regional,BBC Arabic,"إيران تدرس ""رداً أمريكياً جديداً""، وترامب يقول إن المفاوضات عند ""مفترق طرق""",2,[MACRO INFO] Ο πρόεδρος Τραμπ αναφέρει ετοιμότητα των ΗΠΑ για περαιτέρω επιθέσεις στο Ιράν αν δεν συμφωνηθεί ειρηνευτική συμφωνία. Το Ιράν εξετάζει μια «νέα αμερικανική απάντηση».,,,"[""Iran"", ""USA""]","[""Trump""]",[],[],Policy Change,0.9
1221,2026-05-21,Cross_Regional,Middle East Eye,Iran executes two people for disrupting security: Report,2,[MACRO INFO] Το Ιράν εκτέλεσε δύο άτομα με την κατηγορία της διατάραξης της ασφάλειας και της συμμετοχής σε τρομοκρατική οργάνωση.,,,"[""Iran""]",[],[],[],Humanitarian,0.9
1222,2026-05-21,Cross_Regional,Middle East Eye,EU's Costa 'appalled' by Israeli minister's treatment of flotilla members,2,[MACRO INFO] Ο Πρόεδρος του Ευρωπαϊκού Συμβουλίου Αντόνιο Κόστα δήλωσε συγκλονισμένος από τη μεταχείριση μελών ανθρωπιστικού στολίσκου από τον Ισραηλινό Υπουργό Μπεν-Γκβιρ.,,,"[""EU"", ""Israel""]","[""Costa"", ""Ben-Gvir""]","[""European Council""]",[],Humanitarian,0.9
1224,2026-05-21,Cross_Regional,Al Monitor,Tehran reviewing latest US response as Trump suggests he can wait,2,"[MACRO INFO] Το Ιράν εξετάζει την αμερικανική θέση για τον τερματισμό του πολέμου, ενώ ο Τραμπ προειδοποιεί για ανανεωμένες επιθέσεις χωρίς συμφωνία.",,,"[""Iran"", ""United States""]","[""Trump""]",[],"[""Tehran""]",Other,0.9
1243,2026-05-21,Lebanon,Daraj,المفاوضات المباشرة: بين نموذجَي تسويات الماضي والدولة الجدّية,2,"[MACRO INFO] Η πολιτική αρχή στον Λίβανο καλείται να ορίσει σαφές πλαίσιο για τις διαπραγματεύσεις, με στόχο τη διασφάλιση της κοινωνικής ειρήνης και των κρατικών θεσμών.",,,"[""Lebanon""]",[],[],[],Policy Change,0.9
1245,2026-05-21,Turkiye,Evrensel,Döviz kurlarında yükseliş sürüyor: Dolar ve euro ne kadar oldu?,2,[MACRO INFO] Οι ισοτιμίες δολαρίου και ευρώ συνεχίζουν να αυξάνονται έναντι της τουρκικής λίρας στην ελεύθερη αγορά της Κωνσταντινούπολης.,,,"[""Turkey""]",[],[],"[""Istanbul""]",Economic Migration,0.9
1250,2026-05-21,Turkiye,Turkish Minute,Turkish journalist questioned over ‘espionage’ after email complaint to police,2,[MACRO INFO] Τουρκάλα δημοσιογράφος ανακρίνεται ως ύποπτη για «κατασκοπεία» μετά από καταγγελία μέσω email στην αστυνομία.,,,"[""Turkey""]",[],[],[],Humanitarian,0.9
1263,2026-05-21,Cross_Regional,Al Jazeera,UN adopts resolution supporting international court’s climate ruling,2,[MACRO INFO] Ο ΟΗΕ υιοθέτησε ψήφισμα που υποστηρίζει την απόφαση διεθνούς δικαστηρίου ότι η κλιματική αλλαγή αποτελεί υπαρξιακή απειλή.,,,[],[],"[""UN""]",[],Policy Change,0.9
1265,2026-05-21,Cross_Regional,Middle East Eye,Poland summons Israeli envoy over detention of Global Sumud flotilla activists,2,[MACRO INFO] Η Πολωνία κάλεσε τον Ισραηλινό απεσταλμένο για την κράτηση ακτιβιστών της νηοπομπής Global Sumud.,,,"[""Poland"", ""Israel""]",[],"[""Global Sumud flotilla""]",[],Humanitarian,0.9
1266,2026-05-21,Cross_Regional,Middle East Eye,Pakistan army chief to visit Tehran to mediate between US and Iran,2,[MACRO INFO] Ο αρχηγός του στρατού του Πακιστάν θα επισκεφθεί την Τεχεράνη για να μεσολαβήσει μεταξύ ΗΠΑ και Ιράν.,,,"[""Pakistan"", ""US"", ""Iran""]",[],[],"[""Tehran""]",Other,0.9
1271,2026-05-21,Cross_Regional,Al Monitor,Trump administration pressures Palestinian UN envoy to drop General Assembly vice presidency bid,2,[MACRO INFO] Η κυβέρνηση Τραμπ απείλησε να ανακαλέσει τις βίζες της παλαιστινιακής αντιπροσωπείας στον ΟΗΕ εάν ο Παλαιστίνιος πρέσβης δεν αποσύρει την υποψηφιότητά του για την αντιπροεδρία της Γενικής Συνέλευσης του ΟΗΕ.,,,"[""United States"", ""Palestine""]",[],"[""United Nations""]",[],Policy Change,0.95
1143,2026-05-20,Syria,North Press Agency,Israeli forces detain 2 men during raids in Syria’s Quneitra,2,[MACRO INFO] Ισραηλινές δυνάμεις συνέλαβαν δύο άτομα κατά τη διάρκεια επιδρομών στην Κουνέιτρα της Συρίας.,,,"[""Israel"", ""Syria""]",[],[],"[""Quneitra""]",Other,0.9
1144,2026-05-20,Syria,North Press Agency,"Damascus car bomb blast injures 23, kills army member",2,[MACRO INFO] Έκρηξη παγιδευμένου αυτοκινήτου στη Δαμασκό της Συρίας τραυμάτισε 23 άτομα και σκότωσε ένα μέλος του στρατού.,,,"[""Syria""]",[],[],"[""Damascus""]",Humanitarian,0.9
1145,2026-05-20,Syria,North Press Agency,"Woman, two children injured in landmine blast in Homs",2,[MACRO INFO] Γυναίκα και δύο παιδιά τραυματίστηκαν από έκρηξη νάρκης στην ύπαιθρο της Χομς στη Συρία.,,,"[""Syria""]",[],[],"[""Homs""]",Humanitarian,0.9
1146,2026-05-20,Syria,North Press Agency,Car bomb explosion kills Syrian soldier in Damascus,2,[MACRO INFO] Έκρηξη παγιδευμένου αυτοκινήτου στη Δαμασκό σκότωσε έναν Σύρο στρατιώτη και τραυμάτισε αρκετούς.,,,"[""Syria""]",[],[],"[""Damascus""]",Humanitarian,0.9
1147,2026-05-20,Syria,Enab Baladi,Car Bomb Kills Soldier Near Defense Ministry Building in Damascus,2,"[MACRO INFO] Ένα παγιδευμένο αυτοκίνητο εξερράγη κοντά στο Υπουργείο Άμυνας στη Δαμασκό, σκοτώνοντας έναν στρατιώτη και τραυματίζοντας άλλους δώδεκα.",,,"[""Syria""]",[],[],"[""Damascus""]",Humanitarian,0.9
1150,2026-05-20,Syria,Enab Baladi,Kurdish Parties Accuse Damascus of “Exclusion” From Parliamentary Representation,2,[MACRO INFO] Είκοσι τέσσερα κουρδικά πολιτικά κόμματα κατηγορούν τη Δαμασκό για αποκλεισμό από την κοινοβουλευτική εκπροσώπηση.,,,"[""Syria""]",[],[],"[""Damascus""]",Policy Change,0.9
1151,2026-05-20,Syria,Enab Baladi,Farmers Protest Syria’s Wheat Price Decision,2,[MACRO INFO] Αγρότες διαμαρτύρονται σε πόλεις της Συρίας για την απόφαση του Υπουργείου Οικονομίας σχετικά με την τιμή του σιταριού.,,,"[""Syria""]",[],"[""Ministry of Economy""]",[],Policy Change,0.9
1152,2026-05-20,Syria,Syria Direct,"Al-Sharaa’s shakeup: A merit-based state, or a circle of trust?",2,[MACRO INFO] Ο Πρόεδρος Al-Sharaa ανασχημάτισε κυβερνήτες και υπουργούς εν μέσω ερωτημάτων για λαϊκή δυσαρέσκεια ή έμφαση στον έλεγχο ασφαλείας.,,,[],"[""Al-Sharaa""]",[],[],Policy Change,0.9
1153,2026-05-20,Syria,Syria Direct,"As Atef Najib’s trial proceeds, what legal basis exists for transitional justice?",2,"[MACRO INFO] Προχωρά η δίκη του πρώην αξιωματούχου του καθεστώτος Άσαντ, Atef Najib, εν μέσω ανησυχιών για την έλλειψη νομικού πλαισίου μεταβατικής δικαιοσύνης.",,,"[""Syria""]","[""Atef Najib"", ""Assad""]",[],[],Policy Change,0.9
1154,2026-05-20,Syria,Syria Direct,Syria bids farewell to its “Kingdom of Silence” — but warnings remain over a “trap” in comparing press freedom with the Assad era,2,"[MACRO INFO] Η Συρία αναφέρεται ως ""Βασίλειο της Σιωπής"" λόγω της καταστολής της ελευθερίας του Τύπου, με δημοσιογράφους να έχουν χάσει τη ζωή τους από το 2011.",,,"[""Syria""]","[""Assad""]",[],[],Humanitarian,0.9
1155,2026-05-20,Syria,Syria Direct,Suwayda’s students caught up in the struggle with Damascus,2,[MACRO INFO] Διαφωνία μεταξύ εκπαιδευτικών αρχών στη Σουέιντα και της Δαμασκού αφήνει φοιτητές με μη αναγνωρισμένα πτυχία.,,,"[""Syria""]",[],[],"[""Suwayda"", ""Damascus""]",Policy Change,0.9
1156,2026-05-20,Lebanon,Daraj,المفاوضات المباشرة: بين نموذجَي تسويات الماضي والدولة الجدّية,2,[MACRO INFO] Η είδηση αναφέρεται σε πολιτικές διαπραγματεύσεις και την ανάγκη για ένα σαφές πολιτικό πλαίσιο στον Λίβανο για την διασφάλιση της πολιτικής ειρήνης.,,,"[""Lebanon""]",[],[],[],Policy Change,0.9
1157,2026-05-20,Lebanon,Daraj,التِّين والرُمَّان إذ شربا من دم السوريين…,2,"[MACRO INFO] Βαθύ τραύμα και συνεχιζόμενη βία στη Δαμασκό, με αναφορές στο «αίμα των Σύριων» και έναν «εφιάλτη».",,,"[""Syria""]",[],[],"[""Damascus""]",Humanitarian,0.95
1158,2026-05-20,Lebanon,Daraj,أيّ مكان للغة الكرد وهويتهم في الإدارات العامة بسوريا؟,2,[MACRO INFO] Η κουρδική γλώσσα αποτελεί αντικείμενο διαμάχης μεταξύ των κρατικών θεσμών της Συρίας και της Αυτόνομης Διοίκησης.,,,"[""Syria""]",[],"[""Autonomous Administration""]",[],Policy Change,0.9
1163,2026-05-20,Turkiye,Evrensel,DEM Parti’den Meclis Araştırması talebi: Faili meçhul ve yaşam hakkı ihlalleri için çağrı,2,[MACRO INFO] Το κόμμα DEM ζήτησε κοινοβουλευτική έρευνα για τη διαλεύκανση παραβιάσεων ανθρωπίνων δικαιωμάτων στην Τουρκία.,,,"[""Turkey""]",[],"[""DEM Party""]",[],Humanitarian,0.9
1165,2026-05-20,Turkiye,Turkish Minute,Cypriot MEP urges EU sanctions if Turkey passes ‘Blue Homeland’ maritime bill,2,[MACRO INFO] Κύπριος Ευρωβουλευτής ζητά κυρώσεις της ΕΕ στην Τουρκία εάν ψηφίσει νομοσχέδιο για τη ναυτική δικαιοδοσία.,,,"[""Cyprus"", ""Turkey""]",[],"[""European Union""]",[],Policy Change,0.9
1167,2026-05-20,Turkiye,Turkish Minute,Public trust low in Turkey’s renewed PKK peace process as expectations fade: poll,2,[MACRO INFO] Δημοσκόπηση στην Τουρκία καταγράφει χαμηλή εμπιστοσύνη του κοινού στην ανανεωμένη ειρηνευτική διαδικασία με το PKK.,,,"[""Turkey""]",[],"[""PKK""]",[],Policy Change,0.9
1168,2026-05-20,Egypt,Mada Masr English,"Despite track record of defaulting, govt continues to give National Authority for Tunnels bulk of off-budget borrowing",2,"[MACRO INFO] Η κυβέρνηση συνεχίζει να κατευθύνει το μεγαλύτερο μέρος των εξωπροϋπολογιστικών δανείων στην Αρχή Σηράγγων, παρά το ιστορικό της αδυναμίας αποπληρωμής δανείων.",,,[],[],"[""National Authority for Tunnels""]",[],Economic Migration,0.9
1171,2026-05-20,Egypt,Mada Masr English,Govt source rules out imminent sale of military companies as IMF begins Egypt loan review,2,[MACRO INFO] Η κυβέρνηση της Αιγύπτου επιβεβαίωσε την πρόθεσή της να πωλήσει μετοχές σε τέσσερις στρατιωτικές εταιρείες στο πλαίσιο προγράμματος ιδιωτικοποιήσεων και αναθεώρησης δανείου από το ΔΝΤ.,,,"[""Egypt""]",[],"[""IMF""]",[],Policy Change,0.9
1174,2026-05-20,Cross_Regional,BBC Arabic,بوتين يسعى إلى تأكيد الشراكة الاستراتيجية مع الصين عقب قمة ترامب-جين بينغ,2,[MACRO INFO] Ο Ρώσος Πρόεδρος Βλαντιμίρ Πούτιν επιδιώκει να ενισχύσει τη στρατηγική εταιρική σχέση με την Κίνα μέσω επίσημης επίσκεψης.,,,"[""China"", ""Russia""]","[""Vladimir Putin"", ""Trump"", ""Xi Jinping""]",[],[],Other,0.9
1177,2026-05-20,Cross_Regional,BBC Arabic,يبيعون أطفالهم بسبب الجوع: آباء أفغان يواجهون خيارات مستحيلة,2,"[MACRO INFO] Οικογένειες στο Αφγανιστάν ωθούνται σε ακραίες επιλογές λόγω πείνας, φτώχειας και μειωμένης βοήθειας.",,,"[""Afghanistan""]",[],[],[],Humanitarian,0.9
1179,2026-05-20,Cross_Regional,Al Jazeera,At least 87 Gaza aid flotilla activists abducted by Israel on hunger strike,2,"[MACRO INFO] Τουλάχιστον 87 ακτιβιστές ανθρωπιστικής βοήθειας για τη Γάζα, οι οποίοι συνελήφθησαν από το Ισραήλ, βρίσκονται σε απεργία πείνας μετά την αναχαίτιση πλοίου.",,,"[""Israel""]",[],[],"[""Gaza""]",Humanitarian,0.9
1180,2026-05-20,Cross_Regional,Middle East Eye,Israel considered installing Mahmoud Ahmadinejad as ruler during war,2,[MACRO INFO] Το Ισραήλ εξέτασε την εγκατάσταση του Μαχμούντ Αχμαντινετζάντ ως ηγέτη κατά τη διάρκεια του πολέμου ΗΠΑ-Ισραήλ στο Ιράν.,,,"[""Israel"", ""Iran"", ""USA""]","[""Mahmoud Ahmadinejad""]",[],[],Policy Change,0.9
1181,2026-05-20,Cross_Regional,Middle East Eye,Israeli authorities transferring 430 Gaza flotilla activists to Israel,2,[MACRO INFO] Οι ισραηλινές αρχές μεταφέρουν 430 ακτιβιστές του στολίσκου της Γάζας στο Ισραήλ.,,,"[""Israel""]",[],[],"[""Gaza"", ""Israel""]",Humanitarian,0.9
1183,2026-05-20,Cross_Regional,Middle East Eye,Trump went to Beijing to talk Iran. He came back empty-handed,2,"[MACRO INFO] Ο Trump επισκέφθηκε το Πεκίνο για συνομιλίες σχετικά με το Ιράν, χωρίς αποτέλεσμα.",,,"[""Iran"", ""China""]","[""Trump""]",[],"[""Beijing""]",Policy Change,0.8
1187,2026-05-20,Cross_Regional,Al Monitor,Senate advances resolution to limit Trump's Iran war powers,2,[MACRO INFO] Η Γερουσία των ΗΠΑ προώθησε ψήφισμα για τον περιορισμό των πολεμικών εξουσιών του Προέδρου Τραμπ έναντι του Ιράν.,,,"[""USA"", ""Iran""]","[""Trump""]",[],[],Policy Change,0.9
1188,2026-05-20,Cross_Regional,Al Monitor,Iraqi PM Zaidi holds talks as cabinet deadlock leaves nine posts unfilled,2,"[MACRO INFO] Πολιτικό αδιέξοδο στο Ιράκ αφήνει εννέα υπουργικές θέσεις ακάλυπτες, περιλαμβανομένων της άμυνας και του εσωτερικών.",,,"[""Iraq""]","[""Zaidi""]",[],[],Other,0.9
1072,2026-05-19,Syria,North Press Agency,"EU renews targeted sanctions on former al-Assad figures, removes entities",2,[MACRO INFO] Η Ευρωπαϊκή Ένωση ανανέωσε τις περιοριστικές κυρώσεις σε πρόσωπα του καθεστώτος Άσαντ και αφαίρεσε επτά οντότητες από τη λίστα κυρώσεων.,,,"[""Syria""]",[],"[""European Union""]",[],Policy Change,0.9
1074,2026-05-19,Syria,Enab Baladi,Syria to Join G7 Finance Ministers’ Meeting in Paris,2,[MACRO INFO] Η Συρία θα συμμετάσχει σε κλειστή συνεδρίαση με τους υπουργούς Οικονομικών της G7 στο Παρίσι.,,,"[""Syria""]",[],"[""G7""]","[""Paris""]",Other,0.9
1077,2026-05-19,Syria,Enab Baladi,"Suwayda Certificate Students Face Study Burdens, Exam Anxiety Outside City",2,[MACRO INFO] Μαθητές στην πόλη Σουγουέιντα της νότιας Συρίας αντιμετωπίζουν δυσκολίες στη φοίτηση και άγχος εξετάσεων.,,,"[""Syria""]",[],[],"[""Suwayda"", ""Southern Syria""]",Humanitarian,0.9
1078,2026-05-19,Syria,Syria Direct,"Al-Sharaa’s shakeup: A merit-based state, or a circle of trust?",2,[MACRO INFO] Ο Πρόεδρος al-Sharaa προέβη σε ανασχηματισμό κυβερνητών και υπουργών στη Συρία.,,,"[""Syria""]","[""al-Sharaa""]",[],[],Policy Change,0.95
1079,2026-05-19,Syria,Syria Direct,"As Atef Najib’s trial proceeds, what legal basis exists for transitional justice?",2,"[MACRO INFO] Συνεχίζεται η δίκη του πρώην αξιωματούχου ασφαλείας του καθεστώτος Άσαντ, Ατέφ Νατζίμπ, εν μέσω συζητήσεων για το νομικό πλαίσιο μεταβατικής δικαιοσύνης στη Συρία.",,,"[""Syria""]","[""Atef Najib"", ""Assad""]",[],[],Policy Change,0.9
1080,2026-05-19,Syria,Syria Direct,Syria bids farewell to its “Kingdom of Silence” — but warnings remain over a “trap” in comparing press freedom with the Assad era,2,"[MACRO INFO] Η Συρία χαρακτηριζόταν ως «Βασίλειο της Σιωπής», με εκατοντάδες δημοσιογράφους να έχουν χάσει τη ζωή τους από το 2011.",,,"[""Syria""]",[],[],[],Humanitarian,0.9
1081,2026-05-19,Syria,Syria Direct,Suwayda’s students caught up in the struggle with Damascus,2,[MACRO INFO] Φοιτητές στη Σουέιντα της Συρίας αντιμετωπίζουν πρόβλημα με την αναγνώριση των απολυτηρίων τους λόγω συνεχιζόμενης διαφωνίας με την κυβέρνηση της Δαμασκού.,,,"[""Syria""]",[],[],"[""Suwayda"", ""Damascus""]",Policy Change,0.9
1084,2026-05-19,Lebanon,Daraj,عن الاعتذار المفقود لوزير الإعلام السوري,2,[MACRO INFO] Ανησυχίες εκφράζονται για την επιρροή των προσωπικών απόψεων του Υπουργού Πληροφοριών της Συρίας σε δημόσιους θεσμούς.,,,"[""Syria""]",[],[],[],Policy Change,0.9
1085,2026-05-19,Lebanon,Daraj,كيف تمكنت إسرائيل من إنشاء قواعد سرّية داخل العراق؟,2,[MACRO INFO] Ισραηλινές δυνάμεις ή επιχειρήσεις φέρονται να βρίσκονται σε ιρακινό έδαφος.,,,"[""Israel"", ""Iraq""]",[],[],[],Other,0.95
1089,2026-05-19,Turkiye,Turkish Minute,Bahçeli proposes 2 commissions to manage Turkey’s peace with PKK,2,"[MACRO INFO] Ο αρχηγός του MHP, Ντεβλέτ Μπαχτσελί, πρότεινε τη δημιουργία δύο επιτροπών για τη διαχείριση της ειρηνευτικής διαδικασίας της Τουρκίας με το PKK.",,,"[""Turkey""]","[""Devlet Bahçeli""]","[""MHP"", ""PKK""]",[],Policy Change,0.9
1092,2026-05-19,Egypt,Mada Masr English,Sudan Nashra: Ethiopia revokes Sudanese ambassador-designate’s credentials | Juba asks Cairo to evacuate military base near Ethiopian border as preemptive move | Another Mahamid field commander defects from RSF | RSF aid coordination authority orders,2,[MACRO INFO] Η Αιθιοπία ανακάλεσε τα διαπιστευτήρια του Σουδανού πρέσβη εν μέσω κλιμακούμενων περιφερειακών εντάσεων γύρω από τον πόλεμο στο Σουδάν. Το Νότιο Σουδάν ζήτησε από την Αίγυπτο να εκκενώσει στρατιωτική βάση κοντά στα σύνορα της Αιθιοπίας.,,,"[""Sudan"", ""Ethiopia"", ""South Sudan"", ""Egypt""]",[],"[""RSF""]","[""Juba"", ""Cairo""]",Border Crisis,0.9
1093,2026-05-19,Egypt,Mada Masr English,Govt source rules out imminent sale of military companies as IMF begins Egypt loan review,2,"[MACRO INFO] Η αιγυπτιακή κυβέρνηση επιβεβαίωσε την πρόθεσή της να πουλήσει μετοχές σε τέσσερις εταιρείες που συνδέονται με τον στρατό, εν μέσω αναθεώρησης δανείου του ΔΝΤ.",,,"[""Egypt""]",[],"[""IMF"", ""Egyptian government""]",[],Policy Change,0.9
1094,2026-05-19,Egypt,Mada Masr English,"Filmmaker Omar Salah Marei forcibly disappeared as family, cinema syndicate call on authorities to reveal his whereabouts",2,[MACRO INFO] Ένας σκηνοθέτης εξαφανίστηκε βίαια στην Αίγυπτο μετά από επιδρομή των δυνάμεων ασφαλείας στο σπίτι του.,,,"[""Egypt""]","[""Omar Salah Marei""]","[""cinema syndicate""]",[],Humanitarian,0.9
1098,2026-05-19,Cross_Regional,BBC Arabic,ترامب يعلّق هجوماً على إيران كان مقرراً الثلاثاء في ظل استمرار المفاوضات,2,"[MACRO INFO] Ο Πρόεδρος των ΗΠΑ Ντόναλντ Τραμπ ανακοίνωσε την αναστολή προγραμματισμένης επίθεσης στο Ιράν, εν μέσω συνεχιζόμενων διαπραγματεύσεων με την Τεχεράνη.",,,"[""USA"", ""Iran""]","[""Donald Trump""]",[],"[""Tehran""]",Other,0.9
1099,2026-05-19,Cross_Regional,BBC Arabic,مشروع الدلتا الجديدة في مصر: لماذا قد لا يحقق الاكتفاء الذاتي الزراعي؟,2,"[MACRO INFO] Ο Πρόεδρος της Αιγύπτου εγκαινίασε ένα μεγάλο γεωργικό έργο, με αμφιβολίες για την επίτευξη επισιτιστικής αυτονομίας.",,,"[""Egypt""]",[],[],[],Economic Migration,0.9
1101,2026-05-19,Cross_Regional,Al Jazeera,Trump’s repeated ultimatums betray his lack of leverage over Iran,2,[MACRO INFO] Οι απειλές του Προέδρου Τραμπ για πόλεμο πλήρους κλίμακας κατά του Ιράν θεωρούνται ένδειξη αδυναμίας.,,,"[""Iran""]","[""Trump""]",[],[],Policy Change,0.9
1105,2026-05-19,Cross_Regional,Middle East Eye,Iran says US behaviour undermining diplomatic efforts,2,[MACRO INFO] Ο Ιρανός Υπουργός Εξωτερικών δηλώνει ότι η συμπεριφορά των ΗΠΑ υπονομεύει τις διπλωματικές προσπάθειες στην περιοχή.,,,"[""Iran"", ""US""]",[],[],[],Other,0.9
1107,2026-05-19,Cross_Regional,Middle East Eye,Protesters rally in Athens after Israeli interception of Gaza flotilla,2,[MACRO INFO] Διαδηλωτές στην Αθήνα διαμαρτυρήθηκαν για την ισραηλινή αναχαίτιση νηοπομπής ανθρωπιστικής βοήθειας προς τη Γάζα κοντά στην Κύπρο.,,,"[""Israel"", ""Cyprus""]",[],[],"[""Athens"", ""Gaza""]",Humanitarian,0.9
1110,2026-05-19,Cross_Regional,Al Monitor,"Asian markets cautious, oil dips after Trump holds off on Iran attack",2,[MACRO INFO] Οι ΗΠΑ ανέστειλαν προγραμματισμένα χτυπήματα κατά του Ιράν εν μέσω σημάτων για διαπραγματεύσεις. Η είδηση αναφέρει επίσης πόλεμο που οδήγησε σε αποκλεισμό του Στενού του Ορμούζ.,,,"[""Iran"", ""USA""]","[""Donald Trump""]",[],"[""Strait of Hormuz""]",Humanitarian,0.9
1111,2026-05-19,Cross_Regional,Al Monitor,What we know about secret Israeli bases in Iraq,2,[MACRO INFO] Πληροφορίες σχετικά με φερόμενες μυστικές ισραηλινές βάσεις στο Ιράκ και η δήλωση των ιρακινών αρχών για απουσία εχθρικών δυνάμεων στο έδαφός τους.,,,"[""Israel"", ""Iraq""]",[],[],[],Other,0.9
1124,2026-05-19,Egypt,Mada Masr English,Filmmaker Omar Salah Marei brought before State Security Prosecution after week-long forced disappearance,2,[MACRO INFO] Ο σκηνοθέτης Ομάρ Σαλάχ Μαρέι οδηγήθηκε στην Κρατική Ασφάλεια μετά από εβδομαδιαία αναγκαστική εξαφάνιση.,,,[],"[""Omar Salah Marei""]","[""State Security Prosecution""]",[],Humanitarian,0.9
1029,2026-05-18,Syria,North Press Agency,Farmers protest Syria’s wheat purchase price,2,[MACRO INFO] Αγρότες στη Ράκα και την Ντερ εζ-Ζορ της Συρίας διαμαρτυρήθηκαν για τις χαμηλές τιμές αγοράς σιταριού από την κυβέρνηση.,,,"[""Syria""]",[],[],"[""Raqqa"", ""Deir ez-Zor""]",Economic Migration,0.9
1033,2026-05-18,Syria,Enab Baladi,"Atef Najib Denies Charges, Blames Security Branches",2,"[MACRO INFO] Ο Atef Najib, πρώην επικεφαλής του κλάδου Πολιτικής Ασφάλειας στη Daraa της νότιας Συρίας, δικάζεται αρνούμενος τις κατηγορίες.",,,"[""Syria""]","[""Atef Najib""]","[""Civil Security Branch""]","[""Daraa"", ""Southern Syria""]",Other,0.9
1034,2026-05-18,Syria,Syria Direct,"Al-Sharaa’s shakeup: A merit-based state, or a circle of trust?",2,[MACRO INFO] Πολιτικός ανασχηματισμός κυβερνητών και υπουργών έλαβε χώρα στη Συρία εν μέσω ερωτημάτων για λαϊκή δυσαρέσκεια.,,,"[""Syria""]","[""Al-Sharaa""]",[],[],Policy Change,0.9
1035,2026-05-18,Syria,Syria Direct,"As Atef Najib’s trial proceeds, what legal basis exists for transitional justice?",2,"[MACRO INFO] Προχωρά η δίκη του πρώην αξιωματούχου ασφαλείας του καθεστώτος Άσαντ, Άτεφ Νατζίμπ, εν μέσω προειδοποιήσεων για την απουσία νομικού πλαισίου μεταβατικής δικαιοσύνης.",,,"[""Syria""]","[""Atef Najib"", ""Assad""]",[],[],Policy Change,0.95
1036,2026-05-18,Syria,Syria Direct,Syria bids farewell to its “Kingdom of Silence” — but warnings remain over a “trap” in comparing press freedom with the Assad era,2,"[MACRO INFO] Η Συρία χαρακτηρίστηκε ως ""Βασίλειο της Σιωπής"" λόγω της καταστολής της ελευθερίας του Τύπου, με εκατοντάδες δημοσιογράφους να έχουν χάσει τη ζωή τους από το 2011.",,,"[""Syria""]","[""Assad""]",[],[],Humanitarian,0.9
1037,2026-05-18,Syria,Syria Direct,Suwayda’s students caught up in the struggle with Damascus,2,[MACRO INFO] Φοιτητές στην Suwayda της Συρίας ανησυχούν για την αναγνώριση των πτυχίων τους εν μέσω διαμάχης με την κυβέρνηση της Δαμασκού.,,,"[""Syria""]",[],[],"[""Suwayda"", ""Damascus""]",Policy Change,0.9
1038,2026-05-18,Lebanon,Daraj,الرسم في زمن الحرب: طاولة صغيرة وضباب كثيف,2,[MACRO INFO] Άτομο περιγράφει την προσωπική του εμπειρία εν μέσω πολέμου και την αναμονή εντολής για αποχώρηση.,,,[],[],[],[],Refugee Flow,0.9
1040,2026-05-18,Lebanon,Daraj,أنثروبولوجيا الخراب: عن قبور أهلنا في جنوب الليطاني,2,[MACRO INFO] Πυραυλική επίθεση έπληξε ταφικούς χώρους στον Νότιο Λίβανο.,,,"[""Lebanon""]",[],[],"[""South Lebanon""]",Humanitarian,0.9
1042,2026-05-18,Lebanon,Daraj,” ذهب مضروب” : كيف خسر سوريون في عهد الأسد مدّخراتهم في سوق الذهب؟,2,[MACRO INFO] Σύροι πολίτες έχασαν τις αποταμιεύσεις τους λόγω της ευρείας κυκλοφορίας πλαστού χρυσού στην αγορά της Δαμασκού.,,,"[""Syria""]","[""Al-Assad""]",[],"[""Damascus""]",Economic Migration,0.9
1044,2026-05-18,Turkiye,Evrensel,Küresel Sumud Filosu’na Akdeniz'e müdahale: Bir tekne ile irtibat koptu,2,"[MACRO INFO] Απώλεια επαφής με δύο σκάφη του Παγκόσμιου Στόλου Ανθεκτικότητας στη Μεσόγειο, μετά την εμφάνιση πολεμικών πλοίων γύρω τους.",,,[],[],"[""Global Sumud Fleet""]","[""Mediterranean""]",Humanitarian,0.9
1045,2026-05-18,Turkiye,Evrensel,"Domatesin kilosu 170 TL’ye dayandı | CHP’li Genç: Vatandaş artık kilo değil, tane hesabı yapıyor",2,"[MACRO INFO] Οι τιμές της ντομάτας στην Τουρκία έφτασαν τα 170 λίρες ανά κιλό, αναδεικνύοντας την αυξανόμενη επισιτιστική πληθωριστική πίεση.",,,"[""Turkey""]","[""Genç""]","[""CHP""]",[],Economic Migration,0.9
1048,2026-05-18,Turkiye,Turkish Minute,95 percent of İstanbul residents worried after school shootings: survey,2,[MACRO INFO] Το 95% των κατοίκων της Κωνσταντινούπολης ανησυχεί για τις πρόσφατες επιθέσεις σε σχολεία στην Τουρκία.,,,"[""Turkey""]",[],[],"[""İstanbul""]",Humanitarian,0.9
1049,2026-05-18,Turkiye,Turkish Minute,European rights court faults Turkey for pretrial detention of former Kurdish lawmaker,2,[MACRO INFO] Το Ευρωπαϊκό Δικαστήριο Ανθρωπίνων Δικαιωμάτων έκρινε ότι η Τουρκία παραβίασε τα δικαιώματα πρώην Κούρδισσας βουλευτή για προφυλάκιση το 2016.,,,"[""Turkey""]",[],"[""European Court of Human Rights""]",[],Humanitarian,0.9
1052,2026-05-18,Egypt,Mada Masr English,Sudan Nashra: Ethiopia revokes Sudanese ambassador-designate’s credentials | Juba asks Cairo to evacuate military base near Ethiopian border as preemptive move | Another Mahamid field commander defects from RSF | RSF aid coordination authority orders,2,[MACRO INFO] Η Αιθιοπία ανακάλεσε τα διαπιστευτήρια του Σουδανού πρέσβη εν μέσω κλιμακούμενων περιφερειακών εντάσεων γύρω από τον πόλεμο στο Σουδάν. Το Νότιο Σουδάν ζήτησε από την Αίγυπτο να εκκενώσει στρατιωτική βάση κοντά στα σύνορα με την Αιθιοπία.,,,"[""Sudan"", ""Ethiopia"", ""South Sudan"", ""Egypt""]",[],"[""RSF""]","[""Juba"", ""Cairo""]",Policy Change,0.9
1053,2026-05-18,Egypt,Mada Masr English,Govt source rules out imminent sale of military companies as IMF begins Egypt loan review,2,"[MACRO INFO] Η αιγυπτιακή κυβέρνηση επιβεβαίωσε την πρόθεσή της να πουλήσει μετοχές σε εταιρείες συνδεδεμένες με τον στρατό, ενόψει της αξιολόγησης δανείου από το ΔΝΤ.",,,"[""Egypt""]",[],"[""IMF""]",[],Policy Change,0.9
1064,2026-05-18,Cross_Regional,Middle East Eye,"US senator says US should ‘hurt’ Iran, destroy infrastructure",2,"[MACRO INFO] Ένας Αμερικανός γερουσιαστής προέτρεψε τον Πρόεδρο Τραμπ να εντείνει την πίεση στο Ιράν, συμπεριλαμβανομένης της στοχοποίησης των ενεργειακών του υποδομών.",,,"[""US"", ""Iran""]","[""President Trump""]",[],[],Policy Change,0.9
1065,2026-05-18,Cross_Regional,Middle East Eye,Former Trump ally threatens ‘political revolution’ against US troop deployment to Iran,2,[MACRO INFO] Πρώην βουλευτής των ΗΠΑ προειδοποίησε για εσωτερική πολιτική αναταραχή σε περίπτωση ανάπτυξης αμερικανικών στρατευμάτων στο Ιράν.,,,"[""United States"", ""Iran""]",[],[],[],Policy Change,0.9
1066,2026-05-18,Cross_Regional,Al Monitor,Carrying Gaza children's dreams to the top of the world,2,[MACRO INFO] Ο πόλεμος στη Γάζα έχει προκαλέσει τον θάνατο άνω των 72.000 ανθρώπων.,,,"[""Palestine""]",[],[],"[""Gaza""]",Humanitarian,0.9
1069,2026-05-18,Cross_Regional,Al Monitor,Trump says 'clock ticking' for Iran as peace negotiations stall,2,[MACRO INFO] Ο Πρόεδρος Trump απείλησε το Ιράν καθώς οι ειρηνευτικές διαπραγματεύσεις έχουν σταματήσει. Η σύγκρουση έχει κλονίσει τη Μέση Ανατολή και έχει αυξήσει τις τιμές ενέργειας.,,,"[""Iran""]","[""Trump""]",[],"[""Middle East""]",Humanitarian,0.9
888,2026-05-17,Syria,North Press Agency,Israeli forces enter several areas in Quneitra countryside,2,"[MACRO INFO] Ισραηλινές δυνάμεις εισήλθαν σε περιοχές στην επαρχία Κουνέιτρα της νότιας Συρίας, γεγονός που συνιστά στρατιωτική δραστηριότητα και αστάθεια στην περιοχή, χωρίς άμεση αναφορά σε προσφυγικές ροές.",,,"[""Israel"", ""Syria""]",[],[],"[""Quneitra countryside""]",Humanitarian,0.9
891,2026-05-17,Syria,North Press Agency,Around 100 Autonomous Administration judges head to Damascus for interviews,2,"[MACRO INFO] Δικαστές της Αυτόνομης Διοίκησης στη βορειοανατολική Συρία μεταβαίνουν στη Δαμασκό για συνεντεύξεις, γεγονός που συνιστά μια εσωτερική πολιτική εξέλιξη.",,,"[""Syria""]",[],[],"[""Damascus"", ""Northeastern Syria""]",Policy Change,0.9
892,2026-05-17,Syria,North Press Agency,Syrian president appoints Mohammed Safwat Raslan as central bank governor,2,[MACRO INFO] Ο διορισμός νέου διοικητή στην Κεντρική Τράπεζα της Συρίας αποτελεί μια εσωτερική πολιτική/οικονομική εξέλιξη στη χώρα.,,,"[""Syria""]","[""Mohammed Safwat Raslan""]","[""Central Bank of Syria""]",[],Policy Change,0.9
894,2026-05-17,Syria,Enab Baladi,SDF Media Between Professionalism and Mobilization,2,"[MACRO INFO] Το άρθρο αναλύει το τοπίο των μέσων ενημέρωσης στις περιοχές που ελέγχονται από τις Συριακές Δημοκρατικές Δυνάμεις (SDF) στη Συρία, εστιάζοντας στην ισορροπία μεταξύ επαγγελματισμού και κινητοποίησης.",,,"[""Syria""]",[],"[""Syrian Democratic Forces (SDF)""]","[""SDF-controlled areas""]",Humanitarian,0.9
896,2026-05-17,Syria,Enab Baladi,Gold Prices in Syria Fall Amid Global Decline,2,"[MACRO INFO] Οι τιμές του χρυσού στη Συρία μειώθηκαν ακολουθώντας την παγκόσμια τάση, γεγονός που υποδεικνύει συνεχιζόμενη οικονομική αστάθεια στη χώρα.",,,"[""Syria""]",[],[],[],Economic Migration,0.9
897,2026-05-17,Syria,Enab Baladi,Sharaa Appoints Safwat Raslan Central Bank Governor,2,"[MACRO INFO] Ο Πρόεδρος της Συρίας διόρισε νέο διοικητή της Κεντρικής Τράπεζας, γεγονός που αφορά τις εσωτερικές πολιτικές και οικονομικές εξελίξεις της χώρας.",,,"[""Syria""]","[""Sharaa"", ""Safwat Raslan""]",[],[],Policy Change,0.9
898,2026-05-17,Syria,Syria Direct,"Al-Sharaa’s shakeup: A merit-based state, or a circle of trust?",2,"[MACRO INFO] Ο ανασχηματισμός κυβέρνησης και κυβερνητών στη Συρία, που συνδέεται με λαϊκή δυσαρέσκεια και έμφαση στον έλεγχο ασφαλείας, υποδηλώνει εσωτερική πολιτική αστάθεια στη χώρα.",,,"[""Syria""]","[""Al-Sharaa""]",[],[],Policy Change,0.9
899,2026-05-17,Syria,Syria Direct,"As Atef Najib’s trial proceeds, what legal basis exists for transitional justice?",2,"[MACRO INFO] Η είδηση αναφέρεται στη δίκη ενός πρώην αξιωματούχου του συριακού καθεστώτος και στη συζήτηση για το νομικό πλαίσιο της μεταβατικής δικαιοσύνης στη Συρία, αντικατοπτρίζοντας τις εσωτερικές πολιτικές και νομικές εξελίξεις.",,,"[""Syria""]","[""Atef Najib""]",[],[],Policy Change,0.9
900,2026-05-17,Syria,Syria Direct,Syria bids farewell to its “Kingdom of Silence” — but warnings remain over a “trap” in comparing press freedom with the Assad era,2,"[MACRO INFO] Η είδηση αναφέρεται στην ελευθερία του Τύπου και τις συνθήκες για τους δημοσιογράφους στη Συρία, υποδεικνύοντας γενική πολιτική αστάθεια.",,,"[""Syria""]",[],[],[],Policy Change,0.9
904,2026-05-17,Lebanon,Daraj,كوثر بشّار… عن “اللا” التي تبتلع حيوات النساء والفتيات في العراق,2,"[MACRO INFO] Το κείμενο αναφέρεται σε ένα περιστατικό κοινωνικής βίας κατά των γυναικών στο Ιράκ, υποδεικνύοντας γενική κοινωνική αστάθεια στη χώρα χωρίς άμεση αναφορά σε προσφυγικές ροές ή μεταναστευτικές πολιτικές.",,,"[""Iraq""]","[""كوثر بشّار""]",[],[],Humanitarian,0.9
906,2026-05-17,Lebanon,Daraj,حرية التعبير في لبنان إذن مسبق بالصمت!,2,"[MACRO INFO] Το κείμενο αναφέρεται στην ελευθερία της έκφρασης στον Λίβανο, υποδεικνύοντας περιορισμούς παρά τις διεθνείς συμβάσεις. Αυτό αποτελεί πολιτικό/κοινωνικό ζήτημα που μπορεί να συμβάλει σε μακροπρόθεσμη αστάθεια.",,,"[""Lebanon""]",[],[],[],Policy Change,0.9
907,2026-05-17,Lebanon,Daraj,” ذهب مضروب” : كيف خسر سوريون في عهد الأسد مدّخراتهم في سوق الذهب؟,2,"[MACRO INFO] Αυτή η έρευνα αποκαλύπτει εκτεταμένη απώλεια αποταμιεύσεων λόγω νοθευμένου χρυσού στη Δαμασκό, αναδεικνύοντας την οικονομική αστάθεια στη Συρία.",,,"[""Syria""]","[""Al-Assad""]",[],"[""Damascus""]",Economic Migration,0.95
912,2026-05-17,Turkiye,Evrensel,"LC Waikiki depo işçisi: ‘Gece gündüz çalışıyoruz, yaşayamıyoruz’",2,[MACRO INFO] Η καταγγελία για εξοντωτικές συνθήκες εργασίας σε αποθήκη υποδεικνύει επιμέρους οικονομική δυσπραγία που μπορεί μακροπρόθεσμα να συμβάλει σε μεταναστευτικές πιέσεις.,,,[],[],"[""LC Waikiki""]",[],Economic Migration,0.9
914,2026-05-17,Turkiye,Turkish Minute,European rights court faults Turkey for pretrial detention of former Kurdish lawmaker,2,"[MACRO INFO] Το Ευρωπαϊκό Δικαστήριο Δικαιωμάτων του Ανθρώπου καταδίκασε την Τουρκία για παραβίαση δικαιωμάτων πρώην Κούρδου βουλευτή, αναδεικνύοντας εσωτερικές νομικές και πολιτικές εντάσεις χωρίς άμεση σύνδεση με μεταναστευτικές ροές.",,,"[""Turkey""]",[],"[""European Court of Human Rights""]",[],Other,0.9
919,2026-05-17,Egypt,Mada Masr English,Govt source rules out imminent sale of military companies as IMF begins Egypt loan review,2,"[MACRO INFO] Η είδηση αναφέρεται στην πρόθεση της αιγυπτιακής κυβέρνησης για ιδιωτικοποιήσεις και την αξιολόγηση δανείου από το ΔΝΤ, στοιχεία που αφορούν τη γενική οικονομική σταθερότητα της Αιγύπτου.",,,"[""Egypt""]",[],"[""IMF""]",[],Economic Migration,0.95
920,2026-05-17,Egypt,Mada Masr English,"Filmmaker Omar Salah Marei forcibly disappeared as family, cinema syndicate call on authorities to reveal his whereabouts",2,"[MACRO INFO] Ένας σκηνοθέτης εξαφανίστηκε βίαια από τις αρχές στην Αίγυπτο, γεγονός που υποδηλώνει πολιτική αστάθεια και καταπάτηση των ανθρωπίνων δικαιωμάτων στη χώρα.",,,"[""Egypt""]","[""Omar Salah Marei""]","[""cinema syndicate""]",[],Humanitarian,0.9
921,2026-05-17,Egypt,Mada Masr English,Sources: Lebanon-Israel meeting in Washington to extend ceasefire without securing halt in Israeli attacks on south,2,"[MACRO INFO] Διπλωματικές συζητήσεις για παράταση εκεχειρίας μεταξύ Λιβάνου και Ισραήλ λαμβάνουν χώρα, ενώ οι επιθέσεις στο νότιο Λίβανο συνεχίζονται, υποδεικνύοντας διαρκή περιφερειακή αστάθεια.",,,"[""Lebanon"", ""Israel""]",[],[],"[""Washington"", ""Southern Lebanon""]",Policy Change,0.9
932,2026-05-17,Cross_Regional,Al Jazeera,Tunisians rally amid economic crisis and political arrests,2,"[MACRO INFO] Η είδηση αφορά οικονομική κρίση και πολιτική αστάθεια στην Τυνησία, γεγονός που αποτελεί δυνητικό παράγοντα ώθησης για μετανάστευση γενικότερα, χωρίς άμεση σύνδεση με ροές προς την Κύπρο ή την Ανατολική Μεσόγειο.",,,"[""Tunisia"", ""Cyprus""]",[],[],"[""Eastern Mediterranean""]",Economic Migration,0.9
936,2026-05-17,Cross_Regional,Middle East Eye,Bloomberg reports tanker resumes voyage after US detention,2,"[MACRO INFO] Το δημοσίευμα αναφέρει καθυστερήσεις πλοίων και διαταραχές στη ναυσιπλοΐα στον Κόλπο του Ομάν και τα Στενά του Ορμούζ λόγω περιφερειακής σύγκρουσης, γεγονός που συνιστά γενική αστάθεια χωρίς άμεση αναφορά σε μεταναστευτικές ροές.",,,"[""United States""]",[],"[""Bloomberg""]","[""Gulf of Oman"", ""Strait of Hormuz""]",Other,0.9
937,2026-05-17,Cross_Regional,Middle East Eye,Russian envoy supports Beijing’s stance on Strait of Hormuz,2,"[MACRO INFO] Η είδηση αναφέρεται σε διπλωματικές προσπάθειες για εκτόνωση των εντάσεων μεταξύ ΗΠΑ και Ιράν στα Στενά του Ορμούζ. Αποτελεί ένδειξη γενικής γεωπολιτικής αστάθειας στην ευρύτερη περιοχή, χωρίς άμεσες αναφορές σε προσφυγικές ροές.",,,"[""Russia"", ""China"", ""USA"", ""Iran""]",[],[],"[""Strait of Hormuz"", ""Beijing""]",Policy Change,0.8
938,2026-05-17,Cross_Regional,Middle East Eye,Tehran asserts sovereignty over Strait of Hormuz shipping,2,"[MACRO INFO] Το Ιράν διεκδικεί την κυριαρχία του στα Στενά του Ορμούζ και απαγορεύει τη διέλευση στρατιωτικού εξοπλισμού για εχθρούς, σηματοδοτώντας κλιμάκωση της έντασης στην περιοχή.",,,"[""Iran""]",[],[],"[""Tehran"", ""Strait of Hormuz""]",Policy Change,0.9
939,2026-05-17,Cross_Regional,Al Monitor,War in Middle East: latest developments,2,"[MACRO INFO] Η επιστροφή του αεροπλανοφόρου USS Gerald R. Ford από την Ανατολική Μεσόγειο σηματοδοτεί μια στρατιωτική εξέλιξη στην ευρύτερη περιοχή, χωρίς άμεση αναφορά σε μεταναστευτικές ροές.",,,"[""United States""]",[],[],"[""Middle East"", ""Eastern Mediterranean""]",Humanitarian,0.9
940,2026-05-17,Cross_Regional,Al Monitor,Spanish star Javier Bardem says 'narrative changing' on Gaza,2,"[MACRO INFO] Ο ηθοποιός Javier Bardem σχολιάζει την αλλαγή του αφηγήματος γύρω από τον πόλεμο στη Γάζα, ένα γεγονός που αποτελεί πηγή γενικής αστάθειας στην περιοχή.",,,"[""Spain""]","[""Javier Bardem""]",[],"[""Gaza""]",Humanitarian,0.9
978,2026-05-17,Cross_Regional,Middle East Eye,Russian envoy warns US and Israel against renewed strikes on Iran,2,[MACRO INFO] Ο Ρώσος απεσταλμένος προειδοποίησε τις ΗΠΑ και το Ισραήλ ενάντια σε πιθανές νέες επιθέσεις στο Ιράν.,,,"[""Russia"", ""US"", ""Israel"", ""Iran""]",[],[],[],Humanitarian,0.9
784,2026-05-14,Syria,North Press Agency,Israeli artillery shells Yarmouk Basin villages in Syria’s Daraa,2,"[MACRO INFO] Ισραηλινό πυροβολικό έπληξε χωριά στην περιοχή Νταράα της νότιας Συρίας, συμβάλλοντας στην γενική αστάθεια της περιοχής.",,,"[""Israel"", ""Syria""]",[],[],"[""Yarmouk Basin"", ""Daraa"", ""southern Syria""]",Humanitarian,0.9
785,2026-05-14,Syria,North Press Agency,Two separate attacks kill former regime member in Deir ez-Zor,2,[MACRO INFO] Δύο ξεχωριστές επιθέσεις με στόχο πρώην μέλη του καθεστώτος στη Ντέιρ εζ-Ζορ της Συρίας υποδεικνύουν συνεχιζόμενη αστάθεια στην περιοχή.,,,"[""Syria""]",[],[],"[""Deir ez-Zor""]",Humanitarian,0.9
786,2026-05-14,Syria,North Press Agency,Interior Ministry arrests former air force chief of staff,2,"[MACRO INFO] Το Υπουργείο Εσωτερικών της Συρίας συνέλαβε πρώην αρχηγό επιτελείου αεροπορίας σε μια επιχείρηση ασφαλείας, γεγονός που σηματοδοτεί εσωτερική πολιτική αστάθεια. Η είδηση δεν αναφέρει άμεσα μεταναστευτικές ροές ή προσφυγικά ζητήματα.",,,"[""Syria""]",[],"[""Interior Ministry""]",[],Other,0.9
787,2026-05-14,Syria,Enab Baladi,"Abdi Details Stalled Files, Rules Out War With Damascus",2,"[MACRO INFO] Ο διοικητής των SDF, Mazloum Abdi, δηλώνει ότι αποκλείεται πόλεμος με τη Δαμασκό, υποδηλώνοντας αργή πολιτική ενσωμάτωση.",,,"[""Syria""]","[""Mazloum Abdi""]","[""SDF""]","[""Damascus""]",Policy Change,0.95
789,2026-05-14,Syria,Enab Baladi,Islamic State Claims Syrian Army Bus Attack in Hasakah,2,"[MACRO INFO] Η είδηση αναφέρει επίθεση του Ισλαμικού Κράτους σε λεωφορείο του συριακού στρατού στην περιοχή Χασάκα, υποδηλώνοντας συνεχιζόμενη τοπική αστάθεια στη Συρία.",,,"[""Syria""]",[],"[""Islamic State"", ""Syrian Army""]","[""Hasakah""]",Humanitarian,0.9
790,2026-05-14,Syria,Enab Baladi,Syria Lets Investors Bring In Used Cars,2,"[MACRO INFO] Η Συρία επιτρέπει την εισαγωγή μεταχειρισμένων αυτοκινήτων για επενδυτές, μια οικονομική απόφαση που αποτελεί μέρος της ευρύτερης οικονομικής κατάστασης της χώρας, χωρίς άμεση επίδραση στις μεταναστευτικές ροές.",,,"[""Syria""]",[],[],[],Policy Change,0.9
792,2026-05-14,Syria,Syria Direct,"As Atef Najib’s trial proceeds, what legal basis exists for transitional justice?",2,[MACRO INFO] Η δίκη πρώην αξιωματούχου του συριακού καθεστώτος και η συζήτηση για τη μεταβατική δικαιοσύνη αποτελούν εσωτερικές πολιτικές εξελίξεις στη Συρία.,,,"[""Syria""]","[""Atef Najib""]",[],[],Policy Change,0.9
793,2026-05-14,Syria,Syria Direct,Syria bids farewell to its “Kingdom of Silence” — but warnings remain over a “trap” in comparing press freedom with the Assad era,2,"[MACRO INFO] Η είδηση αφορά την κατάσταση της ελευθερίας του τύπου και τις απώλειες δημοσιογράφων στη Συρία από το 2011, αντικατοπτρίζοντας τη γενική πολιτική αστάθεια στη χώρα.",,,"[""Syria""]","[""Assad""]",[],[],Humanitarian,0.9
797,2026-05-14,Lebanon,Daraj,قاآني في بغداد: لا حكومة من دون الفصائل المسلّحة !,2,"[MACRO INFO] Η είδηση αναφέρεται σε πολιτική αστάθεια στο Ιράκ και στον σχηματισμό κυβέρνησης με τη συμμετοχή ενόπλων ομάδων, γεγονός που υποδηλώνει γενική αστάθεια στην περιοχή. Δεν υπάρχουν άμεσες αναφορές σε προσφυγικές/μεταναστευτικές ροές.",,,"[""Iraq""]","[""Qaani""]",[],"[""Baghdad""]",Humanitarian,0.9
799,2026-05-14,Lebanon,Daraj,هل توقّف “أداء الطاعة” في سوريا بعد سقوط الأسد؟,2,"[MACRO INFO] Το κείμενο αναλύει τη φύση της καταπίεσης και της υπακοής στη Συρία, υποδηλώνοντας γενική πολιτική αστάθεια καθώς η εξουσία ασκείται πλέον με πιο σύνθετους και λιγότερο εμφανείς τρόπους.",,,"[""Syria""]","[""Assad""]",[],[],Other,0.9
800,2026-05-14,Lebanon,Daraj,لهذا نعارض حزب الله… فلماذا يواليه الآخرون؟,2,"[MACRO INFO] Το κείμενο αναφέρεται σε εσωτερική πολιτική και κοινωνική ένταση στον Λίβανο λόγω της κυριαρχίας της Χεζμπολάχ, υποδεικνύοντας γενική αστάθεια στην περιοχή. Αυτή η κατάσταση, αν και δεν αφορά άμεσα μεταναστευτικές ροές, μπορεί να συμβάλει σε μακροπρόθεσμες πιέσεις.",,,"[""Lebanon""]",[],"[""Hezbollah""]",[],Other,0.9
802,2026-05-14,Turkiye,Evrensel,Konkordato talep eden şirketlere yeni düzenleme,2,"[MACRO INFO] Νέα ρύθμιση στην Τουρκία για εταιρείες που αιτούνται αναδιάρθρωση χρέους, σηματοδοτώντας οικονομικές προκλήσεις που θα μπορούσαν έμμεσα να επηρεάσουν τη σταθερότητα.",,,"[""Turkey""]",[],[],[],Policy Change,0.9
805,2026-05-14,Turkiye,Turkish Minute,"Turkey details draft maritime law to codify claims in Aegean, eastern Mediterranean",2,"[MACRO INFO] Η Τουρκία επεξεργάζεται σχέδιο ναυτικού νόμου για την κωδικοποίηση των διεκδικήσεών της στο Αιγαίο και την Ανατολική Μεσόγειο, κάτι που αφορά τις γεωπολιτικές ισορροπίες στην περιοχή.",,,"[""Turkey""]",[],[],"[""Aegean"", ""eastern Mediterranean""]",Policy Change,0.9
806,2026-05-14,Turkiye,Turkish Minute,Turkey detains 324 ISIL suspects in nationwide operations,2,"[MACRO INFO] Η Τουρκία πραγματοποίησε εκτεταμένες επιχειρήσεις κατά της ISIL συλλαμβάνοντας 324 υπόπτους, γεγονός που αφορά τη γενικότερη εσωτερική ασφάλεια της χώρας.",,,"[""Turkey""]",[],"[""ISIL""]",[],Other,0.9
807,2026-05-14,Turkiye,Turkish Minute,"İstanbul court keeps İmamoğlu, 3 others jailed in ‘political espionage’ case",2,"[MACRO INFO] Η απόφαση τουρκικού δικαστηρίου να κρατήσει φυλακισμένο τον Δήμαρχο Κωνσταντινούπολης, Εκρέμ Ιμάμογλου, συνιστά σημαντική πολιτική εξέλιξη στην Τουρκία. Ενώ δεν αφορά άμεσα μεταναστευτικές ροές, συμβάλλει στην ευρύτερη πολιτική αστάθεια της χώρας, η οποία μπορεί έμμεσα να επηρεάσει μελλοντικά τις μεταναστευτικές πιέσεις.",,,"[""Turkey""]","[""Ekrem İmamoğlu""]",[],"[""Istanbul""]",Other,0.9
810,2026-05-14,Egypt,Mada Masr English,Israel establishes special tribunal to livestream ‘show’ trials for October 7 detainees,2,"[MACRO INFO] Η είδηση αφορά τη θέσπιση ειδικού στρατιωτικού δικαστηρίου στο Ισραήλ για την εκδίκαση Παλαιστινίων μαχητών, με δυνατότητα επιβολής θανατικής ποινής. Αυτή η εξέλιξη, αν και εντείνει την πολιτική ένταση στην περιοχή, δεν αναφέρεται άμεσα σε μεταναστευτικές ροές ή πληθυσμιακές μετακινήσεις.",,,"[""Israel"", ""Palestine""]",[],[],[],Policy Change,0.9
814,2026-05-14,Egypt,Egyptian Streets,Israel to Allow Death Penalty for Palestinians Linked to October 7 Resistance,2,"[MACRO INFO] Το Ισραήλ ενέκρινε νομοθεσία που επιτρέπει την επιβολή θανατικής ποινής σε Παλαιστίνιους, εντείνοντας την καταστολή και την αστάθεια στην περιοχή της Αν. Μεσογείου. Αυτή η πολιτική εξέλιξη συμβάλλει στην επιδείνωση των συνθηκών που μακροπρόθεσμα μπορούν να λειτουργήσουν ως παράγοντες ώθησης για μελλοντικές μεταναστευτικές ροές.",,,"[""Israel"", ""Palestine""]",[],[],"[""East Mediterranean""]",Policy Change,0.9
822,2026-05-14,Cross_Regional,Al Jazeera,"Kyiv building collapses after Russian strike, reportedly trapping residents",2,"[MACRO INFO] Ρωσική επίθεση με drones και πυραύλους στο Κίεβο προκάλεσε κατάρρευση κτιρίων, αναδεικνύοντας τη συνεχιζόμενη αστάθεια στην Ουκρανία.",,,"[""Russia"", ""Ukraine""]",[],[],"[""Kyiv""]",Humanitarian,0.95
824,2026-05-14,Cross_Regional,Middle East Eye,Inside the rise of the Haftar family’s Dubai-based 'money man',2,"[MACRO INFO] Η είδηση αφορά τις οικονομικές δραστηριότητες της οικογένειας Χάφταρ στη Λιβύη, υποδεικνύοντας δυνητική εσωτερική αστάθεια, χωρίς άμεση αναφορά σε μεταναστευτικές ροές.",,,"[""Libya"", ""United Arab Emirates""]","[""Haftar family""]",[],"[""Dubai""]",Economic Migration,0.8
828,2026-05-14,Cross_Regional,Middle East Eye,US federal judge blocks US sanctions against UN's Francesca Albanese,2,"[MACRO INFO] Αμερικανός δικαστής απέκλεισε κυρώσεις κατά ειδικής εισηγήτριας του ΟΗΕ για την Παλαιστίνη, υποδεικνύοντας συνεχιζόμενες πολιτικές εντάσεις στην ευρύτερη περιοχή.",,,"[""US"", ""Palestine""]","[""Francesca Albanese""]","[""UN""]",[],Policy Change,0.9
834,2026-05-14,Syria,North Press Agency,Presidential team says SDF detainees file to be resolved before Eid al-Adha,2,"[MACRO INFO] Η συριακή κυβέρνηση εργάζεται για την επίλυση του ζητήματος των κρατουμένων που συνδέονται με τις Συριακές Δημοκρατικές Δυνάμεις (SDF) πριν το Eid al-Adha. Αυτό αφορά μια εσωτερική πολιτική/ασφάλειας εξέλιξη στη Συρία, χωρίς άμεση σύνδεση με μεταναστευτικές ροές.",,,"[""Syria""]",[],"[""SDF""]",[],Policy Change,0.9
837,2026-05-14,Syria,North Press Agency,Kurdish calls grow for constitutional status of mother tongue in Syria,2,"[MACRO INFO] Κουρδικές ομάδες στη Συρία ζητούν τη συνταγματική αναγνώριση της γλώσσας τους, γεγονός που αφορά την εσωτερική πολιτική κατάσταση της χώρας χωρίς άμεση σύνδεση με μεταναστευτικές ροές.",,,"[""Syria""]",[],[],[],Policy Change,0.9
855,2026-05-14,Turkiye,Turkish Minute,60 sought in corruption operation targeting opposition-run district municipality,2,"[MACRO INFO] Δικαστική επιχείρηση για διαφθορά διεξάγεται σε δήμο της Τουρκίας που διοικείται από την αντιπολίτευση, με την έκδοση ενταλμάτων σύλληψης για 60 υπόπτους. Το γεγονός υποδηλώνει εσωτερικές πολιτικές εντάσεις στη χώρα.",,,"[""Turkey""]",[],[],[],Other,0.9
870,2026-05-14,Cross_Regional,BBC Arabic,"نتنياهو يقول إنه ""زار الإمارات سراً"" خلال حرب إيران، وأبو ظبي تنفي",2,"[MACRO INFO] Αφορά διπλωματικές αποκαλύψεις μεταξύ Ισραήλ και ΗΑΕ για μυστική επίσκεψη εν μέσω σύγκρουσης με το Ιράν, σηματοδοτώντας ευρύτερες περιφερειακές πολιτικές εντάσεις.",,,"[""UAE"", ""Iran"", ""Israel""]","[""Netanyahu""]",[],"[""Abu Dhabi""]",Policy Change,0.9
882,2026-05-14,Cross_Regional,Middle East Eye,Iran says UAE 'directly involved' in war,2,"[MACRO INFO] Ο Ιρανός Υπουργός Εξωτερικών κατηγορεί τα ΗΑΕ για άμεση εμπλοκή σε στρατιωτικές επιχειρήσεις κατά του Ιράν, σηματοδοτώντας γεωπολιτική ένταση στην περιοχή.",,,"[""Iran"", ""UAE""]",[],[],[],Other,0.9
884,2026-05-14,Cross_Regional,Al Monitor,Iran and UAE clash at BRICS foreign ministers' meeting,2,"[MACRO INFO] Πολιτική ένταση μεταξύ Ιράν και ΗΑΕ σε σύνοδο BRICS, με το Ιράν να κατηγορεί τα ΗΑΕ για στρατιωτική εμπλοκή. Αυτό σηματοδοτεί αυξημένες γεωπολιτικές εντάσεις στην ευρύτερη περιοχή.",,,"[""Iran"", ""UAE""]",[],"[""BRICS""]",[],Other,0.9
887,2026-05-14,Cross_Regional,Al Monitor,Pope Leo decries European military spending as 'betrayal' of diplomacy,2,"[MACRO INFO] Ο Πάπας Λέων καταδικάζει την αύξηση των ευρωπαϊκών στρατιωτικών δαπανών, θεωρώντας την προδοσία της διπλωματίας και σημειώνοντας ότι ο κόσμος μαστίζεται από πολέμους.",,,"[""Europe""]","[""Pope Leo""]",[],"[""Europe""]",Policy Change,0.9
730,2026-05-12,Syria,North Press Agency,"EU, Syria forge strategic cooperation at Brussels Forum",2,"[MACRO INFO] Η ΕΕ και η Συρία ενισχύουν τη στρατηγική και οικονομική τους συνεργασία σε φόρουμ στις Βρυξέλλες, επαναφέροντας συμφωνία εμπορίου.",,,"[""Syria""]",[],"[""EU""]","[""Brussels""]",Policy Change,0.9
731,2026-05-12,Syria,North Press Agency,Family remains uncovered during excavation in Eastern Ghouta,2,"[MACRO INFO] Ανευρέθηκαν ανθρώπινα υπολείμματα στην Ανατολική Γούτα της Συρίας, γεγονός που υπογραμμίζει τις μακροχρόνιες συνέπειες της αστάθειας στην περιοχή χωρίς να υποδηλώνει άμεση νέα μεταναστευτική ροή.",,,"[""Syria""]",[],[],"[""Eastern Ghouta""]",Humanitarian,0.9
732,2026-05-12,Syria,North Press Agency,Israeli forces shell village in Quneitra countryside,2,"[MACRO INFO] Ισραηλινές δυνάμεις βομβάρδισαν ένα χωριό στην ύπαιθρο της Κουνέιτρας, γεγονός που συμβάλλει στη γενική αστάθεια της περιοχής της Συρίας.",,,"[""Israel"", ""Syria""]",[],[],"[""Quneitra""]",Humanitarian,0.9
734,2026-05-12,Syria,Enab Baladi,"EU Restores Syria Cooperation Deal, Pledges Aid",2,[MACRO INFO] Η Ευρωπαϊκή Ένωση αποκατέστησε τη συμφωνία συνεργασίας και δεσμεύτηκε για παροχή βοήθειας προς τη Συρία.,,,"[""Syria""]",[],"[""EU""]",[],Policy Change,0.9
735,2026-05-12,Syria,Enab Baladi,Syrian-Emirati Forum Discusses Investment in Damascus,2,"[MACRO INFO] Συριακό-Εμιρατινό φόρουμ συζητά επενδύσεις στη Δαμασκό, γεγονός που αφορά τη γενική οικονομική κατάσταση στη Συρία.",,,"[""Syria"", ""United Arab Emirates""]",[],[],"[""Damascus""]",Economic Migration,0.9
736,2026-05-12,Syria,Enab Baladi,"Fuel Prices Squeeze Farming, Transport in Raqqa",2,"[MACRO INFO] Οι αυξήσεις στις τιμές καυσίμων στη Ράκα της Συρίας επιδεινώνουν τις συνθήκες διαβίωσης και επηρεάζουν τη γεωργία και τις μεταφορές, δημιουργώντας έμμεσο κίνδυνο μελλοντικών μεταναστευτικών ροών.",,,"[""Syria""]",[],[],"[""Raqqa""]",Economic Migration,0.9
737,2026-05-12,Syria,Enab Baladi,Israeli Army Shells Taranja in Quneitra,2,"[MACRO INFO] Η είδηση αφορά βομβαρδισμό από τον ισραηλινό στρατό σε περιοχή της Κουνέιτρα στη νοτιοδυτική Συρία, γεγονός που υποδεικνύει συνεχιζόμενη περιφερειακή αστάθεια. Αυτή η αστάθεια, αν και δεν αναφέρει άμεσα μεταναστευτικές ροές, συμβάλλει στις υποκείμενες αιτίες της αναγκαστικής μετακίνησης πληθυσμών.",,,"[""Israel"", ""Syria""]",[],"[""Israeli Army""]","[""Taranja"", ""Quneitra"", ""Southwestern Syria""]",Humanitarian,0.9
738,2026-05-12,Syria,Enab Baladi,Mazloum Abdi Urges Protesters Not to Obstruct Integration,2,"[MACRO INFO] Πολιτικές εξελίξεις στη Συρία, με τον διοικητή των SDF να καλεί τους διαδηλωτές να μην εμποδίσουν τις συμφωνίες με την κυβέρνηση, επηρεάζουν την εσωτερική σταθερότητα της χώρας.",,,"[""Syria""]","[""Mazloum Abdi""]","[""SDF""]",[],Policy Change,0.9
739,2026-05-12,Syria,Syria Direct,"As Atef Najib’s trial proceeds, what legal basis exists for transitional justice?",2,"[MACRO INFO] Η είδηση αφορά τη δίκη πρώην αξιωματούχου του καθεστώτος Άσαντ στη Συρία και την απουσία νομικού πλαισίου για τη μεταβατική δικαιοσύνη. Αυτή η πολιτική και νομική εξέλιξη υποδηλώνει γενική αστάθεια εντός της Συρίας, χωρίς άμεση αναφορά σε μεταναστευτικές ροές.",,,"[""Syria""]","[""Atef Najib"", ""Assad""]",[],[],Policy Change,0.9
740,2026-05-12,Syria,Syria Direct,Syria bids farewell to its “Kingdom of Silence” — but warnings remain over a “trap” in comparing press freedom with the Assad era,2,"[MACRO INFO] Η είδηση αναφέρεται στην ελευθερία του τύπου και τον κίνδυνο για τους δημοσιογράφους στη Συρία, υποδεικνύοντας γενική πολιτική και κοινωνική αστάθεια στη χώρα.",,,"[""Syria""]","[""Assad""]",[],[],Humanitarian,0.9
741,2026-05-12,Syria,Syria Direct,Suwayda’s students caught up in the struggle with Damascus,2,"[MACRO INFO] Η είδηση αφορά μια εσωτερική διαμάχη στη Συρία μεταξύ των εκπαιδευτικών αρχών της Σουέιντα και της Δαμασκού σχετικά με την αναγνώριση εξετάσεων, επηρεάζοντας χιλιάδες μαθητές και υποδηλώνοντας πολιτική αστάθεια.",,,"[""Syria""]",[],[],"[""Suwayda"", ""Damascus""]",Policy Change,0.9
744,2026-05-12,Lebanon,Daraj,مسؤولية غير الشيعة عن تصدّر “حزب الله” لبنان,2,"[MACRO INFO] Το κείμενο αναλύει την πολιτική αστάθεια στον Λίβανο και την κυριαρχία της Χεζμπολάχ, τονίζοντας τις εσωτερικές εντάσεις και την αναμενόμενη κλιμάκωση. Αν και δεν αναφέρεται άμεσα σε προσφυγικές ροές, υποδηλώνει μια γενική αστάθεια στην περιοχή.",,,"[""Lebanon""]",[],"[""Hezbollah""]",[],Other,0.9
745,2026-05-12,Lebanon,Daraj,واشنطن باشرت عقوباتها على “خبز العراقيين”,2,"[MACRO INFO] Η είδηση αφορά κυρώσεις των ΗΠΑ και τη συστημική διαφθορά στα λιμάνια του Ιράκ, αναδεικνύοντας την οικονομική και πολιτική αστάθεια στη χώρα.",,,"[""USA"", ""Iraq""]",[],[],"[""Washington""]",Economic Migration,0.9
749,2026-05-12,Turkiye,Evrensel,"Haşdi Şabi, Irak'ın Necef ve Kerbela çöllerinde geniş çaplı operasyon başlattı",2,"[MACRO INFO] Δυνάμεις στο Ιράκ ξεκίνησαν στρατιωτική επιχείρηση σε ερήμους, γεγονός που υποδηλώνει γενική αστάθεια στην ευρύτερη περιοχή.",,,"[""Iraq""]",[],"[""Haşdi Şabi""]","[""Najaf"", ""Karbala""]",Humanitarian,0.9
752,2026-05-12,Turkiye,Evrensel,BAE'nin İran'a gizlice saldırılar düzenlediği iddiası,2,"[MACRO INFO] Η είδηση αναφέρεται σε ισχυρισμούς για μυστικές στρατιωτικές επιθέσεις των ΗΑΕ κατά του Ιράν, σηματοδοτώντας μια πιθανή εστία περιφερειακής αστάθειας.",,,"[""United Arab Emirates"", ""Iran""]",[],[],[],Other,0.9
753,2026-05-12,Turkiye,Evrensel,Askeri lise sınavı soruşturmasında 7 gözaltı kararı,2,[MACRO INFO] Έρευνα στην Τουρκία για διαρροή θεμάτων σε εξετάσεις στρατιωτικών λυκείων του 2014 οδήγησε σε 7 εντάλματα σύλληψης. Πρόκειται για εσωτερική νομική υπόθεση με περιορισμένη επίδραση στη γενική αστάθεια.,,,"[""Turkey""]",[],[],[],Other,0.9
757,2026-05-12,Turkiye,Turkish Minute,"Businessman accused of spying for US, UK and Israel says he spied on Gülen movement for Ankara",2,"[MACRO INFO] Υπόθεση κατασκοπείας στην Τουρκία που αφορά επιχειρηματία κατηγορούμενο για κατασκοπεία υπέρ διαφόρων χωρών και του κινήματος Γκιουλέν, συνιστά εσωτερική πολιτική αστάθεια.",,,"[""US"", ""UK"", ""Israel"", ""Turkey""]","[""Gülen""]","[""Gülen movement""]","[""Ankara""]",Other,0.9
761,2026-05-12,Egypt,Mada Masr English,"A ‘cautious’ rekindling of Syria-Egypt relations amid economic challenges, regional upheaval",2,"[MACRO INFO] Η επαναπροσέγγιση των σχέσεων Συρίας-Αιγύπτου, εν μέσω οικονομικών προκλήσεων και περιφερειακών αναταραχών, αποτελεί μια μακρο-πολιτική εξέλιξη.",,,"[""Syria"", ""Egypt""]",[],[],[],Policy Change,0.9
763,2026-05-12,Egypt,Egyptian Streets,A New Baby is Born Every 16 Seconds in Egypt,2,"[MACRO INFO] Η ραγδαία αύξηση του πληθυσμού της Αιγύπτου στους 109 εκατομμύρια μπορεί να αποτελέσει μακροπρόθεσμη κοινωνικοοικονομική πρόκληση, εν δυνάμει παράγοντα αστάθειας και μελλοντικών μεταναστευτικών πιέσεων.",,,"[""Egypt""]",[],[],[],Economic Migration,0.9
764,2026-05-12,Egypt,Egyptian Streets,"Macron Opens Africa Tour in Alexandria, Reaffirming Ties With Egypt",2,"[MACRO INFO] Ο Γάλλος Πρόεδρος επισκέφθηκε την Αίγυπτο για διπλωματικές συζητήσεις και οικονομική συνεργασία, με αναφορές στον πόλεμο της Γάζας, χωρίς όμως να γίνεται καμία αναφορά σε μετανάστες ή προσφυγικές ροές.",,,"[""Egypt"", ""France""]","[""Macron""]",[],"[""Alexandria"", ""Gaza"", ""Africa""]",Other,0.95
765,2026-05-12,Cross_Regional,BBC Arabic,"ترامب يقول إن وقف إطلاق النار ""على جهاز الإنعاش""، وباكستان تنفي وجود طائرات إيرانية عسكرية في قواعدها",2,[MACRO INFO] Δηλώσεις Τραμπ για την κρίσιμη κατάσταση της κατάπαυσης του πυρός με το Ιράν υποδηλώνουν αυξημένη πολιτική αστάθεια στην ευρύτερη περιοχή.,,,"[""Pakistan"", ""Iran""]","[""Trump""]",[],[],Humanitarian,0.9
766,2026-05-12,Cross_Regional,BBC Arabic,"ما الذي جعل الإمارات تتصدّر ""بنك الأهداف"" الإيراني؟",2,"[MACRO INFO] Η ένταση στον Κόλπο κλιμακώνεται με τα ΗΑΕ να γίνονται στόχος επιθέσεων, ενδεικτικό ευρύτερης γεωπολιτικής αστάθειας.",,,"[""United Arab Emirates"", ""Iran""]",[],[],"[""The Gulf""]",Other,0.9
767,2026-05-12,Cross_Regional,BBC Arabic,"""زوجة وأم، لكن عزباء رسمياً""، صعوبات تواجه تسجيل عقود زواج البهائيين في مصر",2,"[MACRO INFO] Η απόφαση του Αιγυπτιακού Ακυρωτικού Δικαστηρίου να μην αναγνωρίσει γάμους Μπαχάιδων υπογραμμίζει τις νομικές διακρίσεις κατά θρησκευτικής μειονότητας, υποδεικνύοντας εσωτερικές κοινωνικές εντάσεις στην Αίγυπτο.",,,"[""Egypt""]",[],[],[],Policy Change,0.9
771,2026-05-12,Cross_Regional,Al Jazeera,Global energy crisis highlights meagre oil buffers in developing world,2,"[MACRO INFO] Μια παγκόσμια ενεργειακή κρίση, ενισχυμένη από τον πόλεμο στο Ιράν, υπογραμμίζει την αδυναμία των κυβερνήσεων του Παγκόσμιου Νότου να αντιμετωπίσουν ένα πετρελαϊκό σοκ.",,,"[""Iran""]",[],[],"[""Global South""]",Economic Migration,0.9
777,2026-05-12,Cross_Regional,Middle East Eye,Iran executes man linked to Baloch militant group,2,"[MACRO INFO] Η εκτέλεση ενός ατόμου συνδεδεμένου με μαχητική ομάδα στο Ιράν υποδηλώνει εσωτερική αστάθεια στη χώρα, χωρίς άμεση σύνδεση με μεταναστευτικές ροές.",,,"[""Iran""]",[],"[""Baloch militant group""]",[],Humanitarian,0.9
778,2026-05-12,Cross_Regional,Al Monitor,Israel takes the stage in semis of boycotted Eurovision,2,"[MACRO INFO] Η είδηση αφορά πολιτικό μποϊκοτάζ της Eurovision λόγω του πολέμου στη Γάζα. Αν και δεν αναφέρεται σε μεταναστευτικές ροές, ο πόλεμος αποτελεί πηγή αστάθειας στην ευρύτερη περιοχή.",,,"[""Israel""]",[],"[""Eurovision""]","[""Gaza""]",Other,0.9
779,2026-05-12,Cross_Regional,Al Monitor,New Israeli law sets military tribunal for Hamas October 7 militants,2,"[MACRO INFO] Νέος ισραηλινός νόμος θεσπίζει στρατοδικεία για μαχητές της Χαμάς, γεγονός που αποτελεί πολιτική εξέλιξη στην εν εξελίξει σύγκρουση, συμβάλλοντας στην περιφερειακή αστάθεια.",,,"[""Israel""]",[],"[""Hamas""]",[],Policy Change,0.9
780,2026-05-12,Cross_Regional,Al Monitor,Peace deal hopes fade after Trump rejects 'garbage' Iran proposal,2,"[MACRO INFO] Η είδηση αφορά την αποτυχία επίτευξης ειρηνευτικής συμφωνίας για το Ιράν, υποδηλώνοντας αυξημένη πολιτική αστάθεια στην περιοχή, αλλά χωρίς άμεση αναφορά σε μετανάστες ή προσφυγικές ροές.",,,"[""Iran""]","[""Trump""]",[],[],Policy Change,0.9
781,2026-05-12,Cross_Regional,Al Monitor,"US top diplomat discusses Iran, Strait of Hormuz with UK and Australia",2,[MACRO INFO] Διπλωματικές συζητήσεις για την ένταση με το Ιράν και το Στενό του Ορμούζ σηματοδοτούν γενική γεωπολιτική αστάθεια στην ευρύτερη περιοχή της Μέσης Ανατολής.,,,"[""United States"", ""Iran"", ""United Kingdom"", ""Australia""]",[],[],"[""Strait of Hormuz"", ""Middle East""]",Policy Change,0.9
616,2026-05-11,Cross_Regional,Al Monitor,"For Israeli settlers, return to Sa-Nur is a dream realised",2,"[MACRO INFO] Η είδηση αφορά την επιστροφή Ισραηλινών εποίκων σε έναν οικισμό στην κατεχόμενη Δυτική Όχθη, γεγονός που συνιστά πολιτική εξέλιξη που συμβάλλει στη διατήρηση της γενικής αστάθειας στην ευρύτερη περιοχή.",,,"[""Israel""]",[],[],"[""Sa-Nur"", ""West Bank""]",Policy Change,0.9
623,2026-05-11,Syria,North Press Agency,Syria’s transitional president issues decrees appointing senior officials,2,"[MACRO INFO] Η είδηση αφορά πολιτικές εξελίξεις στη Συρία με διορισμούς ανώτερων αξιωματούχων, υποδεικνύοντας αναδιάρθρωση της διακυβέρνησης.",,,"[""Syria""]",[],[],[],Policy Change,0.9
624,2026-05-11,Syria,Enab Baladi,Syria Tests Visa and Mastercard Payments After 15 Years,2,"[MACRO INFO] Η Συρία ξεκινά δοκιμές πληρωμών μέσω Visa και Mastercard μετά από 15 χρόνια, γεγονός που συνιστά μια σημαντική οικονομική εξέλιξη στην περιοχή. Το γεγονός αυτό αποτελεί μακροοικονομική πληροφορία για τη σταθεροποίηση της χώρας, χωρίς άμεση σύνδεση με μεταναστευτικές ροές.",,,"[""Syria""]",[],"[""Visa"", ""Mastercard""]",[],Policy Change,0.9
628,2026-05-11,Syria,Syria Direct,Syria bids farewell to its “Kingdom of Silence” — but warnings remain over a “trap” in comparing press freedom with the Assad era,2,"[MACRO INFO] Το κείμενο αναλύει την ελευθερία του τύπου στη Συρία και την απώλεια δημοσιογράφων, υποδεικνύοντας συνεχιζόμενη εσωτερική αστάθεια που μπορεί να επηρεάσει μακροπρόθεσμα τις μεταναστευτικές ροές.",,,"[""Syria""]","[""Assad""]",[],[],Refugee Flow,0.9
637,2026-05-11,Turkiye,Evrensel,"Netanyahu, Oslo Anlaşması’nın iptalini öngören teklifin görüşmesini erteledi",2,"[MACRO INFO] Ο Πρωθυπουργός του Ισραήλ ανέβαλε τη συζήτηση για την ακύρωση των Συμφωνιών του Όσλο. Πρόκειται για εσωτερική πολιτική εξέλιξη με δυνητικές, έμμεσες επιπτώσεις στην περιφερειακή σταθερότητα.",,,"[""Israel""]","[""Netanyahu""]",[],[],Policy Change,0.9
642,2026-05-11,Turkiye,Turkish Minute,"Turkish justice minister boasted about wiretapping Erdoğan’s calls, main opposition leader claims",2,"[MACRO INFO] Πολιτική αναταραχή στην Τουρκία σχετικά με καταγγελίες για υποκλοπές μεταξύ κυβερνητικών αξιωματούχων, χωρίς άμεση σχέση με μεταναστευτικές ροές.",,,"[""Turkey""]","[""Erdoğan""]",[],[],Other,0.9
644,2026-05-11,Turkiye,Turkish Minute,Erdoğan says Europe would be vulnerable without Turkey,2,"[MACRO INFO] Ο Πρόεδρος Ερντογάν δήλωσε ότι η Ευρώπη θα ήταν ευάλωτη χωρίς την Τουρκία και αναπόσπαστο μέρος του ευρωπαϊκού μέλλοντος. Η δήλωση αφορά γενικές πολιτικές σχέσεις και σταθερότητα, χωρίς άμεση αναφορά σε μεταναστευτικές ροές.",,,"[""Turkey""]","[""Erdoğan""]",[],"[""Europe""]",Policy Change,0.9
645,2026-05-11,Turkiye,Turkish Minute,"Former Turkish PM, ex-Erdoğan allies call for retrials after ECtHR ruling on coup-era conviction",2,"[MACRO INFO] Πολιτικές εξελίξεις στην Τουρκία με πρώην αξιωματούχους να ζητούν επανεκδικάσεις υποθέσεων μετά από απόφαση του ΕΔΔΑ, υποδηλώνοντας εσωτερική πολιτική αναταραχή.",,,"[""Turkey""]","[""Erdoğan""]","[""ECtHR""]",[],Policy Change,0.9
647,2026-05-11,Egypt,Mada Masr English,UN calls for release of two flotilla activists as Israel extends their detention,2,"[MACRO INFO] Ο ΟΗΕ ζητά την απελευθέρωση ακτιβιστών ανθρωπιστικής αποστολής που συνελήφθησαν από ισραηλινές δυνάμεις κοντά στην Κρήτη, γεγονός που υπογραμμίζει τις περιφερειακές εντάσεις.",,,"[""Israel"", ""Greece""]",[],"[""UN""]","[""Crete""]",Humanitarian,0.95
648,2026-05-11,Egypt,Mada Masr English,"A ‘cautious’ rekindling of Syria-Egypt relations amid economic challenges, regional upheaval",2,"[MACRO INFO] Η είδηση αφορά την επαναπροσέγγιση των σχέσεων μεταξύ Συρίας και Αιγύπτου εν μέσω οικονομικών προκλήσεων και περιφερειακής αναταραχής, υποδηλώνοντας ευρύτερη αστάθεια στην περιοχή.",,,"[""Syria"", ""Egypt""]",[],[],[],Policy Change,0.9
649,2026-05-11,Egypt,Mada Masr English,Future of Egypt authority push to consolidate monopoly over rice exports,2,[MACRO INFO] Η Αίγυπτος αναθέτει σε στρατιωτικά ελεγχόμενη αρχή το μονοπώλιο στις εξαγωγές ρυζιού. Αυτή η κίνηση μπορεί να επηρεάσει την οικονομική σταθερότητα της χώρας μακροπρόθεσμα.,,,"[""Egypt""]",[],"[""Future of Egypt authority"", ""military-controlled authority""]",[],Policy Change,0.9
653,2026-05-11,Egypt,Egyptian Streets,A New Baby is Born Every 16 Seconds in Egypt,2,"[MACRO INFO] Η Αίγυπτος καταγράφει ταχεία αύξηση πληθυσμού, φτάνοντας τα 109 εκατομμύρια, γεγονός που συνιστά μακροπρόθεσμη δημογραφική πίεση και δυνητικό παράγοντα μελλοντικών μεταναστευτικών ροών στην περιοχή.",,,"[""Egypt""]",[],[],[],Economic Migration,0.9
654,2026-05-11,Egypt,Egyptian Streets,"Macron Opens Africa Tour in Alexandria, Reaffirming Ties With Egypt",2,"[MACRO INFO] Διπλωματική συνάντηση Μακρόν-Αλ-Σίσι στην Αλεξάνδρεια με συζητήσεις για διμερείς σχέσεις και τον πόλεμο στη Γάζα, επηρεάζοντας τη γενική σταθερότητα της περιοχής.",,,"[""Egypt"", ""France""]","[""Macron"", ""Al-Sisi""]",[],"[""Alexandria"", ""Africa"", ""Gaza""]",Policy Change,0.9
655,2026-05-11,Egypt,Egyptian Streets,‘What Affects the UAE Affects Egypt’: Al-Sisi,2,"[MACRO INFO] Ο Πρόεδρος της Αιγύπτου επισκέφθηκε τα ΗΑΕ και το Ομάν εκφράζοντας αλληλεγγύη μετά από επιθέσεις, συζητώντας την αντιμετώπιση κλιμακούμενων περιφερειακών προκλήσεων και απειλών για την ασφάλεια, γεγονός που υποδηλώνει γενική αστάθεια στην ευρύτερη περιοχή.",,,"[""UAE"", ""Egypt"", ""Oman""]","[""Al-Sisi""]",[],[],Other,0.9
656,2026-05-11,Cross_Regional,BBC Arabic,ترامب: رد إيران على المقترح الأمريكي لوقف الحرب مرفوض,2,"[MACRO INFO] Ο πρόεδρος Τραμπ απέρριψε την απάντηση του Ιράν σε αμερικανική πρόταση για τον τερματισμό του πολέμου, χρησιμοποιώντας σκληρή ρητορική. Αυτή η είδηση αφορά σημαντικές γεωπολιτικές εντάσεις μεταξύ ΗΠΑ και Ιράν.",,,"[""Iran"", ""USA""]","[""Trump""]",[],[],Policy Change,0.9
657,2026-05-11,Cross_Regional,BBC Arabic,ما هو الردّ الإيراني على مقترحات الولايات المتحدة لإنهاء الحرب؟,2,"[MACRO INFO] Το Ιράν απάντησε στις προτάσεις των ΗΠΑ για τον τερματισμό ενός πολέμου, με το Πακιστάν ως μεσολαβητή, χωρίς να αποκαλυφθούν λεπτομέρειες, γεγονός που αφορά τη γενικότερη περιφερειακή γεωπολιτική σταθερότητα.",,,"[""Iran"", ""United States"", ""Pakistan""]",[],[],[],Policy Change,0.95
661,2026-05-11,Cross_Regional,Al Jazeera,Things are not going so well for Russia,2,"[MACRO INFO] Η είδηση αναφέρεται σε γενικές δυσκολίες της Ρωσίας, όπως η στασιμότητα στην Ουκρανία και οικονομικά προβλήματα, χωρίς άμεση σύνδεση με μεταναστευτικές ροές.",,,"[""Russia"", ""Ukraine""]",[],[],[],Other,0.9
662,2026-05-11,Cross_Regional,Al Jazeera,Trump calls Iran response “totally unacceptable”,2,"[MACRO INFO] Η είδηση αναφέρει την απόρριψη από τον Πρόεδρο Τραμπ της απάντησης του Ιράν σε πρόταση ειρήνης των ΗΠΑ, σηματοδοτώντας πολιτική αστάθεια στις σχέσεις μεταξύ των δύο χωρών.",,,"[""Iran"", ""USA""]","[""Trump""]",[],[],Policy Change,0.9
663,2026-05-11,Cross_Regional,Al Jazeera,Russia and Ukraine accuse the other of ceasefire violations,2,"[MACRO INFO] Η είδηση αφορά την αμοιβαία κατηγορία για παραβιάσεις εκεχειρίας μεταξύ Ρωσίας και Ουκρανίας, γεγονός που υποδεικνύει συνεχιζόμενη αστάθεια στην περιοχή.",,,"[""Russia"", ""Ukraine""]",[],[],[],Humanitarian,0.9
665,2026-05-11,Cross_Regional,Middle East Eye,Iran executes man accused of spying for CIA and Mossad,2,"[MACRO INFO] Η εκτέλεση ενός ατόμου στο Ιράν για κατασκοπεία σηματοδοτεί την κλιμάκωση των εντάσεων μεταξύ του Ιράν και ξένων δυνάμεων, συμβάλλοντας σε περιφερειακή αστάθεια.",,,"[""Iran"", ""United States"", ""Israel""]",[],"[""CIA"", ""Mossad""]",[],Other,0.9
668,2026-05-11,Cross_Regional,Middle East Eye,Brent crude climbs above $105 after Trump rejects Iran response,2,[MACRO INFO] Η άνοδος των τιμών του πετρελαίου και η ένταση μεταξύ ΗΠΑ και Ιράν σηματοδοτούν αυξημένη γεωπολιτική αστάθεια στην περιοχή.,,,"[""Iran"", ""USA""]","[""Trump""]",[],[],Other,0.9
669,2026-05-11,Cross_Regional,Middle East Eye,Gaza: Doctors Under Attack wins BAFTA award after BBC rejection,2,"[MACRO INFO] Ένα ντοκιμαντέρ για τις επιθέσεις σε ιατρικούς εργαζόμενους και εγκαταστάσεις υγείας στη Γάζα κατά τη διάρκεια του πολέμου κέρδισε βραβείο BAFTA, υπογραμμίζοντας τις δύσκολες συνθήκες στην περιοχή.",,,[],[],"[""BAFTA"", ""BBC""]","[""Gaza""]",Humanitarian,0.9
692,2026-05-11,Turkiye,Evrensel,"112'ye yapılan ihbarla başlayan ""casusluk"" davasında ilk duruşma: İmamoğlu, Özkan, Yanardağ ve Gün savunma yapacak",2,"[MACRO INFO] Έναρξη πολιτικής δίκης στην Τουρκία, στην οποία εμπλέκονται υψηλόβαθμοι αξιωματούχοι και δημοσιογράφοι, σηματοδοτώντας εσωτερικές πολιτικές εξελίξεις.",,,"[""Turkey""]","[""İmamoğlu"", ""Özkan"", ""Yanardağ"", ""Gün""]",[],[],Policy Change,0.9
567,2026-05-09,Syria,North Press Agency,Israeli military patrol advances into Quneitra countryside,2,"[MACRO INFO] Ισραηλινή στρατιωτική περίπολος στην ύπαιθρο της Κουνέιτρας σηματοδοτεί συνεχιζόμενη ένταση στη νότια Συρία, συμβάλλοντας στην ευρύτερη αστάθεια της περιοχής.",,,"[""Israel"", ""Syria""]",[],[],"[""Quneitra"", ""Southern Syria""]",Border Crisis,0.9
568,2026-05-09,Syria,North Press Agency,ISIS claims killing of Shiite cleric in Damascus countryside,2,"[MACRO INFO] Ο ISIS ανέλαβε την ευθύνη για τη δολοφονία ενός σιίτη κληρικού στην επαρχία της Δαμασκού, γεγονός που υποδεικνύει συνεχιζόμενη αστάθεια και τρομοκρατική δράση στη Συρία.",,,"[""Syria""]",[],"[""ISIS""]","[""Damascus countryside""]",Humanitarian,0.9
572,2026-05-09,Syria,Enab Baladi,Israeli Army Detains Shepherd Amid Quneitra Incursions,2,"[MACRO INFO] Ο ισραηλινός στρατός προχώρησε σε κράτηση βοσκού στην περιοχή της Κουνέιτρα, γεγονός που υποδεικνύει τοπική αστάθεια στα σύνορα της Συρίας.",,,"[""Israel"", ""Syria""]",[],"[""Israeli Army""]","[""Quneitra""]",Border Crisis,0.9
575,2026-05-09,Syria,Syria Direct,Syria bids farewell to its “Kingdom of Silence” — but warnings remain over a “trap” in comparing press freedom with the Assad era,2,"[MACRO INFO] Το άρθρο εξετάζει την κατάσταση της ελευθερίας του τύπου και τους κινδύνους για τους δημοσιογράφους στη Συρία, υποδεικνύοντας μια γενική πολιτική αστάθεια στη χώρα.",,,"[""Syria""]","[""Assad""]",[],[],Humanitarian,0.9
585,2026-05-09,Turkiye,Evrensel,Bayramda memlekete gitmek de tatil yapmak da pahalı: Biletlere yine zam geldi,2,"[MACRO INFO] Αύξηση του κόστους μετακινήσεων στην Τουρκία, επηρεάζοντας ιδιαίτερα τους χαμηλόμισθους και τις πληγείσες από τον σεισμό περιοχές, υποδηλώνοντας οικονομική πίεση.",,,"[""Turkey""]",[],[],"[""Earthquake-affected areas""]",Economic Migration,0.9
588,2026-05-09,Turkiye,Evrensel,"Devlet emekliye zam vermiyor, ek iş buluyor: 50 yaş üstü İŞKUR’da iş arıyor",2,"[MACRO INFO] Η είδηση αναφέρεται σε οικονομική δυσπραγία των συνταξιούχων στην Τουρκία, οι οποίοι αναζητούν επιπλέον εργασία, υποδηλώνοντας γενική οικονομική αστάθεια εντός της χώρας.",,,"[""Turkey""]",[],"[""İŞKUR""]",[],Economic Migration,0.9
591,2026-05-09,Turkiye,Turkish Minute,[OPINION] No ‘third way’ in a decoupling world: How defying the ECtHR is pricing Turkey out of Europe,2,"[MACRO INFO] Το άρθρο γνώμης αναλύει την απομάκρυνση της Τουρκίας από την Ευρώπη λόγω της αμφισβήτησης των αποφάσεων του ΕΔΔΑ, εν μέσω γενικότερης παγκόσμιας αποσύνδεσης και γεωπολιτικής αστάθειας.",,,"[""Turkey""]",[],"[""ECtHR""]",[],Policy Change,0.95
592,2026-05-09,Turkiye,Turkish Minute,"Israeli state broadcaster alleges Hamas members trained with arms, drones in Turkey",2,"[MACRO INFO] Ισραηλινά μέσα ενημέρωσης αναφέρουν ότι μέλη της Χαμάς εκπαιδεύτηκαν στην Τουρκία, γεγονός που συντελεί σε γενική αστάθεια και πολιτικές εντάσεις στην περιοχή.",,,"[""Israel"", ""Turkey""]",[],"[""Hamas""]",[],Other,0.9
594,2026-05-09,Turkiye,Turkish Minute,"Turkey preparing maritime jurisdiction bill that could heighten tensions with Greece, Cyprus: report",2,[MACRO INFO] Η Τουρκία ετοιμάζει νομοσχέδιο για τη θαλάσσια δικαιοδοσία που ενδέχεται να αυξήσει τις εντάσεις με την Ελλάδα και την Κύπρο.,,,"[""Turkey"", ""Greece"", ""Cyprus""]",[],[],[],Policy Change,0.9
597,2026-05-09,Egypt,Mada Masr English,"A ‘cautious’ rekindling of Syria-Egypt relations amid economic challenges, regional upheaval",2,"[MACRO INFO] Η είδηση αφορά την επαναπροσέγγιση των σχέσεων μεταξύ Συρίας και Αιγύπτου, με αναφορές σε οικονομικές προκλήσεις και περιφερειακή αναταραχή, που αποτελούν γενικούς παράγοντες αστάθειας στην ευρύτερη περιοχή.",,,"[""Syria"", ""Egypt""]",[],[],[],Policy Change,0.9
598,2026-05-09,Egypt,Mada Masr English,Future of Egypt authority push to consolidate monopoly over rice exports,2,"[MACRO INFO] Προεδρική οδηγία στην Αίγυπτο αναθέτει σε στρατιωτικά ελεγχόμενη αρχή το μονοπώλιο στις εξαγωγές ρυζιού, μια οικονομική πολιτική που μπορεί να επηρεάσει την εσωτερική σταθερότητα.",,,"[""Egypt""]",[],"[""Future of Egypt authority""]",[],Policy Change,0.9
603,2026-05-09,Cross_Regional,BBC Arabic,ترامب: ننتظر رد إيران على اتفاق إنهاء الحرب,2,"[MACRO INFO] Η Ουάσιγκτον αναμένει την απάντηση της Τεχεράνης σε πρόταση για τον τερματισμό ενός πολέμου, με προοπτική συνομιλιών για το πυρηνικό πρόγραμμα.",,,"[""Iran"", ""USA""]","[""Trump""]",[],"[""Washington"", ""Tehran""]",Other,0.9
605,2026-05-09,Cross_Regional,BBC Arabic,شركات حصدت مليارات الدولارات من حرب إيران,2,"[MACRO INFO] Η είδηση αναφέρει ότι εταιρείες επωφελήθηκαν οικονομικά από τον πόλεμο μεταξύ ΗΠΑ-Ισραήλ και Ιράν, ο οποίος παράλληλα επιβάρυνε τα νοικοκυριά παγκοσμίως, υποδεικνύοντας γενική αστάθεια.",,,"[""Iran"", ""USA"", ""Israel""]",[],[],[],Other,0.9
609,2026-05-09,Cross_Regional,Al Jazeera,Pentagon releases video of strikes on Iranian oil tankers,2,"[MACRO INFO] Αμερικανικά πλήγματα σε ιρανικά τάνκερ στον Κόλπο του Ορμούζ, γεγονός που αυξάνει την περιφερειακή αστάθεια χωρίς άμεση αναφορά σε μεταναστευτικές ροές.",,,"[""USA"", ""Iran""]",[],"[""Pentagon""]","[""Strait of Hormuz""]",Other,0.9
612,2026-05-09,Cross_Regional,Middle East Eye,China aluminium exports surge amid Iran war supply disruptions,2,"[MACRO INFO] Η είδηση αναφέρεται σε αύξηση εξαγωγών αλουμινίου της Κίνας λόγω της αστάθειας στη Μέση Ανατολή και του πολέμου που αφορά το Ιράν, επηρεάζοντας τις παγκόσμιες αλυσίδες εφοδιασμού.",,,"[""China"", ""Iran""]",[],[],"[""Middle East""]",Economic Migration,0.9
613,2026-05-09,Cross_Regional,Middle East Eye,Russia urges withdrawal of UN Hormuz resolution targeting Iran,2,"[MACRO INFO] Το κείμενο αναφέρεται σε διπλωματική διαμάχη στο Συμβούλιο Ασφαλείας του ΟΗΕ σχετικά με ψήφισμα που αφορά το Ιράν και το Στενό του Ορμούζ, υποδεικνύοντας γενική γεωπολιτική αστάθεια στην ευρύτερη περιοχή.",,,"[""Russia"", ""Iran""]",[],"[""UN""]","[""Hormuz Strait""]",Policy Change,0.9
614,2026-05-09,Cross_Regional,Middle East Eye,Iranian politician calls Trump tactics psychological warfare against Tehran,2,"[MACRO INFO] Ιρανός πολιτικός χαρακτηρίζει τις τακτικές του Τραμπ ως ψυχολογικό πόλεμο κατά της Τεχεράνης, υπογραμμίζοντας τις συνεχιζόμενες πολιτικές εντάσεις στην περιοχή.",,,"[""Iran"", ""USA""]","[""Donald Trump""]",[],"[""Tehran""]",Other,0.9
467,2026-05-07,Syria,North Press Agency,Syrian authorities seize large drug manufacturing materials in Damascus,2,"[MACRO INFO] Οι συριακές αρχές κατέσχεσαν υλικά παρασκευής ναρκωτικών στη Δαμασκό, αναδεικνύοντας εσωτερικά ζητήματα ασφαλείας στη χώρα.",,,"[""Syria""]",[],[],"[""Damascus""]",Other,0.9
468,2026-05-07,Syria,North Press Agency,Israeli concerns grow over Syria’s army rebuild plans,2,[MACRO INFO] Ισραηλινές ανησυχίες για την ενίσχυση του συριακού στρατού υποδεικνύουν γενική αστάθεια στην περιοχή.,,,"[""Israel"", ""Syria""]",[],[],[],Border Crisis,0.9
471,2026-05-07,Syria,Enab Baladi,Finance Issues Tax Exemption Rules for Damaged Facilities,2,"[MACRO INFO] Το Υπουργείο Οικονομικών της Συρίας εξέδωσε κανόνες φοροαπαλλαγής για κατεστραμμένες εγκαταστάσεις, υποδεικνύοντας τις συνεχιζόμενες οικονομικές προκλήσεις και προσπάθειες ανάκαμψης στην περιοχή.",,,"[""Syria""]",[],"[""Ministry of Finance of Syria""]",[],Policy Change,0.9
472,2026-05-07,Syria,Enab Baladi,Eagle Hills Studies $50 Billion Syria Projects,2,"[MACRO INFO] Η εταιρεία Eagle Hills μελετά την έναρξη μεγάλων αστικών αναπτυξιακών έργων στη Συρία, ύψους 50 δισεκατομμυρίων δολαρίων, γεγονός που αποτελεί σημαντική μακροοικονομική εξέλιξη με δυνητικά θετική επίδραση στη σταθερότητα και τις συνθήκες διαβίωσης.",,,"[""Syria""]",[],"[""Eagle Hills""]",[],Economic Migration,0.9
473,2026-05-07,Syria,Enab Baladi,QNB Launches International Card Acceptance in Syria,2,"[MACRO INFO] Η QNB ξεκίνησε υπηρεσίες αποδοχής διεθνών καρτών στη Συρία, γεγονός που αποτελεί οικονομική εξέλιξη χωρίς άμεση σχέση με μεταναστευτικές ροές.",,,"[""Syria""]",[],"[""QNB""]",[],Other,0.9
474,2026-05-07,Syria,Syria Direct,Syria bids farewell to its “Kingdom of Silence” — but warnings remain over a “trap” in comparing press freedom with the Assad era,2,"[MACRO INFO] Η είδηση αφορά την έλλειψη ελευθερίας του τύπου και την καταστολή στη Συρία, παράγοντες που συνεισφέρουν στη γενική αστάθεια της χώρας.",,,"[""Syria""]","[""Assad""]",[],[],Humanitarian,0.9
481,2026-05-07,Lebanon,Daraj,لماذا يواصل حزب الله “تدخله” في سوريا ؟,2,"[MACRO INFO] Η είδηση αφορά τη συνεχιζόμενη ανάμειξη της Χεζμπολάχ στη Συρία και τις διπλωματικές πιέσεις στην περιοχή, υποδεικνύοντας συνεχιζόμενη πολιτική αστάθεια.",,,"[""Syria""]",[],"[""Hezbollah""]",[],Humanitarian,0.9
482,2026-05-07,Lebanon,Daraj,“الاجتماع الأخير”: جنرال روسي طلب من نظام الأسد 37 مليون دولار أميركي “كاش” وفوراً!,2,[MACRO INFO] Ρωσικές οικονομικές πιέσεις στο συριακό καθεστώς και γεωπολιτικές κινήσεις στη Συρία υπογραμμίζουν τη συνεχιζόμενη αστάθεια στην περιοχή.,,,"[""Russia"", ""Syria""]","[""Assad""]",[],[],Other,0.95
486,2026-05-07,Turkiye,Turkish Minute,"Exile no longer safe as journalists face growing cross-border repression, UN panel warns",2,"[MACRO INFO] Η αυξανόμενη διασυνοριακή καταστολή δημοσιογράφων, ακόμη και στην εξορία, συνιστά παράγοντα πολιτικής αστάθειας που μπορεί να λειτουργήσει ως αιτία για μεμονωμένα αιτήματα ασύλου, χωρίς ωστόσο να υποδηλώνει άμεση ή μαζική μεταναστευτική ροή.",,,[],[],"[""UN""]",[],Humanitarian,0.9
490,2026-05-07,Egypt,Mada Masr English,"A ‘cautious’ rekindling of Syria-Egypt relations amid economic challenges, regional upheaval",2,"[MACRO INFO] Η είδηση αφορά την επαναπροσέγγιση των σχέσεων μεταξύ Συρίας και Αιγύπτου, με φόντο οικονομικές προκλήσεις και περιφερειακή αστάθεια. Πρόκειται για μακροπολιτική εξέλιξη χωρίς άμεση αναφορά σε μεταναστευτικές ροές.",,,"[""Syria"", ""Egypt""]",[],[],[],Policy Change,0.9
491,2026-05-07,Egypt,Mada Masr English,Future of Egypt authority push to consolidate monopoly over rice exports,2,"[MACRO INFO] Η Αίγυπτος παραχωρεί σε στρατιωτικά ελεγχόμενη αρχή το μονοπώλιο στις εξαγωγές ρυζιού, μια απόφαση που αποτελεί εσωτερική οικονομική πολιτική και μπορεί μακροπρόθεσμα να επηρεάσει την οικονομική σταθερότητα.",,,"[""Egypt""]",[],"[""Future of Egypt authority""]",[],Policy Change,0.9
495,2026-05-07,Egypt,Egyptian Streets,"Egypt Condemns Drone, Missile Attacks on UAE, Warns of Regional Escalation",2,"[MACRO INFO] Η Αίγυπτος καταδικάζει τις επιθέσεις με drones και πυραύλους στα ΗΑΕ, προειδοποιώντας για επικίνδυνη περιφερειακή κλιμάκωση στην περιοχή του Κόλπου, γεγονός που υποδηλώνει γενική αστάθεια.",,,"[""Egypt"", ""UAE""]",[],[],"[""Gulf region""]",Humanitarian,0.9
496,2026-05-07,Egypt,Egyptian Streets,Egypt Raises Natural Gas Prices for Energy-Intensive Industries Starting May,2,"[MACRO INFO] Η Αίγυπτος αυξάνει τις τιμές του φυσικού αερίου για τις ενεργοβόρες βιομηχανίες, μια οικονομική κίνηση που δύναται να επηρεάσει τη γενικότερη μακροοικονομική σταθερότητα της χώρας.",,,"[""Egypt""]",[],[],[],Economic Migration,0.9
497,2026-05-07,Cross_Regional,BBC Arabic,"ترامب يتوقع نهاية سريعة للحرب مع إيران، وإسرائيل تعلن استعدادها ""لكل الاحتمالات""",2,"[MACRO INFO] Οι δηλώσεις για την πιθανή σύγκρουση με το Ιράν και την ετοιμότητα του Ισραήλ υποδηλώνουν γενική γεωπολιτική αστάθεια, χωρίς άμεση αναφορά σε μεταναστευτικές ροές.",,,"[""Iran"", ""Israel""]","[""Trump""]",[],[],Humanitarian,0.9
498,2026-05-07,Cross_Regional,BBC Arabic,لماذا تأزمت علاقات الإمارات مع بعض الدول العربية؟,2,"[MACRO INFO] Οι εντάσεις στις σχέσεις των ΗΑΕ με διάφορες αραβικές χώρες υποδεικνύουν γενική πολιτική αστάθεια στην ευρύτερη περιοχή της Μέσης Ανατολής και της Βόρειας Αφρικής, χωρίς άμεση αναφορά σε μεταναστευτικές ροές.",,,"[""United Arab Emirates""]",[],[],"[""Middle East and North Africa""]",Other,0.9
500,2026-05-07,Cross_Regional,BBC Arabic,"""حرب ترامب لم تحقق الكثير لإبطاء قدرات إيران النووية"" - مقال في الإندبندنت",2,"[MACRO INFO] Το άρθρο αναφέρεται στην πυρηνική δραστηριότητα του Ιράν, τις επιπτώσεις των πολιτικών πιέσεων στην περιοχή και τις τιμές του πετρελαίου, καθώς και σε μια επικείμενη διεθνή σύνοδο, χωρίς άμεση αναφορά σε μεταναστευτικές ροές.",,,"[""Iran""]","[""Trump""]","[""The Independent""]",[],Other,0.9
504,2026-05-07,Cross_Regional,Al Jazeera,Photo shows Israeli soldier desecrating Virgin Mary statue in Lebanon,2,"[MACRO INFO] Φωτογραφία που δείχνει Ισραηλινό στρατιώτη να βεβηλώνει άγαλμα της Παναγίας στον Λίβανο ενδέχεται να αυξήσει τις εντάσεις στην περιοχή, αποτελώντας ένδειξη γενικής αστάθειας χωρίς άμεση σύνδεση με μεταναστευτικές ροές.",,,"[""Israel"", ""Lebanon""]",[],[],[],Other,0.9
505,2026-05-07,Cross_Regional,Middle East Eye,"Around 1,600 vessels still stranded near Hormuz Strait",2,"[MACRO INFO] Η είδηση αφορά την προσάραξη πλοίων και επιθέσεις στο Στενό του Ορμούζ, ενδεικτικό περιφερειακής αστάθειας. Δεν υπάρχει άμεση σύνδεση με μεταναστευτικές ροές προς την Κύπρο ή την Ανατολική Μεσόγειο.",,,"[""Cyprus""]",[],[],"[""Strait of Hormuz"", ""Eastern Mediterranean""]",Other,0.9
506,2026-05-07,Cross_Regional,Middle East Eye,From Kabul to Tehran: How US diplomacy turned transactional,2,"[MACRO INFO] Η είδηση αναλύει την αμερικανική διπλωματία στο Αφγανιστάν και το Ιράν, υποδηλώνοντας πιθανές αλλαγές στην ισορροπία δυνάμεων και τη γενική περιφερειακή αστάβεια.",,,"[""United States"", ""Afghanistan"", ""Iran""]",[],[],"[""Kabul"", ""Tehran""]",Policy Change,0.9
509,2026-05-07,Cross_Regional,Middle East Eye,Outrage after Ben Gvir posts video glorifying executing Palestinian detainees,2,[MACRO INFO] Η ενέργεια του Ισραηλινού Υπουργού Εθνικής Ασφάλειας να δημοσιεύσει βίντεο που εξυμνεί εκτελέσεις Παλαιστινίων κρατουμένων προκαλεί κατακραυγή και αυξάνει την πολιτική αστάθεια στην περιοχή.,,,"[""Israel""]","[""Ben Gvir""]",[],"[""Palestinian territories""]",Humanitarian,0.9
513,2026-05-07,Cross_Regional,Al Monitor,Tokyo leads Asia stock surge on growing Mideast peace hopes,2,"[MACRO INFO] Η είδηση αναφέρει την άνοδο των χρηματιστηρίων και την πτώση των τιμών πετρελαίου λόγω αισιοδοξίας για το τέλος της σύγκρουσης στο Ιράν και την επαναλειτουργία των Στενών του Ορμούζ, εξελίξεις που αφορούν τη γενική σταθερότητα στη Μέση Ανατολή.",,,"[""Iran""]",[],[],"[""Tokyo"", ""Asia"", ""Middle East"", ""Strait of Hormuz""]",Other,0.9
534,2026-05-07,Turkiye,Evrensel,Tarım yazarı Ali Ekber Yıldırım uyardı: “Meyve ve sebzelerde fiyat artışı olacak”,2,[MACRO INFO] Αναμένονται αυξήσεις στις τιμές φρούτων και λαχανικών στην Τουρκία λόγω δυσμενών καιρικών συνθηκών. Το γεγονός υποδηλώνει οικονομική αστάθεια στη χώρα.,,,"[""Turkey""]","[""Ali Ekber Yıldırım""]",[],[],Economic Migration,0.9
539,2026-05-07,Turkiye,Turkish Minute,"26 women killed by men, 23 died under suspicious circumstances in Turkey in April",2,[MACRO INFO] Η αναφορά σε 26 γυναικοκτονίες και 23 ύποπτους θανάτους γυναικών στην Τουρκία τον Απρίλιο αναδεικνύει σοβαρά ζητήματα κοινωνικής αστάθειας και ασφάλειας.,,,"[""Turkey""]",[],[],[],Humanitarian,0.9
552,2026-05-07,Cross_Regional,Al Jazeera,French warship moves towards Hormuz for possible defensive mission,2,"[MACRO INFO] Πολεμικό πλοίο στον Ορμούζ και διπλωματικές προσπάθειες για την αντιμετώπιση εντάσεων Ιράν-ΗΠΑ, υποδηλώνοντας γενική αστάθεια στην περιοχή.",,,"[""France"", ""Iran"", ""USA""]",[],[],"[""Hormuz""]",Other,0.95
553,2026-05-07,Cross_Regional,Al Jazeera,The Gaza journalist killed on the day his daughter was born,2,"[MACRO INFO] Δημοσιογράφος σκοτώθηκε στη Γάζα από ισραηλινή επίθεση την ημέρα της γέννησης της κόρης του, αναδεικνύοντας τη συνεχιζόμενη αστάθεια στην περιοχή.",,,"[""Israel""]",[],[],"[""Gaza""]",Humanitarian,0.9
556,2026-05-07,Cross_Regional,Middle East Eye,Hamas official confirms killing of leader’s son in Gaza City,2,"[MACRO INFO] Επιβεβαιώθηκε η δολοφονία του γιου ηγέτη της Χαμάς από ισραηλινή αεροπορική επιδρομή στη Γάζα, γεγονός που υπογραμμίζει τη συνεχιζόμενη ένταση της σύγκρουσης στην περιοχή.",,,"[""Israel""]",[],"[""Hamas""]","[""Gaza City"", ""Gaza""]",Humanitarian,0.9
558,2026-05-07,Cross_Regional,Middle East Eye,"Hamas leader's son dies of wounds sustained in Israeli strike on Gaza, report says",2,"[MACRO INFO] Ο θάνατος του γιου ηγέτη της Χαμάς σε ισραηλινή επίθεση στη Γάζα αποτελεί μέρος της συνεχιζόμενης σύγκρουσης, συμβάλλοντας στη γενική αστάθεια της περιοχής.",,,"[""Israel""]",[],"[""Hamas""]","[""Gaza""]",Humanitarian,0.9
560,2026-05-07,Cross_Regional,Middle East Eye,"Saudi Arabia, Kuwait cut US base, airspace access, forcing pause of Trump's 'Project Freedom'",2,"[MACRO INFO] Η Σαουδική Αραβία και το Κουβέιτ ανέστειλαν την πρόσβαση των ΗΠΑ σε βάσεις και εναέριο χώρο, παγώνοντας ένα σχέδιο στην περιοχή. Πρόκειται για μια γεωπολιτική εξέλιξη χωρίς άμεση αναφορά σε πρόσφυγες ή μετανάστες.",,,"[""Saudi Arabia"", ""Kuwait"", ""United States""]","[""Donald Trump""]",[],[],Policy Change,0.9
562,2026-05-07,Cross_Regional,Al Monitor,Israeli attack kills son of Hamas leader negotiating with Trump-led board,2,"[MACRO INFO] Ισραηλινή επίθεση στη Γάζα σκοτώνει τον γιο του επικεφαλής διαπραγματευτή της Χαμάς. Το περιστατικό αποτελεί ένδειξη συνεχιζόμενης αστάθειας στην περιοχή, η οποία μπορεί μακροπρόθεσμα να επηρεάσει τις μεταναστευτικές ροές.",,,"[""Israel""]","[""Trump""]","[""Hamas""]","[""Gaza""]",Humanitarian,0.9
416,2026-05-06,Syria,North Press Agency,Families of detainees block M4 in Syria’s Hasakah demanding releases,2,"[MACRO INFO] Τοπική αναταραχή στη Χασάκα της Συρίας, όπου οικογένειες κρατουμένων μπλοκάρουν την εθνική οδό M4, υποδηλώνοντας συνεχιζόμενη αστάθεια στη χώρα.",,,"[""Syria""]",[],[],"[""Hasakah""]",Humanitarian,0.9
417,2026-05-06,Syria,North Press Agency,HRW urges EU to tie Syria engagement to human rights progress,2,"[MACRO INFO] Η HRW προτρέπει την ΕΕ να συνδέσει τη συνεργασία με τη Συρία με την πρόοδο στα ανθρώπινα δικαιώματα, κάτι που αφορά τη γενική πολιτική σταθερότητα της χώρας.",,,"[""Syria""]",[],"[""HRW"", ""EU""]",[],Policy Change,0.9
420,2026-05-06,Syria,Enab Baladi,Finance Issues Tax Exemption Rules for Damaged Facilities,2,"[MACRO INFO] Το Υπουργείο Οικονομικών της Συρίας θεσπίζει φοροαπαλλαγές για κατεστραμμένες εγκαταστάσεις, μία πολιτική κίνηση που αφορά την οικονομική ανάκαμψη σε περιοχές που επλήγησαν από συγκρούσεις.",,,"[""Syria""]",[],"[""Ministry of Finance of Syria""]",[],Policy Change,0.95
421,2026-05-06,Syria,Enab Baladi,Eagle Hills Studies $50 Billion Syria Projects,2,"[MACRO INFO] Μεγάλα επενδυτικά σχέδια αστικής ανάπτυξης στη Συρία, τα οποία ενδέχεται να επηρεάσουν μακροπρόθεσμα τις οικονομικές συνθήκες της χώρας.",,,"[""Syria""]",[],"[""Eagle Hills""]",[],Economic Migration,0.9
422,2026-05-06,Syria,Enab Baladi,"Syria, Jordan, Lebanon Agree on Gas Exchange",2,"[MACRO INFO] Συμφωνία ανταλλαγής φυσικού αερίου μεταξύ Συρίας, Ιορδανίας και Λιβάνου, γεγονός που θα μπορούσε να συμβάλει στη μακροπρόθεσμη περιφερειακή σταθερότητα.",,,"[""Syria"", ""Jordan"", ""Lebanon""]",[],[],[],Policy Change,0.9
424,2026-05-06,Syria,Enab Baladi,Syrian Bar Association to Represent Victims’ and Detainees’ Families,2,"[MACRO INFO] Η Συριακή Δικηγορική Ένωση σχημάτισε επιτροπή για την εκπροσώπηση οικογενειών θυμάτων και κρατουμένων, γεγονός που συνιστά εσωτερική νομική εξέλιξη στη Συρία. Δεν συνδέεται άμεσα με μεταναστευτικές ροές.",,,"[""Syria""]",[],"[""Syrian Bar Association""]",[],Policy Change,0.9
425,2026-05-06,Syria,Syria Direct,Syria bids farewell to its “Kingdom of Silence” — but warnings remain over a “trap” in comparing press freedom with the Assad era,2,"[MACRO INFO] Η είδηση αναλύει την κατάσταση της ελευθερίας του Τύπου στη Συρία και τους κινδύνους για τους δημοσιογράφους, υποδεικνύοντας γενική αστάθεια και καταστολή στη χώρα.",,,"[""Syria""]","[""Assad""]",[],[],Humanitarian,0.9
426,2026-05-06,Syria,Syria Direct,Suwayda’s students caught up in the struggle with Damascus,2,"[MACRO INFO] Η είδηση περιγράφει μια διαμάχη μεταξύ εκπαιδευτικών αρχών της Suwayda και της Δαμασκού για την αναγνώριση πτυχίων, υποδεικνύοντας εσωτερική αστάθεια στη Συρία που μπορεί να επηρεάσει την κοινωνική συνοχή.",,,"[""Syria""]",[],[],"[""Suwayda"", ""Damascus""]",Policy Change,0.9
427,2026-05-06,Syria,Syria Direct,"Syrian Jews and allies seek a place in the country’s future, divided over Israel",2,[MACRO INFO] Η είδηση αναφέρεται σε εσωτερικές πολιτικές διαφωνίες μεταξύ Εβραίων της Συρίας και της διασποράς σχετικά με το μέλλον τους στη χώρα και τον ρόλο του Ισραήλ.,,,"[""Syria"", ""Israel""]",[],[],[],Policy Change,0.95
430,2026-05-06,Lebanon,Daraj,“الاجتماع الأخير”: جنرال روسي طلب من نظام الأسد 37 مليون دولار أميركي “كاش” وفوراً!,2,[MACRO INFO] Αφορά ρωσικές οικονομικές απαιτήσεις από το καθεστώς Άσαντ και μια γεωπολιτική συμφωνία για την ενίσχυση της ρωσικής επιρροής στη Συρία.,,,"[""Russia"", ""Syria""]",[],"[""Assad regime""]",[],Other,0.9
431,2026-05-06,Lebanon,Daraj,زرقاوي الشيعة وجزار بغداد… عن “أبو درع” العائد إلى الواجهة!,2,"[MACRO INFO] Η επανεμφάνιση του «Αμπού Ντεράα», προσώπου συνδεδεμένου με θρησκευτική βία, στην πολιτική/αστυνομική σκηνή της Βαγδάτης υποδηλώνει εσωτερική αστάθεια στο Ιράκ, χωρίς άμεση σύνδεση με μεταναστευτικές ροές.",,,"[""Iraq""]","[""Abu Deraa""]",[],"[""Baghdad""]",Other,0.9
434,2026-05-06,Turkiye,Evrensel,"Tarımda destek–vergi dengesi tartışması: “Çiftçi desteklenmiyor, devleti destekliyor”",2,"[MACRO INFO] Εσωτερική συζήτηση στην Τουρκία για την οικονομική επιβάρυνση των αγροτών, καθώς οι φόροι στο πετρέλαιο υπερβαίνουν τις επιδοτήσεις. Αυτό υποδεικνύει πιθανή οικονομική δυσπραγία στον αγροτικό τομέα.",,,"[""Turkey""]",[],[],[],Economic Migration,0.95
437,2026-05-06,Turkiye,Turkish Minute,"ECtHR reverses earlier ruling, finds Turkey violated rights of man convicted over alleged Gülen links",2,[MACRO INFO] Το ΕΔΔΑ έκρινε ότι η Τουρκία παραβίασε τα δικαιώματα ενός ατόμου που καταδικάστηκε για φερόμενους δεσμούς με το κίνημα Γκιουλέν. Η απόφαση αποτελεί δείκτη της κατάστασης των ανθρωπίνων δικαιωμάτων στην Τουρκία.,,,"[""Turkey""]","[""Gülen""]","[""ECtHR""]",[],Humanitarian,0.9
438,2026-05-06,Turkiye,Turkish Minute,Turkish police detain 25 over alleged links to Gülen movement,2,"[MACRO INFO] Η τουρκική αστυνομία συνέλαβε 25 άτομα σε έξι επαρχίες ως μέρος της καταστολής κατά του κινήματος Γκιουλέν, γεγονός που υποδεικνύει συνεχιζόμενη πολιτική αστάθεια εντός της Τουρκίας.",,,"[""Turkey""]","[""Gülen""]","[""Gülen movement""]",[],Humanitarian,0.9
441,2026-05-06,Egypt,Mada Masr English,Future of Egypt authority push to consolidate monopoly over rice exports,2,"[MACRO INFO] Η Αίγυπτος παραχωρεί μονοπώλιο στις εξαγωγές ρυζιού σε στρατιωτικά ελεγχόμενο οργανισμό, μια οικονομική πολιτική που μπορεί να επηρεάσει την εσωτερική σταθερότητα της χώρας μακροπρόθεσμα.",,,"[""Egypt""]",[],"[""Future of Egypt authority""]",[],Policy Change,0.9
446,2026-05-06,Egypt,Egyptian Streets,"Egypt Condemns Drone, Missile Attacks on UAE, Warns of Regional Escalation",2,"[MACRO INFO] Η είδηση αφορά επιθέσεις με drones στα Ηνωμένα Αραβικά Εμιράτα και την προειδοποίηση της Αιγύπτου για επικίνδυνη περιφερειακή κλιμάκωση στον Αραβικό Κόλπο, χωρίς άμεση αναφορά σε προσφυγικές/μεταναστευτικές ροές.",,,"[""Egypt"", ""United Arab Emirates""]",[],[],"[""Arabian Gulf""]",Other,0.9
447,2026-05-06,Egypt,Egyptian Streets,Egypt Raises Natural Gas Prices for Energy-Intensive Industries Starting May,2,"[MACRO INFO] Η Αίγυπτος αυξάνει τις τιμές φυσικού αερίου για τη βιομηχανία, προσθέτοντας στην οικονομική πίεση μετά και τις προηγούμενες αυξήσεις καυσίμων, εν μέσω περιφερειακών εντάσεων.",,,"[""Egypt""]",[],[],[],Economic Migration,0.9
448,2026-05-06,Egypt,Egyptian Streets,Egypt’s Gold Boom Makes Fakes Harder to Spot,2,"[MACRO INFO] Η είδηση αναφέρεται στην οικονομική αστάθεια στην Αίγυπτο, με την άνοδο των τιμών του χρυσού και τον πληθωρισμό, καταστάσεις που δυνητικά μπορούν να εντείνουν τις μεταναστευτικές πιέσεις μακροπρόθεσμα.",,,"[""Egypt""]",[],[],[],Economic Migration,0.9
450,2026-05-06,Cross_Regional,BBC Arabic,"تعليق ""مشروع الحرية"" في مضيق هرمز: ماذا نعرف عنه؟",2,"[MACRO INFO] Η είδηση αφορά την πιθανή επανέναρξη εχθροπραξιών στον Πορθμό του Ορμούζ, γεγονός που συνιστά γεωπολιτική αστάθεια, αλλά χωρίς άμεση σύνδεση με μεταναστευτικές ροές προς την Κύπρο ή την Αν. Μεσόγειο.",,,"[""Cyprus""]",[],"[""Freedom Project""]","[""Strait of Hormuz"", ""Eastern Mediterranean""]",Other,0.9
451,2026-05-06,Cross_Regional,BBC Arabic,ماذا فعلت الحرب بمعالم إيران التاريخية والثقافية؟,2,"[MACRO INFO] Η είδηση αναφέρεται στις ζημιές στην πολιτιστική κληρονομιά του Ιράν λόγω του πολέμου ΗΠΑ-Ισραήλ, υποδηλώνοντας γενική αστάθεια στην περιοχή.",,,"[""Iran"", ""USA"", ""Israel""]",[],[],[],Humanitarian,0.9
459,2026-05-06,Cross_Regional,Middle East Eye,Morning update,2,"[MACRO INFO] Η ενημέρωση αναφέρει διπλωματικές εξελίξεις και αυξημένες εντάσεις στην περιοχή της Μέσης Ανατολής, με αναφορές σε στρατιωτική δραστηριότητα στον Λίβανο και οικονομική πίεση. Αυτά αποτελούν παράγοντες γενικής αστάθειας χωρίς άμεση σύνδεση με μεταναστευτικές ροές.",,,"[""Lebanon""]",[],[],"[""Middle East""]",Other,0.95
460,2026-05-06,Cross_Regional,Al Monitor,UAE denies involvement in Sudan airport attack,2,"[MACRO INFO] Η άρνηση των ΗΑΕ για εμπλοκή σε επίθεση στο αεροδρόμιο του Χαρτούμ αναδεικνύει τον συνεχιζόμενο, καταστροφικό εμφύλιο πόλεμο στο Σουδάν. Αυτή η γενικευμένη αστάθεια αποτελεί έναν μακροοικονομικό παράγοντα κινδύνου για μελλοντικές μεταναστευτικές ροές.",,,"[""UAE"", ""Sudan""]",[],[],"[""Khartoum""]",Refugee Flow,0.9
463,2026-05-06,Cross_Regional,Al Monitor,War in the Middle East: latest developments,2,"[MACRO INFO] Η Κίνα καλεί σε τερματισμό των εχθροπραξιών στη Μέση Ανατολή και άνοιγμα του Στενού του Ορμούζ, υποδεικνύοντας γενική πολιτική αστάθεια στην ευρύτερη περιοχή.",,,"[""China""]",[],[],"[""Middle East"", ""Strait of Hormuz""]",Humanitarian,0.9
363,2026-05-05,Syria,North Press Agency,No serious Turkish steps toward peace one year on – PKK,2,[MACRO INFO] Η δήλωση του PKK για την έλλειψη σοβαρών τουρκικών βημάτων προς την ειρήνη υποδηλώνει συνεχιζόμενη πολιτική αστάθεια στην ευρύτερη περιοχή της Ανατολικής Μεσογείου.,,,"[""Turkey""]",[],"[""PKK""]","[""Eastern Mediterranean""]",Other,0.9
364,2026-05-05,Syria,North Press Agency,Child injured by unexploded ordnance blast in Deir ez-Zor,2,"[MACRO INFO] Ένα παιδί τραυματίστηκε στη Deir ez-Zor της Συρίας από την έκρηξη πολεμικού απομειναριού, υπογραμμίζοντας τη συνεχιζόμενη αστάθεια στην περιοχή.",,,"[""Syria""]",[],[],"[""Deir ez-Zor""]",Humanitarian,0.95
367,2026-05-05,Syria,Enab Baladi,Syria’s Central Bank Allows Banks to Work with Global Payment Companies,2,"[MACRO INFO] Η κεντρική τράπεζα της Συρίας επιτρέπει στις τράπεζες να συνεργάζονται με διεθνείς εταιρείες πληρωμών, μια μακροοικονομική εξέλιξη χωρίς άμεση σύνδεση με μεταναστευτικές ροές.",,,"[""Syria""]",[],"[""Syria’s Central Bank""]",[],Policy Change,0.9
368,2026-05-05,Syria,Enab Baladi,Suwayda: Injuries in Clash between “Interior Ministry” and Local Factions,2,"[MACRO INFO] Συγκρούσεις στην πόλη Suwayda της Συρίας μεταξύ κυβερνητικών δυνάμεων και τοπικών φατριών προκάλεσαν τραυματισμούς, υποδεικνύοντας συνεχιζόμενη εσωτερική αστάθεια στη χώρα.",,,"[""Syria""]",[],"[""Interior Ministry""]","[""Suwayda""]",Humanitarian,0.9
370,2026-05-05,Syria,Enab Baladi,Poverty Reshapes Belonging in Syria,2,"[MACRO INFO] Η είδηση αναφέρεται στην έντονη φτώχεια και οικονομική αστάθεια στη Συρία, γεγονότα που αποτελούν σημαντικούς μακροοικονομικούς παράγοντες που μπορούν να οδηγήσουν σε μελλοντικές μεταναστευτικές ροές.",,,"[""Syria""]",[],[],[],Economic Migration,0.9
372,2026-05-05,Syria,Syria Direct,Syria bids farewell to its “Kingdom of Silence” — but warnings remain over a “trap” in comparing press freedom with the Assad era,2,"[MACRO INFO] Η είδηση αναφέρεται στην ελευθερία του τύπου στη Συρία και τους κινδύνους που αντιμετωπίζουν οι δημοσιογράφοι, υποδεικνύοντας συνεχιζόμενη πολιτική αστάθεια εντός της χώρας.",,,"[""Syria""]","[""Assad""]",[],[],Humanitarian,0.9
373,2026-05-05,Syria,Syria Direct,Suwayda’s students caught up in the struggle with Damascus,2,"[MACRO INFO] Η είδηση αφορά μια πολιτική διένεξη στη Suwayda της Συρίας σχετικά με την αναγνώριση εκπαιδευτικών τίτλων, υποδηλώνοντας εσωτερική αστάθεια χωρίς άμεσες αναφορές σε μεταναστευτικές ροές.",,,"[""Syria""]",[],[],"[""Suwayda"", ""Damascus""]",Policy Change,0.9
375,2026-05-05,Syria,Syria Direct,Reconstruction plan for eastern Damascus neighborhoods alarms residents,2,"[MACRO INFO] Σχέδιο ανοικοδόμησης στην ανατολική Δαμασκό προκαλεί ανησυχία και οργή στους κατοίκους, οι οποίοι το θεωρούν απαλλοτρίωση και κλοπή της περιουσίας τους.",,,"[""Syria""]",[],[],"[""Damascus"", ""eastern Damascus""]",Policy Change,0.9
377,2026-05-05,Lebanon,Daraj,زرقاوي الشيعة وجزار بغداد… عن “أبو درع” العائد إلى الواجهة!,2,"[MACRO INFO] Η είδηση αναφέρεται στην επανεμφάνιση ενός διαβόητου προσώπου στην πολιτικο-αστυνομική σκηνή της Βαγδάτης, σηματοδοτώντας εσωτερικές εξελίξεις ασφαλείας στο Ιράκ.",,,"[""Iraq""]","[""Abu Deraa""]",[],"[""Baghdad""]",Humanitarian,0.9
380,2026-05-05,Lebanon,Daraj,لبنان وسياسته الخارجية: تبديد المجتمع باسم الراديكالية,2,"[MACRO INFO] Το κείμενο αναλύει την εξωτερική πολιτική του Λιβάνου και τις επιπτώσεις του ριζοσπαστισμού στην κοινωνία, υποδηλώνοντας γενική πολιτική αστάθεια που θα μπορούσε να επηρεάσει έμμεσα τις μεταναστευτικές ροές.",,,"[""Lebanon""]",[],[],[],Policy Change,0.9
386,2026-05-05,Turkiye,Evrensel,Prof. Dr. Yusuf Kurucu: Gediz içme suyu olarak kullanılamaz; hayvanlara verilmesi de mümkün değil,2,"[MACRO INFO] Εκτεταμένη ρύπανση στον ποταμό Gediz της Τουρκίας καθιστά το νερό ακατάλληλο για κατανάλωση, υποδεικνύοντας περιβαλλοντική υποβάθμιση με πιθανές μακροπρόθεσμες κοινωνικοοικονομικές επιπτώσεις.",,,"[""Turkey""]","[""Yusuf Kurucu""]",[],"[""Gediz""]",Humanitarian,0.9
388,2026-05-05,Turkiye,Turkish Minute,Far-right Turkish leader praises Kurdish Amedspor in striking shift amid peace efforts,2,"[MACRO INFO] Ειδήσεις σχετικά με πολιτική μετατόπιση στην Τουρκία και προσπάθειες ειρήνης, χωρίς άμεση αναφορά σε προσφυγικές ροές ή μεταναστευτικές πολιτικές.",,,"[""Turkey""]",[],"[""Amedspor""]","[""Amed""]",Policy Change,0.9
389,2026-05-05,Turkiye,Turkish Minute,Turkey’s ultra-wealthy population nearly doubles as income gap widens,2,"[MACRO INFO] Η είδηση αναφέρεται στη διεύρυνση του χάσματος εισοδήματος στην Τουρκία και τον πληθωρισμό που μειώνει την αγοραστική δύναμη, γεγονότα που αποτελούν δείκτες γενικής οικονομικής αστάθειας στη χώρα.",,,"[""Turkey""]",[],[],[],Economic Migration,0.9
390,2026-05-05,Turkiye,Turkish Minute,"Turkey’s media crackdown deepens with 13 journalist detentions in Q1, report finds",2,"[MACRO INFO] Μια έκθεση καταγράφει την κράτηση 13 δημοσιογράφων στην Τουρκία το πρώτο τρίμηνο του 2026, υποδηλώνοντας κλιμάκωση της καταστολής στα μέσα ενημέρωσης, παράγοντα που συνεισφέρει στη γενική αστάθεια της περιοχής.",,,"[""Turkey""]",[],[],[],Humanitarian,0.9
392,2026-05-05,Egypt,Mada Masr English,Future of Egypt authority push to consolidate monopoly over rice exports,2,"[MACRO INFO] Η είδηση αναφέρεται στην απόφαση της Αιγύπτου να θεσπίσει μονοπώλιο στις εξαγωγές ρυζιού, αφορώντας μια εσωτερική οικονομική πολιτική. Αυτή η εξέλιξη μπορεί μακροπρόθεσμα να επηρεάσει την οικονομική σταθερότητα της χώρας, χωρίς άμεση αναφορά σε μεταναστευτικές ροές.",,,"[""Egypt""]",[],[],[],Policy Change,0.9
396,2026-05-05,Egypt,Mada Masr English,"From debt we came, to debt we shall return: New borrowing makes up half of resources in govt’s draft budget",2,"[MACRO INFO] Η Αίγυπτος αντιμετωπίζει σοβαρή οικονομική αστάθεια, καθώς το προσχέδιο του προϋπολογισμού της βασίζεται κατά το ήμισυ σε νέο δανεισμό και το 64% των δαπανών αφορά την εξυπηρέτηση χρέους. Αυτή η κατάσταση συνιστά γενικό κίνδυνο αστάθειας στην ευρύτερη περιοχή.",,,"[""Egypt""]",[],[],[],Economic Migration,0.9
397,2026-05-05,Egypt,Egyptian Streets,"Egypt Condemns Drone, Missile Attacks on UAE, Warns of Regional Escalation",2,"[MACRO INFO] Η Αίγυπτος καταδικάζει τις επιθέσεις σε βάρος των ΗΑΕ, προειδοποιώντας για επικίνδυνη κλιμάκωση στην περιοχή του Κόλπου που συνδέεται με τη γενικότερη αστάθεια ΗΠΑ-Ισραήλ-Ιράν. Η είδηση αφορά γενική γεωπολιτική αστάθεια χωρίς άμεσες αναφορές σε μεταναστευτικές ροές.",,,"[""Egypt"", ""UAE"", ""USA"", ""Israel"", ""Iran""]",[],[],"[""Gulf Region""]",Other,0.9
399,2026-05-05,Egypt,Egyptian Streets,Egypt’s Gold Boom Makes Fakes Harder to Spot,2,"[MACRO INFO] Το άρθρο περιγράφει την οικονομική αστάθεια στην Αίγυπτο, με αυξημένο πληθωρισμό και υποτίμηση του νομίσματος, παράγοντες που μακροπρόθεσμα θα μπορούσαν να επηρεάσουν την κινητικότητα πληθυσμών.",,,"[""Egypt""]",[],[],[],Economic Migration,0.9
401,2026-05-05,Egypt,Egyptian Streets,Egypt Reaffirms Support for Syria’s Sovereignty in Cairo Talks with New Post-Assad Leadership,2,"[MACRO INFO] Η είδηση αφορά διπλωματικές συζητήσεις μεταξύ Αιγύπτου και Συρίας για την υποστήριξη της κυριαρχίας και σταθερότητας της Συρίας, χωρίς άμεση αναφορά σε μεταναστευτικές ροές ή πληθυσμιακές μετακινήσεις.",,,"[""Egypt"", ""Syria""]","[""Assad""]",[],"[""Cairo""]",Policy Change,0.9
403,2026-05-05,Cross_Regional,BBC Arabic,هجمات الإمارات: هل بات وقف إطلاق النار الهش في خطر؟,2,"[MACRO INFO] Η είδηση αφορά επιθέσεις και αυξημένη ένταση στα Ηνωμένα Αραβικά Εμιράτα και τον Κόλπο, γεγονός που συνιστά γενική περιφερειακή αστάθεια στη Μέση Ανατολή. Ο κίνδυνος άμεσων μεταναστευτικών ροών προς την Κύπρο από αυτή την περιοχή είναι ελάχιστος.",,,"[""United Arab Emirates"", ""Cyprus""]",[],[],"[""The Gulf"", ""Middle East""]",Refugee Flow,0.9
407,2026-05-05,Cross_Regional,Al Jazeera,Russian air attacks kill five at Ukraine’s Naftogaz gas facilities,2,"[MACRO INFO] Ρωσικές αεροπορικές επιθέσεις στην Ουκρανία προκαλούν απώλειες και ζημιές σε ενεργειακές υποδομές. Το γεγονός συνιστά γεωπολιτική αστάθεια, αλλά έχει πολύ έμμεσο και μη άμεσο αντίκτυπο στις μεταναστευτικές ροές προς την Κύπρο ή την Αν. Μεσόγειο.",,,"[""Russia"", ""Ukraine"", ""Cyprus""]",[],"[""Naftogaz""]","[""Eastern Mediterranean""]",Humanitarian,0.9
409,2026-05-05,Cross_Regional,Middle East Eye,Iran warns 'not even started' in Hormuz,2,"[MACRO INFO] Η είδηση αφορά την κλιμάκωση της έντασης μεταξύ Ιράν και ΗΠΑ στον Κόλπο του Ορμούζ, με προειδοποιήσεις για στρατιωτική σύγκρουση. Αυτή η γεωπολιτική αστάθεια δεν έχει άμεση σύνδεση με μεταναστευτικές ροές προς την Κύπρο, αλλά αποτελεί παράγοντα γενικότερης αναταραχής στην ευρύτερη περιοχή.",,,"[""Iran"", ""USA"", ""Cyprus""]",[],[],"[""Strait of Hormuz""]",Other,0.9
415,2026-05-05,Cross_Regional,Al Monitor,Middle East truce in doubt as US and Iran fight for control of Strait of Hormuz,2,"[MACRO INFO] Αυξημένη ένταση στη Μέση Ανατολή καθώς οι ΗΠΑ και το Ιράν συγκρούονται για τον έλεγχο των Στενών του Ορμούζ, θέτοντας σε κίνδυνο την εκεχειρία.",,,"[""United States"", ""Iran""]",[],[],"[""Middle East"", ""Strait of Hormuz""]",Humanitarian,0.9
257,2026-05-04,Syria,North Press Agency,"Syrian, Egyptian FMs discuss ties in Cairo visit",2,[MACRO INFO] Η συνάντηση των Υπουργών Εξωτερικών Συρίας και Αιγύπτου για τις διμερείς σχέσεις αποτελεί μια γενική πολιτική εξέλιξη στην περιοχή.,,,"[""Syria"", ""Egypt""]",[],[],"[""Cairo""]",Policy Change,0.95
260,2026-05-04,Syria,North Press Agency,"Qamishli dispute resolved, detainee file to clarify this week – Syrian official",2,[MACRO INFO] Επίλυση εσωτερικής διαφωνίας στην Καμισλί της Συρίας σχετικά με φακέλους ενσωμάτωσης και κρατουμένων. Πρόκειται για μια μικρή πολιτική εξέλιξη χωρίς άμεσο αντίκτυπο σε μεταναστευτικές ροές.,,,"[""Syria""]",[],[],"[""Qamishli""]",Policy Change,0.9
261,2026-05-04,Syria,North Press Agency,Students in Syria’s Qamishli demand constitutional recognition of Kurdish language,2,"[MACRO INFO] Φοιτητές στη Συρία ζητούν αναγνώριση της κουρδικής γλώσσας, μια πολιτική απαίτηση που υποδηλώνει εσωτερικές εντάσεις αλλά δεν συνιστά άμεσο κίνδυνο μεταναστευτικών ροών.",,,"[""Syria""]",[],[],"[""Qamishli""]",Policy Change,0.9
262,2026-05-04,Syria,Enab Baladi,"Syria, Jordan Launch Anti-Drug Campaign From Damascus to Suwayda",2,"[MACRO INFO] Συρία και Ιορδανία ξεκίνησαν εκστρατεία κατά των ναρκωτικών, υποδηλώνοντας εσωτερικές επιχειρήσεις ασφαλείας στη Συρία χωρίς άμεση αναφορά σε κινήσεις προσφύγων ή μεταναστών.",,,"[""Syria"", ""Jordan""]",[],[],"[""Damascus"", ""Suwayda""]",Policy Change,0.9
264,2026-05-04,Syria,Enab Baladi,Jordan Targets Drug and Arms Sites in Suwayda,2,"[MACRO INFO] Αεροπορικές επιδρομές της Ιορδανίας στη Συρία εναντίον διακινητών ναρκωτικών και όπλων υποδεικνύουν γενική αστάθεια στην περιοχή, χωρίς άμεση ένδειξη για δημιουργία μεταναστευτικών ροών προς την Κύπρο.",,,"[""Jordan"", ""Syria"", ""Cyprus""]",[],[],"[""Suwayda""]",Border Crisis,0.9
267,2026-05-04,Syria,Syria Direct,Suwayda’s students caught up in the struggle with Damascus,2,"[MACRO INFO] Η διαμάχη μεταξύ της Suwayda και της Δαμασκού σχετικά με την αναγνώριση των εξετάσεων δημιουργεί κοινωνική και πολιτική αστάθεια, επηρεάζοντας χιλιάδες φοιτητές και δυνητικά αυξάνοντας τους μακροπρόθεσμους παράγοντες ώθησης για μετανάστευση.",,,"[""Syria""]",[],[],"[""Suwayda"", ""Damascus""]",Humanitarian,0.9
268,2026-05-04,Syria,Syria Direct,"Syrian Jews and allies seek a place in the country’s future, divided over Israel",2,[MACRO INFO] Η είδηση αφορά εσωτερικές πολιτικές διαιρέσεις μεταξύ Σύρων Εβραίων σχετικά με το μέλλον της Συρίας και τον ρόλο του Ισραήλ. Πρόκειται για μια πολιτική εξέλιξη στη Συρία χωρίς άμεση αναφορά σε πρόσφυγες ή μετανάστες.,,,"[""Syria"", ""Israel""]",[],[],[],Other,0.9
270,2026-05-04,Syria,Syria Direct,"Denied for decades, Syria’s stateless Kurds edge towards recognition",2,"[MACRO INFO] Η έναρξη διαδικασιών χορήγησης ιθαγένειας στους άπατριδες Κούρδους της Συρίας, παρά τις γραφειοκρατικές δυσκολίες, αποτελεί μια πολιτική εξέλιξη που μπορεί να μειώσει τους λόγους μετανάστευσης για την εν λόγω ομάδα, μειώνοντας τον κίνδυνο δημιουργίας νέων ροών.",,,"[""Syria""]",[],[],[],Policy Change,0.9
273,2026-05-04,Lebanon,Daraj,…بل نحن ننزل البيت مرّتين وأكثر,2,"[MACRO INFO] Το κείμενο περιγράφει τον πόνο, τη λύπη και τον φόβο για την απώλεια κατοικιών και την απόρριψη αποφάσεων, υποδεικνύοντας γενική αστάθεια ή δυσαρέσκεια σε έναν πληθυσμό.",,,[],[],[],[],Policy Change,0.9
275,2026-05-04,Lebanon,Daraj,لسنا وحدنا مَن أرسى سلطة “حزب الله”!,2,"[MACRO INFO] Το κείμενο αναφέρεται στην επιρροή της Χεζμπολάχ, υποδηλώνοντας συνεχιζόμενη πολιτική και κοινωνική αστάθεια στον Λίβανο. Αυτή η κατάσταση συνιστά έναν μακροοικονομικό παράγοντα που μπορεί να επηρεάσει μελλοντικές μεταναστευτικές τάσεις.",,,"[""Lebanon""]",[],"[""Hezbollah""]",[],Humanitarian,0.9
281,2026-05-04,Turkiye,Turkish Minute,Main opposition leader accuses Erdoğan of hypocrisy over Turkey’s role in US-backed Gaza board,2,"[MACRO INFO] Πολιτική αντιπαράθεση στην Τουρκία σχετικά με τον ρόλο της κυβέρνησης στην κρίση της Γάζας, χωρίς άμεση αναφορά σε μεταναστευτικές ροές ή πληθυσμιακές μετακινήσεις.",,,"[""Turkey"", ""US""]","[""Erdoğan""]",[],"[""Gaza""]",Other,0.9
283,2026-05-04,Turkiye,Turkish Minute,Turkey releases more than 500 May Day protesters detained in İstanbul,2,"[MACRO INFO] Εσωτερικές διαδηλώσεις και προσωρινές κρατήσεις στην Κωνσταντινούπολη υποδεικνύουν χαμηλό επίπεδο πολιτικής αναταραχής στην Τουρκία, χωρίς άμεση ένδειξη για δημιουργία μεταναστευτικών ροών.",,,"[""Turkey""]",[],[],"[""İstanbul""]",Other,0.9
291,2026-05-04,Cross_Regional,BBC Arabic,"ترامب يعلن عن مناقشات ""إيجابية للغاية"" مع إيران، ويطلق عملية بحرية جديدة في مضيق هرمز باسم ""مشروع الحرية"" وإيران تحذر",2,"[MACRO INFO] Οι ΗΠΑ και το Ιράν διεξάγουν συζητήσεις για την επίλυση σύγκρουσης, ενώ οι ΗΠΑ ξεκινούν νέα ναυτική επιχείρηση στον Πορθμό του Ορμούζ εν μέσω ιρανικών προειδοποιήσεων. Πρόκειται για μακρο-γεωπολιτική εξέλιξη χωρίς άμεση σύνδεση με μεταναστευτικές ροές.",,,"[""USA"", ""Iran""]","[""Trump""]",[],"[""Strait of Hormuz""]",Other,0.9
292,2026-05-04,Cross_Regional,BBC Arabic,"""رسمياً: الإمبراطورية الأمريكية في طور التراجع"" – مقال رأي في نيويورك تايمز",2,"[MACRO INFO] Το άρθρο εκφράζει άποψη για την υποχώρηση της αμερικανικής ισχύος και τις επιπτώσεις πολιτικών που αφορούν το Ιράν, υποδηλώνοντας πιθανή μακροπρόθεσμη γεωπολιτική αστάθεια.",,,"[""United States"", ""Iran""]",[],"[""New York Times""]",[],Policy Change,0.9
302,2026-05-04,Cross_Regional,Middle East Eye,Iran threatens action against US presence in Hormuz,2,"[MACRO INFO] Το Ιράν απειλεί με επίθεση οποιαδήποτε ξένη στρατιωτική δύναμη, ειδικά τις ΗΠΑ, επιχειρήσει να εισέλθει στα Στενά του Ορμούζ χωρίς συντονισμό. Αυτή η κίνηση κλιμακώνει τις γεωπολιτικές εντάσεις στην περιοχή, δημιουργώντας ένα περιβάλλον γενικής αστάθειας.",,,"[""Iran"", ""US""]",[],[],"[""Strait of Hormuz""]",Border Crisis,0.9
303,2026-05-04,Cross_Regional,Middle East Eye,Top diplomats from Iran and Pakistan stress on regional stability,2,"[MACRO INFO] Κορυφαίοι διπλωμάτες από το Ιράν και το Πακιστάν τόνισαν τη σημασία της περιφερειακής σταθερότητας, μια μακροοικονομική πολιτική εξέλιξη χωρίς άμεση αναφορά σε μεταναστευτικές ροές.",,,"[""Iran"", ""Pakistan""]",[],[],[],Policy Change,0.9
304,2026-05-04,Cross_Regional,Al Monitor,NATO's Rutte says Europeans have 'gotten message' from Trump,2,"[MACRO INFO] Η είδηση αφορά τις σχέσεις ΗΠΑ-Ευρώπης και τις στρατιωτικές δαπάνες/συμφωνίες στο πλαίσιο του ΝΑΤΟ, καθώς και την απόσυρση αμερικανικών στρατευμάτων από τη Γερμανία, χωρίς άμεση σύνδεση με μεταναστευτικές ροές.",,,[],[],[],[],Other,0.9
306,2026-05-04,Cross_Regional,Al Monitor,"Europe, Canada leaders hold Yerevan talks in Trump's shadow",2,"[MACRO INFO] Η συνάντηση Ευρωπαίων και Καναδών ηγετών στην Αρμενία αφορά γενικές γεωπολιτικές συζητήσεις για τη Ρωσία και τη Μέση Ανατολή, χωρίς άμεση αναφορά σε μεταναστευτικές ροές ή πληθυσμιακές μετακινήσεις.",,,"[""Canada"", ""Armenia"", ""Russia""]","[""Trump""]",[],"[""Yerevan"", ""Middle East""]",Other,0.9
308,2026-05-04,Cross_Regional,Al Monitor,'No pilgrims': regional war hushes Iraq's holy cities,2,"[MACRO INFO] Η περιφερειακή σύγκρουση έχει οδηγήσει σε σημαντική μείωση του τουρισμού και των προσκυνητών στην ιερή πόλη της Νατζάφ στο Ιράκ, προκαλώντας οικονομικές δυσχέρειες στις τοπικές επιχειρήσεις.",,,"[""Iraq""]",[],[],"[""Najaf""]",Humanitarian,0.9
324,2026-05-04,Lebanon,Daraj,عن حقّ شيعة لبنان بالحزن والألم,2,"[MACRO INFO] Το κείμενο αναφέρεται σε βαθιά θλίψη και πιθανή πολιτική εκμετάλλευση εντός της κοινότητας των Σιιτών του Λιβάνου, υποδηλώνοντας δυνητική εσωτερική αστάθεια.",,,"[""Lebanon""]",[],[],[],Humanitarian,0.9
329,2026-05-04,Turkiye,Evrensel,Memur ve emekli maaşında 4 aylık enflasyon farkı belli oldu,2,[MACRO INFO] Η είδηση αφορά τον υπολογισμό της διαφοράς πληθωρισμού στις μισθοδοσίες των δημοσίων υπαλλήλων και συνταξιούχων στην Τουρκία. Αντικατοπτρίζει τις οικονομικές συνθήκες στη χώρα χωρίς άμεση αναφορά σε μεταναστευτικές ροές.,,,"[""Turkey""]",[],[],[],Economic Migration,0.8
331,2026-05-04,Turkiye,Evrensel,TBMM’ye “kanuni faiz” düzenlemesi teklifi: Enflasyona karşı yeni model önerildi,2,"[MACRO INFO] Η Τουρκία προτείνει νομοθετική ρύθμιση για τα νόμιμα επιτόκια, με στόχο την αντιμετώπιση του πληθωρισμού και την προστασία των πολιτών.",,,"[""Turkey""]",[],"[""TBMM""]",[],Economic Migration,0.9
332,2026-05-04,Turkiye,Evrensel,Enerji faturaları alarm veriyor: Yüz binlerce abonenin elektriği kesildi,2,"[MACRO INFO] Η είδηση αναφέρεται σε διακοπή ηλεκτροδότησης και φυσικού αερίου σε εκατοντάδες χιλιάδες συνδρομητές στην Τουρκία λόγω χρεών, υποδηλώνοντας μακροοικονομική αστάθεια.",,,"[""Turkey""]",[],[],[],Economic Migration,0.9
337,2026-05-04,Turkiye,Turkish Minute,Turkey to repatriate nationals from Gaza aid flotilla intercepted by Israel,2,"[MACRO INFO] Η αναχαίτιση στολίσκου βοήθειας προς τη Γάζα ανοιχτά της Κρήτης αναδεικνύει τις αυξημένες περιφερειακές εντάσεις στην Αν. Μεσόγειο, παράγοντα που θα μπορούσε να επηρεάσει έμμεσα τις μεταναστευτικές ροές.",,,"[""Turkey"", ""Israel""]",[],[],"[""Gaza"", ""Crete"", ""Eastern Mediterranean""]",Humanitarian,0.9
348,2026-05-04,Cross_Regional,BBC Arabic,"شبكة سرّية تُهرّب ""ستارلينك"" إلى إيران لمواجهة قطع الإنترنت",2,"[MACRO INFO] Μια μυστική ομάδα διακινεί συσκευές Starlink στο Ιράν για να αντιμετωπίσει τις διακοπές του διαδικτύου, υποδηλώνοντας εσωτερική αστάθεια και καταστολή.",,,"[""Iran""]",[],[],[],Humanitarian,0.9
353,2026-05-04,Cross_Regional,Middle East Eye,War on Iran has triggered a fundamental crisis of trust in the nuclear non-proliferation treaty,2,"[MACRO INFO] Η είδηση αναφέρεται σε έναν «πόλεμο στο Ιράν» και κρίση εμπιστοσύνης στη συνθήκη μη διάδοσης πυρηνικών όπλων, υποδεικνύοντας γενική γεωπολιτική αστάθεια στην περιοχή. Δεν υπάρχουν άμεσες αναφορές σε προσφυγικές ή μεταναστευτικές ροές.",,,"[""Iran""]",[],[],[],Policy Change,0.9
354,2026-05-04,Cross_Regional,Middle East Eye,Israeli police arrest 21 over sacrifice attempt near Al-Aqsa Mosque,2,"[MACRO INFO] Η ισραηλινή αστυνομία συνέλαβε άτομα που επιχείρησαν τελετουργική θυσία κοντά στο τέμενος Αλ-Άκσα, αναδεικνύοντας θρησκευτικές εντάσεις στην Ιερουσαλήμ.",,,"[""Israel""]",[],"[""Israeli Police""]","[""Jerusalem"", ""Al-Aqsa Mosque""]",Humanitarian,0.9
207,2026-05-03,Syria,North Press Agency,"Gunmen target oil tanker in Deir ez-Zor, spill cargo",2,"[MACRO INFO] Ένοπλοι επιτέθηκαν σε βυτιοφόρο στην Deir ez-Zor της Συρίας, υπογραμμίζοντας τη συνεχιζόμενη αστάθεια που μακροπρόθεσμα μπορεί να επηρεάσει τις συνθήκες στην περιοχή.",,,"[""Syria""]",[],[],"[""Deir ez-Zor""]",Humanitarian,0.9
208,2026-05-03,Syria,North Press Agency,"Jordan strikes drug, weapons sites in Suwayda – Syria state TV",2,"[MACRO INFO] Αεροπορικές επιδρομές στην Συρία υποδηλώνουν συνεχιζόμενη αστάθεια σε χώρα πηγής μεταναστευτικών ροών, χωρίς άμεση αναφορά σε μετακινήσεις πληθυσμών.",,,"[""Jordan"", ""Syria""]",[],[],"[""Suwayda""]",Refugee Flow,0.9
209,2026-05-03,Syria,North Press Agency,Israeli artillery shelling targets sites in Quneitra countryside,2,"[MACRO INFO] Ισραηλινές βομβαρδισμοί πυροβολικού στη νότια Συρία αυξάνουν την περιφερειακή αστάθεια, χωρίς άμεση αναφορά σε μεταναστευτικές ροές.",,,"[""Israel"", ""Syria""]",[],[],"[""Quneitra"", ""Southern Syria""]",Humanitarian,0.9
211,2026-05-03,Syria,Enab Baladi,Jordan Targets Drug and Arms Sites in Suwayda,2,"[MACRO INFO] Ιορδανικά αεροσκάφη έπληξαν στόχους διακινητών ναρκωτικών και όπλων στη Συρία, συμβάλλοντας στην ευρύτερη αστάθεια στην περιοχή χωρίς άμεση αναφορά σε μεταναστευτικές ροές.",,,"[""Jordan"", ""Syria""]",[],[],"[""Suwayda""]",Border Crisis,0.9
213,2026-05-03,Syria,Enab Baladi,First Iraqi Oil Shipment Enters Syria via al-Yarubiyah Crossing,2,"[MACRO INFO] Η πρώτη αποστολή ιρακινού πετρελαίου εισήλθε στη Συρία, γεγονός που αφορά την οικονομική κατάσταση της χώρας και την περιφερειακή σταθερότητα, χωρίς άμεση αναφορά σε μεταναστευτικές ροές.",,,"[""Iraq"", ""Syria""]",[],[],"[""al-Yarubiyah Crossing""]",Economic Migration,0.9
216,2026-05-03,Syria,Syria Direct,Suwayda’s students caught up in the struggle with Damascus,2,"[MACRO INFO] Πολιτική αντιπαράθεση στη Suwayda της Συρίας σχετικά με την αναγνώριση εκπαιδευτικών τίτλων δημιουργεί ανησυχία, υποδεικνύοντας συνεχιζόμενη αστάθεια στην περιοχή.",,,"[""Syria""]",[],[],"[""Suwayda"", ""Damascus""]",Policy Change,0.9
217,2026-05-03,Syria,Syria Direct,"Syrian Jews and allies seek a place in the country’s future, divided over Israel",2,"[MACRO INFO] Η είδηση αφορά εσωτερικές πολιτικές διαφωνίες εντός της κοινότητας των Σύριων Εβραίων σχετικά με το μέλλον τους στη χώρα και τη σχέση με το Ισραήλ, χωρίς άμεση αναφορά σε προσφυγικές ροές.",,,"[""Syria"", ""Israel""]",[],[],[],Other,0.9
224,2026-05-03,Lebanon,Daraj,لسنا وحدنا مَن أرسى سلطة “حزب الله”!,2,"[MACRO INFO] Το κείμενο σχολιάζει την πολιτική επιρροή της Χεζμπολάχ και εσωτερική αστάθεια, υποδηλώνοντας μακρο-παράγοντες κινδύνου στον Λίβανο.",,,"[""Lebanon""]",[],"[""Hezbollah""]",[],Humanitarian,0.9
226,2026-05-03,Turkiye,Evrensel,Maraş'ta okuldaki saldırıda yaralanmıştı: 11 yaşındaki Almina hayatını kaybetti,2,[MACRO INFO] Ο θάνατος ενός 11χρονου μαθητή από επίθεση σε σχολείο στην Maraş της Τουρκίας υποδηλώνει ένα περιστατικό τοπικής ανασφάλειας.,,,"[""Turkey""]","[""Almina""]",[],"[""Maraş""]",Humanitarian,0.9
241,2026-05-03,Cross_Regional,BBC Arabic,ترامب لا يستبعد استئناف الحرب مع إيران، وقلق في الكونغرس من خطة سحب القوات الأمريكية من ألمانيا,2,"[MACRO INFO] Η είδηση αναφέρεται στην πιθανότητα επανέναρξης πολέμου με το Ιράν, παράγοντα μακροοικονομικής αστάθειας, και στην απόσυρση αμερικανικών στρατευμάτων από τη Γερμανία.",,,"[""Iran"", ""USA"", ""Germany""]","[""Trump""]","[""Congress""]",[],Policy Change,0.9
244,2026-05-03,Cross_Regional,BBC Arabic,"""نحن أمام مشهد أشبه بفيلم رعب اقتصادي"" - مقال في الإندبندنت",2,"[MACRO INFO] Η είδηση αναφέρεται σε άρθρο σχετικά με τις οικονομικές επιπτώσεις και τις γεωπολιτικές εντάσεις από τις αποφάσεις του Προέδρου Τραμπ, ιδίως μετά τον ""πόλεμο"" του με το Ιράν, περιγράφοντας μια κατάσταση οικονομικής αβεβαιότητας.",,,"[""Iran""]","[""President Trump""]","[""The Independent""]",[],Policy Change,0.9
245,2026-05-03,Cross_Regional,Al Jazeera,Iran war: What’s happening on day 65 as Trump reviews new plan to end war?,2,"[MACRO INFO] Η είδηση αναφέρεται σε διπλωματικές προσπάθειες για τον τερματισμό ενός πολέμου στο Ιράν, αποτελώντας μια ευρύτερη γεωπολιτική εξέλιξη χωρίς άμεση αναφορά σε μεταναστευτικές ροές.",,,"[""Iran""]","[""Trump""]",[],[],Other,0.9
249,2026-05-03,Cross_Regional,Middle East Eye,CNN: Hezbollah fibre-optic drones pose major challenge,2,"[MACRO INFO] Η Χεζμπολάχ φέρεται να χρησιμοποιεί drones με οπτικές ίνες, δυσκολοεντόπιστα, γεγονός που αυξάνει τις στρατιωτικές προκλήσεις και την αστάθεια στην περιοχή της Ανατολικής Μεσογείου.",,,[],[],"[""Hezbollah""]","[""Eastern Mediterranean""]",Other,0.9
250,2026-05-03,Cross_Regional,Middle East Eye,"Iraq oil exports could resume within a week, minister says",2,"[MACRO INFO] Η είδηση αναφέρεται στην πιθανή επανέναρξη των εξαγωγών πετρελαίου από το Ιράκ, μια εξέλιξη που σχετίζεται με την οικονομική σταθερότητα της περιοχής εν μέσω της ευρύτερης κρίσης στον Περσικό Κόλπο.",,,"[""Iraq""]",[],[],"[""Persian Gulf""]",Economic Migration,0.9
253,2026-05-03,Cross_Regional,Al Monitor,OPEC+ to make first post-UAE production decision,2,"[MACRO INFO] Συνάντηση του OPEC+ για τις ποσοστώσεις παραγωγής πετρελαίου μετά την αποχώρηση των ΗΑΕ, γεγονός που συνδέεται με αυξημένες πιέσεις στις τιμές και την αστάθεια που προκαλείται από τον πόλεμο στη Μέση Ανατολή.",,,"[""United Arab Emirates""]",[],"[""OPEC+""]","[""Middle East""]",Policy Change,0.9
256,2026-05-03,Cross_Regional,Al Monitor,Iran offers Strait deal; Trump dissatisfied but prefers non-military path,2,"[MACRO INFO] Η είδηση αφορά μια διπλωματική πρόταση του Ιράν για τα Στενά του Ορμούζ και τις κυρώσεις των ΗΠΑ, την οποία ο Πρόεδρος Τραμπ απέρριψε, αν και προτιμά μια μη στρατιωτική λύση. Πρόκειται για μια γεωπολιτική εξέλιξη χωρίς άμεση αναφορά σε μεταναστευτικές ροές.",,,"[""Iran"", ""USA""]","[""Trump""]",[],"[""Strait of Hormuz""]",Other,0.9
2,2026-05-02,Syria,North Press Agency,Prominent Shiite cleric killed in Damascus blast,2,"[MACRO INFO] Η δολοφονία ενός επιφανούς σιίτη κληρικού στη Δαμασκό αυξάνει την αστάθεια στη Συρία, παράγοντα που συμβάλλει στις μακροπρόθεσμες μεταναστευτικές πιέσεις.",,,"[""Syria""]",[],[],"[""Damascus""]",Refugee Flow,0.9
5,2026-05-02,Syria,Enab Baladi,Hamo: Four SDF Brigades Join Defense Ministry,2,"[MACRO INFO] Εσωτερική στρατιωτική αναδιάρθρωση στη Συρία, με τέσσερις ταξιαρχίες των SDF να εντάσσονται στο Υπουργείο Άμυνας.",,,"[""Syria""]","[""Hamo""]","[""SDF"", ""Defense Ministry""]",[],Policy Change,0.9
6,2026-05-02,Syria,Enab Baladi,Syria: 194 Detainees’ Children Reunited With Families,2,"[MACRO INFO] Επανένωση 194 παιδιών κρατουμένων με τις οικογένειές τους στη Συρία, μια ενέργεια που αφορά την εσωτερική κοινωνική κατάσταση και τις προσπάθειες σταθεροποίησης, χωρίς άμεση επίπτωση σε μεταναστευτικές ροές.",,,"[""Syria""]",[],[],[],Humanitarian,0.9
7,2026-05-02,Syria,Enab Baladi,Turkish Groups Prepare $154 Million Syria Projects,2,"[MACRO INFO] Τουρκικές οργανώσεις προετοιμάζουν έργα ύψους 154 εκατομμυρίων δολαρίων στη Συρία, μια μακροοικονομική εξέλιξη που μπορεί να επηρεάσει τη γενική σταθερότητα και τις μακροπρόθεσμες μεταναστευτικές πιέσεις από την περιοχή.",,,"[""Turkey"", ""Syria""]",[],[],[],Humanitarian,0.9
8,2026-05-02,Syria,Enab Baladi,Fadi Saqr Goes From Reconciliation Broker to the Dock,2,"[MACRO INFO] Ένας Σύριος αξιωματούχος αντιμετωπίζει νομική υπόθεση για τη σφαγή της Τανταμόν. Η είδηση αντικατοπτρίζει τη συνεχιζόμενη εσωτερική αστάθεια στη Συρία, παράγοντα που μακροπρόθεσμα επηρεάζει τις συνθήκες μετανάστευσης.",,,"[""Syria""]","[""Fadi Saqr""]",[],"[""Tadamon""]",Humanitarian,0.9
10,2026-05-02,Syria,Syria Direct,Suwayda’s students caught up in the struggle with Damascus,2,"[MACRO INFO] Πολιτική τριβή στην περιοχή της Σουέιδα της Συρίας σχετικά με την αναγνώριση εκπαιδευτικών τίτλων, ενδεικτική της γενικότερης αστάθειας στη χώρα.",,,"[""Syria""]",[],[],"[""Suwayda"", ""Damascus""]",Policy Change,0.9
11,2026-05-02,Syria,Syria Direct,"Syrian Jews and allies seek a place in the country’s future, divided over Israel",2,"[MACRO INFO] Το κείμενο αναφέρεται σε εσωτερικές πολιτικές διαιρέσεις εντός της κοινότητας των Σύριων Εβραίων σχετικά με το μέλλον τους στη χώρα, υποδηλώνοντας γενική πολιτική αστάθεια στη Συρία χωρίς άμεση αναφορά σε μεταναστευτικές ροές.",,,"[""Syria"", ""Israel""]","[""Syrian Jews""]",[],[],Humanitarian,0.9
13,2026-05-02,Syria,Syria Direct,"Denied for decades, Syria’s stateless Kurds edge towards recognition",2,"[MACRO INFO] Νέα κυβερνητική πολιτική στη Συρία αποσκοπεί στην απόδοση ιθαγένειας σε ανιθαγενείς Κούρδους, γεγονός που μπορεί μακροπρόθεσμα να επηρεάσει τους παράγοντες ώθησης για μετανάστευση.",,,"[""Syria""]",[],[],[],Policy Change,0.9
18,2026-05-02,Lebanon,Daraj,هل أصبحنا على حافة الاستسلام؟,2,"[MACRO INFO] Το κείμενο εκφράζει γενική αίσθηση απελπισίας και έλλειψης ασφάλειας, σταθερότητας και αξιοπρέπειας, υποδηλώνοντας συνθήκες αστάθειας που ενδέχεται να αποτελέσουν μακροπρόθεσμο παράγοντα μεταναστευτικών πιέσεων.",,,[],[],[],[],Humanitarian,0.9
25,2026-05-02,Egypt,Mada Masr English,"From debt we came, to debt we shall return: New borrowing makes up half of resources in govt’s draft budget",2,"[MACRO INFO] Η Αίγυπτος αντιμετωπίζει σοβαρή οικονομική αστάθεια, με τον προϋπολογισμό να εξαρτάται σε μεγάλο βαθμό από νέο δανεισμό και την εξυπηρέτηση χρεών, υποδεικνύοντας κρίση.",,,"[""Egypt""]",[],[],[],Economic Migration,0.9
28,2026-05-02,Cross_Regional,BBC Arabic,الولايات المتحدة تسحب 5 آلاف جندي من ألمانيا وسط توتر مع أوروبا,2,"[MACRO INFO] Η απόσυρση αμερικανικών στρατευμάτων από τη Γερμανία και οι αυξημένες εντάσεις ΗΠΑ-Ευρώπης, με αναφορά σε διαφωνίες για το Ιράν, υποδεικνύουν γενική γεωπολιτική αστάθεια.",,,"[""United States"", ""Germany"", ""Iran"", ""Europe""]",[],[],[],Policy Change,0.9
29,2026-05-02,Cross_Regional,BBC Arabic,"""نحن أمام مشهد أشبه بفيلم رعب اقتصادي"" - مقال في الإندبندنت",2,"[MACRO INFO] Το άρθρο εξετάζει τις οικονομικές επιπτώσεις και τις συνέπειες της πολιτικής των ΗΠΑ έναντι του Ιράν, σηματοδοτώντας γενική αστάθεια χωρίς άμεση αναφορά σε προσφυγικές ροές.",,,"[""USA"", ""Iran""]",[],"[""The Independent""]",[],Economic Migration,0.9
30,2026-05-02,Cross_Regional,BBC Arabic,ترامب يواجه نهاية مهلة الستين يوماً,2,"[MACRO INFO] Πολιτική συζήτηση στις ΗΠΑ για τη νομιμότητα των επιχειρήσεων κατά του Ιράν, που μπορεί να υποδηλώνει γενική αστάθεια στην περιοχή.",,,"[""USA"", ""Iran""]","[""Trump""]",[],[],Policy Change,0.9
37,2026-05-02,Cross_Regional,Middle East Eye,China blocks US sanctions against refineries accused of buying Iranian oil,2,"[MACRO INFO] Γεωπολιτική εξέλιξη που αφορά την αντίδραση της Κίνας στις κυρώσεις των ΗΠΑ κατά ιρανικού πετρελαίου, χωρίς άμεση σύνδεση με τη δημιουργία μεταναστευτικών ροών.",,,"[""China"", ""US"", ""Iran""]",[],[],[],Policy Change,0.9
38,2026-05-02,Cross_Regional,Middle East Eye,"Oil tanker hijacked off coast of Yemen, says coast guard",2,"[MACRO INFO] Περιστατικό πειρατείας/αρπαγής πετρελαιοφόρου στα ανοικτά των ακτών της Υεμένης, γεγονός που συνιστά γενική αστάθεια στην ευρύτερη περιοχή.",,,"[""Yemen""]",[],[],"[""off coast of Yemen""]",Other,0.95
40,2026-05-02,Cross_Regional,Al Monitor,Iran military official says renewed war with US 'likely',2,"[MACRO INFO] Αξιωματούχος του Ιράν δηλώνει πιθανή την επανέναρξη πολέμου με τις ΗΠΑ, υποδεικνύοντας γενική αστάθεια στην ευρύτερη περιοχή.",,,"[""Iran"", ""US""]",[],[],[],Humanitarian,0.9
41,2026-05-02,Cross_Regional,Al Monitor,"Iranian proposal rejected by Trump would open strait before nuclear talks, Iran official says",2,"[MACRO INFO] Η είδηση αφορά την απόρριψη ιρανικής πρότασης για το Στενό του Ορμούζ και την αναστολή βομβαρδισμών στο Ιράν, σηματοδοτώντας γενική γεωπολιτική αστάθεια, χωρίς άμεση αναφορά σε μεταναστευτικές ροές προς την Κύπρο ή την Αν. Μεσόγειο.",,,"[""Iran"", ""Cyprus""]","[""Trump""]",[],"[""Strait of Hormuz"", ""Eastern Mediterranean""]",Policy Change,0.9
48,2026-05-02,Syria,Enab Baladi,Suwayda After July 2025: Legitimacy Struggles and Livelihood Crisis,2,"[MACRO INFO] Η είδηση αναφέρεται σε κρίση βιοπορισμού και αγώνες νομιμότητας στη Σουέιντα της νότιας Συρίας, υποδηλώνοντας γενική αστάθεια. Δεν γίνεται άμεση αναφορά σε προσφυγικές ροές ή μετακινήσεις πληθυσμών.",,,"[""Syria""]",[],[],"[""Suwayda"", ""southern Syria""]",Economic Migration,0.9
169,2026-05-02,Lebanon,Daraj,كثرة الافتراضات تقتل الحقيقة,2,"[MACRO INFO] Το κείμενο αναφέρεται στις συστημικές αποτυχίες του Λιβάνου και την ανάγκη για λειτουργικούς θεσμούς και σύγχρονες δυνατότητες, υποδεικνύοντας γενική πολιτική αστάθεια στη χώρα.",,,"[""Lebanon""]",[],[],[],Other,0.9
2366,2026-06-09,Syria,Enab Baladi,"UAE Rejects Assad Family Residency, Yedioth Ahronoth Reveals His Life in Moscow",1,"[MACRO INFO] Η ισραηλινή εφημερίδα Yedioth Ahronoth αποκάλυψε λεπτομέρειες για τη ζωή του έκπτωτου Σύρου προέδρου Μπασάρ αλ Άσαντ και της οικογένειάς του, συμπεριλαμβανομένης της απόρριψης της διαμονής τους στα ΗΑΕ και της ζωής του στη Μόσχα.",,,"[""United Arab Emirates"", ""Syria"", ""Israel""]","[""Bashar al-Assad"", ""Assad Family""]","[""Yedioth Ahronoth""]","[""Moscow""]",Policy Change,0.9
2372,2026-06-09,Lebanon,Daraj,مئة يوم خارج البيت,1,[MACRO INFO] Αδυναμία πρόσβασης σε ιδιωτική κατοικία για εκατό ημέρες.,,,[],[],[],[],Humanitarian,0.9
2374,2026-06-09,Lebanon,Daraj,“الأخ الأكبر” الشيعي: كيف يقلب “حزب الله” الهزيمة إلى “نصر”؟,1,[MACRO INFO] Το άρθρο αναλύει την ιδεολογία και τους μηχανισμούς ελέγχου της Χεζμπολάχ.,,,"[""Lebanon""]",[],"[""Hezbollah""]",[],Other,0.9
2376,2026-06-09,Turkiye,Evrensel,Filipinler'de deprem bilançosu ağırlaşıyor: Can kaybı 37'ye yükseldi,1,[MACRO INFO] Σεισμός 7.8 Ρίχτερ στην περιοχή Μιντανάο των Φιλιππίνων προκάλεσε τον θάνατο 37 ανθρώπων και τον τραυματισμό 456.,,,"[""Philippines""]",[],[],"[""Mindanao""]",Humanitarian,0.9
2377,2026-06-09,Turkiye,Evrensel,Barış Boyun suç örgütüne 7 ilde operasyon: 45 gözaltı,1,[MACRO INFO] Πραγματοποιήθηκε επιχείρηση κατά εγκληματικής οργάνωσης στην Τουρκία με 45 συλλήψεις σε επτά επαρχίες.,,,"[""Turkey""]","[""Barış Boyun""]",[],"[""7 provinces""]",Other,0.9
2378,2026-06-09,Turkiye,Evrensel,"Şehir hastanelerinin beş aylık maliyeti, 'kanserle mücadele' bütçesini katladı",1,"[MACRO INFO] Στην Τουρκία, το κόστος των νοσοκομείων πόλεων για πέντε μήνες ξεπέρασε σημαντικά τον προϋπολογισμό για την καταπολέμηση του καρκίνου.",,,"[""Turkey""]",[],[],[],Other,0.9
2381,2026-06-09,Egypt,Mada Masr English,"Absence of Israeli, Syrian ambassadorial appointments sign of close coordination between president, foreign minister",1,[MACRO INFO] Η Αίγυπτος δεν προχώρησε σε διορισμό νέων πρέσβεων σε Συρία και Ισραήλ.,,,"[""Israel"", ""Syria"", ""Egypt""]",[],[],[],Policy Change,0.9
2385,2026-06-09,Egypt,Egyptian Streets,Where to Snorkel Along the Red Sea in Egypt’s Underwater Eden,1,[MACRO INFO] Περιοχές για κολύμβηση με αναπνευστήρα στην Ερυθρά Θάλασσα της Αιγύπτου.,,,"[""Egypt""]",[],[],"[""Red Sea""]",Other,0.9
2386,2026-06-09,Egypt,Egyptian Streets,"Egypt Does Not Need New IMF Program, Prime Minister Says",1,[MACRO INFO] Ο Πρωθυπουργός της Αιγύπτου δήλωσε ότι η χώρα δεν χρειάζεται νέο πρόγραμμα χρηματοδότησης από το ΔΝΤ και τόνισε την οικονομική ανάπτυξη και σταθερότητα.,,,"[""Egypt""]",[],"[""IMF""]",[],Economic Migration,0.9
2388,2026-06-09,Egypt,Egyptian Streets,DJ Snake Turns Cairo’s Streets Into the Backdrop of New ‘Cairo Express’ Music Video,1,[MACRO INFO] Ο DJ Snake κυκλοφόρησε ένα νέο μουσικό βίντεο εμπνευσμένο από τους δρόμους του Καΐρου και την καθημερινή ζωή στην πόλη.,,,[],"[""DJ Snake""]",[],"[""Cairo""]",Other,0.9
2390,2026-06-09,Cross_Regional,BBC Arabic,ستارمر يمهل شركات التكنولوجيا ثلاثة أشهر لمنع تداول الصور العارية بين الأطفال,1,[MACRO INFO] Η βρετανική κυβέρνηση έδωσε προθεσμία τριών μηνών σε εταιρείες τεχνολογίας για την αποτροπή κοινοποίησης γυμνών εικόνων μεταξύ παιδιών.,,,"[""United Kingdom""]","[""Keir Starmer""]","[""British Government""]",[],Policy Change,0.8
2392,2026-06-09,Cross_Regional,Al Jazeera,Race to find survivors as Philippines quake toll rises to 37,1,[MACRO INFO] Σεισμός στις νότιες Φιλιππίνες είχε ως αποτέλεσμα 37 θανάτους και ζημιές στην πόλη General Santos.,,,"[""Philippines""]",[],[],"[""southern Philippines"", ""General Santos""]",Humanitarian,0.9
2398,2026-06-09,Cross_Regional,Middle East Eye,Trump says Apache helicopter pilots safe after Hormuz incident,1,"[MACRO INFO] Αμερικανικό επιθετικό ελικόπτερο συνετρίβη κοντά στα Στενά του Ορμούζ, με τους πιλότους να διασώζονται εν μέσω συνεχιζόμενων διαπραγματεύσεων ΗΠΑ-Ιράν.",,,"[""USA"", ""Iran""]","[""Trump""]",[],"[""Strait of Hormuz""]",Other,0.9
2399,2026-06-09,Cross_Regional,Al Monitor,Trump says US helicopter pilots who went down in Strait of Hormuz are fine,1,"[MACRO INFO] Αμερικανικό ελικόπτερο συνετρίβη κοντά στα Στενά του Ορμούζ, με τους πιλότους να είναι ασφαλείς.",,,"[""United States""]","[""Trump""]",[],"[""Strait of Hormuz""]",Other,0.9
2400,2026-06-09,Cross_Regional,Al Monitor,"US leads record rise in spending on nuclear arsenals, campaign group says",1,"[MACRO INFO] Οι εννέα πυρηνικές δυνάμεις αύξησαν τις δαπάνες τους σε πυρηνικά όπλα κατά σχεδόν ένα πέμπτο το 2025, φτάνοντας τα 119 δισεκατομμύρια δολάρια.",,,"[""United States""]",[],[],[],Other,0.9
2403,2026-06-09,Cross_Regional,Al Monitor,Israeli minister Ben-Gvir under investigation in Italy over Gaza flotilla,1,[MACRO INFO] Ιταλοί εισαγγελείς ερευνούν τον Ισραηλινό υπουργό Ben-Gvir σχετικά με τη μεταχείριση ακτιβιστών σε στολίσκο για τη Γάζα.,,,"[""Israel"", ""Italy""]","[""Ben-Gvir""]",[],"[""Gaza""]",Humanitarian,0.9
2274,2026-06-08,Syria,Enab Baladi,"UAE Rejects Assad Family Residency, Yedioth Ahronoth Reveals His Life in Moscow",1,[MACRO INFO] Τα Ηνωμένα Αραβικά Εμιράτα απέρριψαν την αίτηση διαμονής της οικογένειας Άσαντ.,,,"[""United Arab Emirates""]","[""Assad Family""]","[""Yedioth Ahronoth""]","[""Moscow""]",Policy Change,0.9
2275,2026-06-08,Syria,Enab Baladi,Syrian Ambassador Nominee Tests Damascus-Cairo Ties,1,"[MACRO INFO] Υπάρχουν επιφυλάξεις της Αιγύπτου για τον υποψήφιο πρέσβη της Συρίας στο Κάιρο, ανανεώνοντας το ενδιαφέρον για τις σχέσεις Δαμασκού-Καΐρου.",,,"[""Syria"", ""Egypt""]",[],[],"[""Damascus"", ""Cairo""]",Other,0.9
2276,2026-06-08,Syria,Enab Baladi,Hassan Akkad Faces Legal Battle Over Donation Campaign,1,[MACRO INFO] Σύρος ακτιβιστής αντιμετωπίζει νομική διαμάχη για εκστρατεία δωρεών σε συριακές πόλεις.,,,"[""Syria""]","[""Hassan Akkad""]",[],"[""Syrian cities""]",Humanitarian,0.9
2294,2026-06-08,Egypt,Mada Masr English,Could a new municipal bill open the door for constitutional amendments?,1,"[MACRO INFO] Η αιγυπτιακή κυβέρνηση επανακατέθεσε νομοσχέδιο τοπικής αυτοδιοίκησης, προκαλώντας συζήτηση για πιθανές συνταγματικές τροποποιήσεις.",,,"[""Egypt""]",[],[],[],Policy Change,0.9
2296,2026-06-08,Egypt,Mada Masr English,"Abiy to win re-appointment in vote marred by insurgency, ballot fraud, shadow of civil war",1,"[MACRO INFO] Εκλογές στην Αιθιοπία αμαυρώθηκαν από εξέγερση, νοθεία και την σκιά εμφυλίου πολέμου.",,,"[""Ethiopia""]","[""Abiy Ahmed""]",[],[],Humanitarian,0.9
2297,2026-06-08,Egypt,Egyptian Streets,Where to Snorkel Along the Red Sea in Egypt’s Underwater Eden,1,[MACRO INFO] Η είδηση περιγράφει την ομορφιά και τις δυνατότητες κολύμβησης με αναπνευστήρα στην Ερυθρά Θάλασσα της Αιγύπτου.,,,"[""Egypt""]",[],[],"[""Red Sea""]",Other,0.9
2298,2026-06-08,Egypt,Egyptian Streets,Egypt Sends Relief Aid to Flood-Stricken Mozambique,1,[MACRO INFO] Η Αίγυπτος απέστειλε ανθρωπιστική βοήθεια στη Μοζαμβίκη μετά από καταστροφικές πλημμύρες που προκάλεσαν εκτοπισμούς και ζημιές σε υποδομές.,,,"[""Egypt"", ""Mozambique""]",[],[],[],Humanitarian,0.9
2302,2026-06-08,Cross_Regional,BBC Arabic,"ديفيد لامي يرد على فانس ويصف تصريحاته بشأن الهجرة بأنها ""خطأ""",1,[MACRO INFO] Διαμάχη συνεχίζεται μεταξύ των κυβερνήσεων Βρετανίας και ΗΠΑ για δηλώσεις περί μαζικής μετανάστευσης στην Ευρώπη.,,,"[""Britain"", ""USA""]","[""David Lammy"", ""Vance""]",[],"[""Europe""]",Policy Change,0.9
2303,2026-06-08,Cross_Regional,BBC Arabic,"بي بي سي تتتبع قصة الطبيب حسام أبو صفية ""من الاعتقال إلى العزل الانفرادي""",1,"[MACRO INFO] Οι ισραηλινές αρχές μετέφεραν τον γιατρό Χουσάμ Αμπού Σαφίγια σε απομόνωση στη φυλακή Νάφχα, υπό την υποψία διασύνδεσης με τη Χαμάς.",,,"[""Israel""]","[""حسام أبو صفية"", ""Hussam Abu Safiya""]","[""بي بي سي"", ""BBC"", ""Hamas""]","[""Nafha prison""]",Humanitarian,0.95
2313,2026-06-08,Cross_Regional,Al Monitor,"Trump says new Israel, Iran strikes won't affect peace deal",1,[MACRO INFO] Ο Πρόεδρος των ΗΠΑ Ντόναλντ Τραμπ δήλωσε ότι νέα πλήγματα Ισραήλ-Ιράν δεν θα επηρεάσουν τις ειρηνευτικές συνομιλίες με την Τεχεράνη.,,,"[""United States"", ""Israel"", ""Iran""]","[""Donald Trump""]",[],"[""Tehran""]",Policy Change,0.9
2331,2026-06-08,Turkiye,Evrensel,"CHP grubu, talebini reddetmişti: Kılıçdaroğlu grup toplantısı için Meclise yazdı",1,"[MACRO INFO] Ο Κεμάλ Κιλιτσντάρογλου υπέβαλε αίτημα στην προεδρία της Βουλής για διεξαγωγή κοινοβουλευτικής συνεδρίασης, μετά την απόρριψη του αρχικού αιτήματος από την κοινοβουλευτική ομάδα του κόμματός του.",,,"[""Turkey""]","[""Kemal Kılıçdaroğlu""]","[""CHP"", ""Parliament""]",[],Other,0.9
2332,2026-06-08,Turkiye,Turkish Minute,"Turkish forces harassed aircraft carrying European defense ministers to Cyprus, Nicosia claims",1,"[MACRO INFO] Τουρκικές δυνάμεις παρενόχλησαν αεροσκάφη που μετέφεραν Ευρωπαίους υπουργούς Άμυνας στην Κύπρο, σύμφωνα με ισχυρισμούς της Λευκωσίας.",,,"[""Turkey"", ""Cyprus""]",[],[],"[""Nicosia""]",Other,0.9
2333,2026-06-08,Turkiye,Turkish Minute,"Armenia’s prime minister seeks peace with Azerbaijan, open border with Turkey after election win",1,[MACRO INFO] Ο πρωθυπουργός της Αρμενίας επιδιώκει ειρήνη με το Αζερμπαϊτζάν και άνοιγμα των συνόρων με την Τουρκία.,,,"[""Armenia"", ""Azerbaijan"", ""Turkey""]",[],[],[],Policy Change,0.9
2343,2026-06-08,Egypt,Egyptian Streets,DJ Snake Turns Cairo’s Streets Into the Backdrop of New ‘Cairo Express’ Music Video,1,[MACRO INFO] Ο DJ Snake κυκλοφόρησε ένα νέο μουσικό βίντεο εμπνευσμένο από τους δρόμους του Καΐρου και την αιγυπτιακή μουσική mahraganat.,,,"[""Egypt""]","[""DJ Snake""]",[],"[""Cairo""]",Other,0.9
2345,2026-06-08,Cross_Regional,BBC Arabic,"""إيلون ماسك يتدخل بشكل مباشر في السياسة البريطانية عبر إكس، ويجب إيقافه"" - الإندبندنت",1,[MACRO INFO] Βρετανικές εφημερίδες αναφέρουν παρέμβαση του Έλον Μασκ στην βρετανική πολιτική μέσω της πλατφόρμας Χ.,,,"[""United Kingdom""]","[""Elon Musk""]","[""The Independent"", ""X""]",[],Policy Change,0.9
2346,2026-06-08,Cross_Regional,BBC Arabic,من قرد وحيد إلى غروب الأرض، أبرز الصور المدهشة لعام 2026 حتى الآن,1,[MACRO INFO] Συλλήφθηκαν ο πρώην Πρόεδρος της Βενεζουέλας Νικολάς Μαδούρο και η σύζυγός του.,,,"[""Venezuela""]","[""Nicolás Maduro""]",[],[],Refugee Flow,0.9
2347,2026-06-08,Cross_Regional,Al Jazeera,Texas-bound jet crashes during emergency landing in Dominican Republic,1,[MACRO INFO] Ιδιωτικό αεροσκάφος συνετρίβη κατά τη διάρκεια αναγκαστικής προσγείωσης στη Δομινικανή Δημοκρατία.,,,"[""USA"", ""Dominican Republic""]",[],[],"[""Texas""]",Humanitarian,0.9
2349,2026-06-08,Cross_Regional,Al Jazeera,The retaking of Cuba,1,[MACRO INFO] Δεκαετίες παλαιές αξιώσεις ιδιοκτησίας στην Κούβα μετατρέπονται σε ενεργά μέσα ανακατάληψης.,,,"[""Cuba""]",[],[],[],Policy Change,0.9
2182,2026-06-07,Syria,Enab Baladi,Suwayda: Government Secures Detainees as National Guard Probes Collusion,1,[MACRO INFO] Διαφορετικές αναφορές υπήρξαν για την απελευθέρωση τριών κρατουμένων από τη φυλακή της «Εθνοφρουράς» στη Suwayda της νότιας Συρίας.,,,"[""Syria""]",[],"[""Government"", ""National Guard""]","[""Suwayda"", ""Southern Syria""]",Humanitarian,0.9
2194,2026-06-07,Turkiye,Evrensel,ABD'de İsrail casusluğu alarmı: ABD-İran görüşmeleri hedef alındı iddiası,1,[MACRO INFO] Οι ΗΠΑ φέρεται να έχουν αυξήσει το επίπεδο συναγερμού αντιπληροφόρησης έναντι του Ισραήλ λόγω ισχυρισμών για κατασκοπεία που στόχευσε συνομιλίες ΗΠΑ-Ιράν.,,,"[""United States"", ""Israel"", ""Iran""]",[],[],[],Other,0.9
2195,2026-06-07,Turkiye,Turkish Minute,World Bank approves €191.5 million loan for green infrastructure in Turkish cities,1,"[MACRO INFO] Η Παγκόσμια Τράπεζα ενέκρινε δάνειο 191,5 εκατ. ευρώ για πράσινες υποδομές σε πόλεις της Τουρκίας.",,,"[""Turkey""]",[],"[""World Bank""]",[],Economic Migration,0.9
2200,2026-06-07,Egypt,Mada Masr English,Could a new municipal bill open the door for constitutional amendments?,1,"[MACRO INFO] Η κυβέρνηση επανυπέβαλε νομοσχέδιο τοπικής αυτοδιοίκησης, πυροδοτώντας συζήτηση για πιθανές συνταγματικές τροποποιήσεις.",,,"[""Greece""]",[],[],[],Policy Change,0.95
2207,2026-06-07,Cross_Regional,Al Jazeera,Why are players being issued visas just days before the World Cup?,1,[MACRO INFO] Εκδίδονται βίζες την τελευταία στιγμή για παίκτες που αγωνίζονται στο Παγκόσμιο Κύπελλο FIFA.,,,[],[],"[""FIFA""]",[],Policy Change,0.9
2215,2026-06-07,Cross_Regional,Al Monitor,Armenians vote with peace efforts and Russia in focus,1,[MACRO INFO] Οι Αρμένιοι ψηφίζουν σε βουλευτικές εκλογές με επίκεντρο τις ειρηνευτικές προσπάθειες μετά από στρατιωτική ήττα.,,,"[""Armenia"", ""Russia""]",[],[],[],Policy Change,0.9
2217,2026-06-07,Cross_Regional,Al Monitor,Dubai luxury hotels woo staycationers as tourists flee,1,[MACRO INFO] Τα πολυτελή ξενοδοχεία του Ντουμπάι στρέφονται σε τοπικούς κατοίκους καθώς ο πόλεμος απομακρύνει τους τουρίστες.,,,[],[],[],"[""Dubai""]",Other,0.9
2220,2026-06-07,Syria,North Press Agency,Child Killed in Landmine Explosion in Southern Idlib,1,[MACRO INFO] Ένα παιδί σκοτώθηκε από έκρηξη νάρκης στην ύπαιθρο της νότιας Ιντλίμπ στη Συρία.,,,"[""Syria""]",[],[],"[""Southern Idlib""]",Humanitarian,0.9
2233,2026-06-07,Lebanon,Daraj,بيروت… المدينة التي لم تعد تشبه نفسها,1,"[MACRO INFO] Η Βηρυτός άλλαξε μετά το τέλος των στρατιωτικών επιχειρήσεων, με τους κατοίκους να βιώνουν ανασφάλεια και επιφυλακτικότητα.",,,[],[],[],"[""Beirut""]",Humanitarian,0.9
2238,2026-06-07,Turkiye,Turkish Minute,Schengen countries respond to claims bots feed Turkey’s visa appointment black market,1,[MACRO INFO] Χώρες Σένγκεν αντιμετωπίζουν ισχυρισμούς για μαύρη αγορά ραντεβού βίζας στην Τουρκία και περιγράφουν μέτρα ασφαλείας.,,,"[""Turkey""]",[],[],[],Policy Change,0.9
2249,2026-06-07,Egypt,Egyptian Streets,DJ Snake Turns Cairo’s Streets Into the Backdrop of New ‘Cairo Express’ Music Video,1,[MACRO INFO] Ο DJ Snake κυκλοφόρησε ένα νέο μουσικό βίντεο με θέμα τους δρόμους του Καΐρου και την αιγυπτιακή μουσική σκηνή mahraganat.,,,"[""Egypt""]","[""DJ Snake""]",[],"[""Cairo""]",Other,0.9
2264,2026-06-07,Cross_Regional,Al Monitor,Iran rejects idea of using its assets to pay damages to US allies,1,[MACRO INFO] Το Ιράν απορρίπτει την ιδέα χρήσης των περιουσιακών του στοιχείων για αποζημιώσεις σε συμμάχους των ΗΠΑ.,,,"[""Iran"", ""United States""]",[],[],[],Other,0.9
2266,2026-06-07,Cross_Regional,Al Monitor,"More traffic, but halved profits for airlines in 2026: Industry forecast",1,[MACRO INFO] Οι αεροπορικές εταιρείες αναμένουν περισσότερη κίνηση επιβατών αλλά μειωμένα κέρδη το 2026 λόγω υψηλών τιμών καυσίμων.,,,[],[],[],[],Other,0.9
2138,2026-06-06,Syria,Enab Baladi,Suwayda: Government Secures Detainees as National Guard Probes Collusion,1,[MACRO INFO] Διαφωνίες προέκυψαν σχετικά με την απελευθέρωση τριών κρατουμένων από τη φυλακή της Εθνοφρουράς στη Σουβέιντα της νότιας Συρίας.,,,"[""Syria""]",[],"[""Government"", ""National Guard""]","[""Suwayda"", ""Southern Syria""]",Humanitarian,0.9
2140,2026-06-06,Syria,Enab Baladi,Majdi Nehme Urges al-Sharaa to Move Trial to Syria,1,[MACRO INFO] Πρώην εκπρόσωπος της Jaysh al-Islam ζητά τη μεταφορά της δίκης του στη Συρία.,,,"[""Syria""]","[""Majdi Nehme"", ""al-Sharaa""]","[""Jaysh al-Islam""]",[],Other,0.9
2153,2026-06-06,Turkiye,Evrensel,Kulis bilgisi: AKP'de 6 ayda 50 il teşkilatında değişim iddiası,1,[MACRO INFO] Υπάρχουν πληροφορίες για επικείμενες αλλαγές σε περίπου 50 τοπικές οργανώσεις του κυβερνώντος κόμματος ΑΚΡ στην Τουρκία εντός έξι μηνών.,,,"[""Turkey""]",[],"[""AKP""]",[],Policy Change,0.9
2154,2026-06-06,Turkiye,Evrensel,"Ebrar Sitesi'ni imara açanlar ""asli kusurlu"" bulunmuştu: İmar planlarına Belediye Meclisi'nin onay verdiği ortaya çıktı",1,[MACRO INFO] Εμπειρογνώμονες κρίνουν πρωταρχικά υπεύθυνες δημοτικές αρχές στην Τουρκία για την έγκριση σχεδίων χωροθέτησης στο συγκρότημα Ebrar Sitesi.,,,"[""Turkey""]",[],"[""Municipal Authorities""]","[""Ebrar Sitesi""]",Policy Change,0.9
2155,2026-06-06,Turkiye,Evrensel,TOKİ için dört ilde acele kamulaştırma kararı,1,[MACRO INFO] Ο Πρόεδρος της Τουρκίας αποφάσισε την επείγουσα απαλλοτρίωση ακινήτων σε τέσσερις επαρχίες για έργα κοινωνικής κατοικίας.,,,"[""Turkey""]",[],"[""TOKİ""]",[],Policy Change,0.9
2156,2026-06-06,Turkiye,Evrensel,Enerji şirketleri için 2 ilde acele kamulaştırma kararları,1,[MACRO INFO] Αποφάσεις επείγουσας απαλλοτρίωσης δημοσιεύθηκαν στην Τουρκία για έργα γραμμών μεταφοράς ενέργειας σε δύο επαρχίες.,,,"[""Turkey""]",[],[],[],Policy Change,0.9
2157,2026-06-06,Turkiye,Turkish Minute,Turkish journalists’ group urges UN action over algorithmic suppression of news content,1,[MACRO INFO] Ομάδα Τούρκων δημοσιογράφων ζήτησε από τον ΟΗΕ να εξετάσει την καταστολή περιεχομένου ειδήσεων μέσω αλγορίθμων κοινωνικής δικτύωσης στην Τουρκία.,,,"[""Turkey""]",[],"[""UN""]",[],Humanitarian,0.9
2158,2026-06-06,Turkiye,Turkish Minute,‘No hope’: Indian crew stranded off İstanbul for months,1,[MACRO INFO] Τέσσερις Ινδοί ναυτικοί παραμένουν επί μήνες εγκλωβισμένοι σε εγκαταλελειμμένο πλοίο στα ανοικτά της Κωνσταντινούπολης.,,,"[""India""]",[],[],"[""Istanbul""]",Humanitarian,0.9
2159,2026-06-06,Turkiye,Turkish Minute,Mayor quits main opposition party amid reports of his talks to join the ruling party,1,[MACRO INFO] Ο δήμαρχος του Κιλίς παραιτήθηκε από το κύριο κόμμα της αντιπολίτευσης της Τουρκίας.,,,"[""Turkey""]",[],[],"[""Kilis""]",Other,0.9
2162,2026-06-06,Egypt,Mada Masr English,Could a new municipal bill open the door for constitutional amendments?,1,"[MACRO INFO] Η κυβέρνηση επανυπέβαλε σχέδιο νόμου για την τοπική αυτοδιοίκηση, πυροδοτώντας συζήτηση για πιθανές συνταγματικές τροποποιήσεις.",,,"[""Greece""]",[],[],[],Policy Change,0.9
2167,2026-06-06,Cross_Regional,Al Jazeera,"North Korea’s Kim orders navy to build 10,000-tonne destroyer: State media",1,"[MACRO INFO] Ο Κιμ Γιονγκ Ουν διέταξε το ναυτικό της Βόρειας Κορέας να ναυπηγήσει αντιτορπιλικό 10.000 τόνων, συνεχίζοντας επισκέψεις σε στρατιωτικές εγκαταστάσεις πριν από επίσκεψη του Σι Τζινπίνγκ.",,,"[""North Korea""]","[""Kim Jong Un"", ""Xi Jinping""]",[],[],Other,0.9
2168,2026-06-06,Cross_Regional,Al Jazeera,What’s new at World Cup 2026? From match ball sensors to AI and robot dogs,1,"[MACRO INFO] Τεχνολογικές εξελίξεις, συμπεριλαμβανομένης της τεχνητής νοημοσύνης, θα διαδραματίσουν ρόλο στο Παγκόσμιο Κύπελλο 2026.",,,[],[],[],[],Other,0.1
2056,2026-06-05,Syria,Enab Baladi,US Sponsored Lebanon Israel Ceasefire Deal,1,[MACRO INFO] Οι Ηνωμένες Πολιτείες ανακοίνωσαν συμφωνία κατάπαυσης του πυρός μεταξύ Λιβάνου και Ισραήλ.,,,"[""United States"", ""Lebanon"", ""Israel""]",[],[],[],Policy Change,0.9
2067,2026-06-05,Turkiye,Evrensel,Erzurum'da TOKİ konutlarında yangın: Diyaliz hastası kadın hayatını kaybetti,1,[MACRO INFO] Πυρκαγιά σε κατοικίες στο Ερζερούμ της Τουρκίας είχε ως αποτέλεσμα τον θάνατο μιας γυναίκας.,,,"[""Turkey""]",[],"[""TOKİ""]","[""Erzurum""]",Other,0.9
2068,2026-06-05,Turkiye,Evrensel,İstanbul ve Muğla dışında sağanak dalgası: Yağış hangi illeri vuracak?,1,"[MACRO INFO] Έντονες βροχοπτώσεις αναμένονται σε πολλές περιοχές της Τουρκίας, όπως η Μαρμαρά και το Αιγαίο.",,,"[""Turkey""]",[],[],"[""Istanbul"", ""Mugla"", ""Marmara"", ""Aegean""]",Humanitarian,0.9
2072,2026-06-05,Turkiye,Turkish Minute,"Trump to attend NATO summit in Turkey, Rubio says",1,[MACRO INFO] Ο Πρόεδρος των ΗΠΑ Ντόναλντ Τραμπ θα παραστεί στη σύνοδο κορυφής του ΝΑΤΟ στην Τουρκία για να πιέσει για αλλαγές στη συμμαχία και υψηλότερες αμυντικές δαπάνες.,,,"[""USA"", ""Turkey""]","[""Donald Trump"", ""Rubio""]","[""NATO""]",[],Policy Change,0.9
2075,2026-06-05,Egypt,Mada Masr English,Could a new municipal bill open the door for constitutional amendments?,1,"[MACRO INFO] Η κυβέρνηση επανυπέβαλε σχέδιο νόμου για την τοπική αυτοδιοίκηση, προκαλώντας συζήτηση στη Βουλή των Αντιπροσώπων.",,,[],[],[],[],Policy Change,0.9
2077,2026-06-05,Egypt,Mada Masr English,"Abiy to win re-appointment in vote marred by insurgency, ballot fraud, shadow of civil war",1,"[MACRO INFO] Οι εκλογές στην Αιθιοπία αμαυρώθηκαν από εξεγέρσεις, νοθεία και την σκιά εμφυλίου πολέμου.",,,"[""Ethiopia""]","[""Abiy""]",[],[],Humanitarian,0.9
2078,2026-06-05,Egypt,Mada Masr English,Ahmed Douma sentenced to 1 year with hard labor on false news charges,1,[MACRO INFO] Ο ακτιβιστής Ahmed Douma καταδικάστηκε σε ένα χρόνο φυλάκιση στην Αίγυπτο για διάδοση ψευδών ειδήσεων.,,,"[""Egypt""]","[""Ahmed Douma""]",[],[],Humanitarian,0.9
2080,2026-06-05,Cross_Regional,BBC Arabic,"ترامب: لقاء بوتين وزيلينسكي سيكون ""أمراً رائعاً""، وموسكو ترحّب بمحادثات مباشرة",1,[MACRO INFO] Ο Ντόναλντ Τραμπ καλωσόρισε την πιθανότητα συνάντησης μεταξύ Πούτιν και Ζελένσκι για τον τερματισμό του πολέμου.,,,"[""Russia"", ""Ukraine""]","[""Donald Trump"", ""Putin"", ""Zelensky""]",[],"[""Moscow""]",Humanitarian,0.9
2084,2026-06-05,Cross_Regional,Al Jazeera,Why Mogadishu clashes are deepening Somalia’s political crisis again,1,[MACRO INFO] Εκλογικές εντάσεις στη Σομαλία οδήγησαν σε βίαιες συγκρούσεις στο Μογκαντίσου.,,,"[""Somalia""]",[],[],"[""Mogadishu""]",Humanitarian,0.9
2093,2026-06-05,Cross_Regional,Al Monitor,"Tom Barrack addresses criticism over his remarks on Hezbollah, Turkey: What to know",1,"[MACRO INFO] Ο Tom Barrack, ανώτερο στέλεχος της κυβέρνησης Τραμπ, δέχτηκε κριτική για παλαιότερες δηλώσεις του σχετικά με τη Χεζμπολάχ και την Τουρκία.",,,"[""Turkey""]","[""Tom Barrack"", ""Trump""]","[""Hezbollah""]",[],Policy Change,0.9
2099,2026-06-05,Syria,Enab Baladi,Hasakah Grain Branch Prepares for One Million Tons,1,"[MACRO INFO] Η επαρχία Χασακά της βορειοανατολικής Συρίας προετοιμάζεται για μια μεγάλη συγκομιδή σιταριού, αναμένοντας ένα εκατομμύριο τόνους.",,,"[""Syria""]",[],[],"[""Hasakah"", ""Northeastern Syria""]",Other,0.9
2102,2026-06-05,Syria,Enab Baladi,Syrians Lead German Naturalizations in 2025,1,[MACRO INFO] Οι Σύροι πολίτες βρέθηκαν στην κορυφή των πολιτογραφήσεων στη Γερμανία το 2025.,,,"[""Syria"", ""Germany""]",[],[],[],Refugee Flow,0.9
2112,2026-06-05,Turkiye,Evrensel,24 ilde yasa dışı bahis operasyonu: 80 kişi gözaltına alındı,1,"[MACRO INFO] Στην Τουρκία πραγματοποιήθηκε επιχείρηση σε 24 επαρχίες κατά του παράνομου στοιχήματος, με 80 συλλήψεις και κατάσχεση περιουσιακών στοιχείων 350 εκατ. λιρών.",,,"[""Turkey""]",[],[],[],Other,0.9
2124,2026-06-05,Cross_Regional,BBC Arabic,"زيلينسكي يدعو بوتين إلى لقاء مباشر، والكرملين يرحب باجتماع في موسكو ""في أي وقت""",1,[MACRO INFO] Ο Πρόεδρος της Ουκρανίας κάλεσε τον Ρώσο Πρόεδρο σε απευθείας συνάντηση για τερματισμό του πολέμου.,,,"[""Ukraine"", ""Russia""]","[""Zelensky"", ""Putin""]",[],"[""Moscow""]",Humanitarian,0.9
2129,2026-06-05,Cross_Regional,Al Jazeera,Democrat fails to block US measure to deepen Israel military cooperation,1,[MACRO INFO] Δημοκρατικός βουλευτής απέτυχε να εμποδίσει μέτρο των ΗΠΑ για εμβάθυνση της στρατιωτικής συνεργασίας με το Ισραήλ.,,,"[""United States"", ""Israel""]",[],[],[],Policy Change,0.9
2130,2026-06-05,Cross_Regional,Middle East Eye,Operations at Oman's key terminal resumes following blast,1,"[MACRO INFO] Επιχειρήσεις στον τερματικό σταθμό Mina al-Fahal του Ομάν διεκόπησαν προσωρινά μετά από έκρηξη, πιθανώς λόγω επίθεσης drone, και στη συνέχεια επαναλήφθηκαν.",,,"[""Oman""]",[],[],"[""Mina al-Fahal""]",Other,0.9
2023,2026-06-04,Turkiye,Evrensel,"ABD istihbaratında kurumlar arası gerilim iddiası: CIA, Ulusal İstihbarat Başkanlığına bilgi akışını kesti",1,[MACRO INFO] Εσωτερική ένταση και προβλήματα στην ανταλλαγή πληροφοριών αναφέρονται μεταξύ της CIA και της Εθνικής Υπηρεσίας Πληροφοριών των ΗΠΑ.,,,"[""United States""]",[],"[""Central Intelligence Agency"", ""Office of the Director of National Intelligence""]",[],Other,0.9
2025,2026-06-04,Turkiye,Evrensel,Fenerbahçe'de seçim yaklaştı: Aziz Yıldırım canlı yayında son kozlarını paylaşacak,1,[MACRO INFO] Αναφορά σε προεδρικές εκλογές αθλητικού σωματείου στην Τουρκία.,,,[],[],[],[],Other,0.1
2032,2026-06-04,Egypt,Mada Masr English,"Abiy to win re-appointment in vote marred by insurgency, ballot fraud, shadow of civil war",1,"[MACRO INFO] Οι εκλογές στην Αιθιοπία αμαυρώθηκαν από εξέγερση, νοθεία και την απειλή εμφυλίου πολέμου.",,,"[""Ethiopia""]","[""Abiy""]",[],[],Humanitarian,0.9
2036,2026-06-04,Egypt,Egyptian Streets,Reimagining Port Said’s Abandoned Architecture as Cultural Tourism Spaces,1,[MACRO INFO] Η είδηση αφορά την ανάπτυξη εγκαταλελειμμένης αρχιτεκτονικής στο Πορτ Σάιντ της Αιγύπτου για πολιτιστικό τουρισμό.,,,"[""Egypt""]",[],[],"[""Port Said""]",Economic Migration,0.9
2037,2026-06-04,Egypt,Egyptian Streets,Inside SouthMED: TMG’s Vision for Egypt’s Mediterranean Future,1,[MACRO INFO] Μεγάλο κατασκευαστικό έργο αναπτύσσεται στην βορειοδυτική ακτή της Αιγύπτου.,,,"[""Egypt""]",[],"[""TMG""]","[""SouthMED"", ""northwestern coast of Egypt""]",Economic Migration,0.9
2049,2026-06-04,Cross_Regional,Al Monitor,"Brunei's sultan announces cabinet shake-up, appoints sons as ministers",1,"[MACRO INFO] Ο Σουλτάνος του Μπρουνέι ανακοίνωσε ανασχηματισμό του υπουργικού συμβουλίου, διορίζοντας τους γιους του ως υπουργούς, εν μέσω πίεσης από την παγκόσμια ενεργειακή κρίση.",,,"[""Brunei""]",[],[],[],Policy Change,0.9
1915,2026-06-03,Syria,North Press Agency,Austria tries former Syrian intelligence chief over torture allegations,1,[MACRO INFO] Δίκη πρώην αρχηγού των μυστικών υπηρεσιών της Συρίας διεξάγεται στην Αυστρία με κατηγορίες για βασανιστήρια.,,,"[""Austria"", ""Syria""]",[],[],[],Humanitarian,0.9
1930,2026-06-03,Lebanon,Daraj,محكمة الميدان العسكرية” زمن حافظ الأسد: أحكام إعدام بتهمة “معاداة الاشتراكية!,1,[MACRO INFO] Στρατιωτικά δικαστήρια στη Συρία την εποχή του Χαφέζ αλ Άσαντ επέβαλαν θανατικές ποινές σε πολίτες το 1983.,,,"[""Syria""]","[""Hafez al-Assad""]","[""Military Field Court""]",[],Humanitarian,0.9
1931,2026-06-03,Turkiye,Evrensel,Reha Muhtar hayatını kaybetti,1,[MACRO INFO] Ο Τούρκος δημοσιογράφος Reha Muhtar απεβίωσε λόγω καρδιακής ανεπάρκειας.,,,"[""Turkey""]","[""Reha Muhtar""]",[],[],Other,0.9
1932,2026-06-03,Turkiye,Evrensel,Sivas'ta KKKA hastalığı şüphesiyle tedavi gören kadın hayatını kaybetti,1,[MACRO INFO] Μία γυναίκα απεβίωσε στην Σεβάστεια της Τουρκίας με υποψία αιμορραγικού πυρετού Κριμαίας-Κονγκό.,,,"[""Turkey""]",[],[],"[""Sivas""]",Other,0.9
1940,2026-06-03,Egypt,Mada Masr English,Why a US-Iran deal no longer matters,1,"[MACRO INFO] Η αποκλιμάκωση των εντάσεων μεταξύ ΗΠΑ και Ιράν βρίσκεται σε εξέλιξη, με τις ΗΠΑ και αραβικά κράτη να επιδιώκουν την ειρήνη.",,,"[""United States"", ""Iran""]",[],[],"[""Arab states""]",Policy Change,0.9
1942,2026-06-03,Egypt,Mada Masr English,"Mohamed Aboul Diyar held on false news, terrorism charges after authorities target prisoners’ campaign event organizers",1,"[MACRO INFO] Ο Mohamed Aboul Diyar συνελήφθη κατηγορούμενος για ψευδείς ειδήσεις και τρομοκρατία, καθώς οι αρχές στοχοποιούν διοργανωτές εκδηλώσεων υπέρ κρατουμένων.",,,[],"[""Mohamed Aboul Diyar""]",[],[],Humanitarian,0.8
1944,2026-06-03,Egypt,Egyptian Streets,Egypt Tourist Arrivals Rise in Early 2026 by 15.6%,1,"[MACRO INFO] Οι αφίξεις διεθνών τουριστών στην Αίγυπτο αυξήθηκαν το πρώτο τρίμηνο του 2026, αλλά μειώθηκαν τον Απρίλιο.",,,"[""Egypt""]",[],[],[],Economic Migration,0.9
1948,2026-06-03,Cross_Regional,Al Jazeera,Japan’s stock market hits new record as AI boom gathers steam,1,[MACRO INFO] Η ιαπωνική χρηματιστηριακή αγορά Nikkei 225 έφτασε σε νέο ιστορικό ρεκόρ.,,,"[""Japan""]",[],[],[],Other,0.95
1950,2026-06-03,Cross_Regional,Al Jazeera,Kyiv residents seek shelter during renewed Russian attacks,1,[MACRO INFO] Κάτοικοι του Κιέβου αναζητούν καταφύγιο εν μέσω ανανεωμένων ρωσικών επιθέσεων.,,,"[""Russia""]",[],[],"[""Kyiv""]",Humanitarian,0.9
1964,2026-06-03,Syria,North Press Agency,Syrian universities advance in U.S.-based global ranking,1,[MACRO INFO] Συριακά πανεπιστήμια βελτίωσαν τη θέση τους σε παγκόσμια κατάταξη.,,,"[""Syria"", ""United States""]",[],[],[],Other,0.9
1989,2026-06-03,Egypt,Egyptian Streets,Inside SouthMED: TMG’s Vision for Egypt’s Mediterranean Future,1,[MACRO INFO] Η Talaat Moustafa Group αναπτύσσει ένα μεγάλο οικιστικό έργο με μαρίνα στην βορειοδυτική ακτή της Αιγύπτου.,,,"[""Egypt""]",[],"[""Talaat Moustafa Group"", ""TMG""]","[""SouthMED"", ""Mediterranean"", ""northwestern coast of Egypt""]",Other,0.9
1990,2026-06-03,Egypt,Egyptian Streets,Egypt’s “Greening Cairo” Plan Expands Restoration and Tourism Efforts in Historic City Districts,1,[MACRO INFO] Η κυβέρνηση της Αιγύπτου υλοποιεί σχέδιο αποκατάστασης ιστορικών συνοικιών του Καΐρου για την ενίσχυση του τουρισμού.,,,"[""Egypt""]",[],[],"[""Cairo""]",Policy Change,0.9
1995,2026-06-03,Cross_Regional,BBC Arabic,لماذا يعرقل نتنياهو اتفاق سلام بين الولايات المتحدة وإيران؟ - مقال في الغارديان,1,[MACRO INFO] Η βρετανική δημοσιογραφία συζητά την παρεμπόδιση της επίτευξης συμφωνίας μεταξύ ΗΠΑ και Ιράν.,,,"[""United States"", ""Iran"", ""United Kingdom""]","[""Netanyahu""]","[""The Guardian""]",[],Other,0.9
1997,2026-06-03,Cross_Regional,Al Jazeera,Is Asia facing a new currency crisis?,1,"[MACRO INFO] Οι ασιατικές οικονομίες αντιμετωπίζουν πιέσεις στις συναλλαγματικές ισοτιμίες λόγω ισχυρότερου δολαρίου, υψηλότερου κόστους ενέργειας και αβεβαιότητας στις αγορές.",,,[],[],[],"[""Asia""]",Other,0.9
2002,2026-06-03,Cross_Regional,Middle East Eye,Trump confirms he was 'perturbed' at Netanyahu over war in Lebanon,1,[MACRO INFO] Ο πρώην πρόεδρος των ΗΠΑ Ντόναλντ Τραμπ επιβεβαίωσε την ενόχλησή του προς τον πρωθυπουργό του Ισραήλ Μπενιαμίν Νετανιάχου σχετικά με τη διεξαγωγή πολέμου στον Λίβανο.,,,"[""USA"", ""Israel"", ""Lebanon""]","[""Donald Trump"", ""Benjamin Netanyahu""]",[],"[""Lebanon""]",Other,0.9
2004,2026-06-03,Cross_Regional,Al Monitor,Trump confirms he called Netanyahu crazy in phone call,1,"[MACRO INFO] Ο Ντόναλντ Τραμπ επιβεβαίωσε ότι αποκάλεσε τον Μπενιαμίν Νετανιάχου ""τρελό"" σε τηλεφωνική συνομιλία σχετικά με μάχες στον Λίβανο και εχθροπραξίες με το Ιράν.",,,"[""Lebanon"", ""Iran""]","[""Donald Trump"", ""Benjamin Netanyahu""]",[],[],Other,0.9
1830,2026-06-01,Syria,Enab Baladi,US Ends Thomas Barrack’s Syria Envoy Term,1,[MACRO INFO] Οι ΗΠΑ ολοκλήρωσαν τη θητεία του ειδικού απεσταλμένου τους στη Συρία.,,,"[""US"", ""Syria""]","[""Thomas Barrack""]",[],[],Policy Change,0.9
1841,2026-06-01,Turkiye,Evrensel,Toroslar’da boksit tehdidi büyüyor: Maden sahasını 21 kat genişletme planı mahkemeye taşındı,1,"[MACRO INFO] Κάτοικοι προσέφυγαν δικαστικά κατά σχεδίου επέκτασης ορυχείου βωξίτη στην περιοχή Τοροσλάρ της Μερσίν, το οποίο απειλεί γεωργικές εκτάσεις και υδάτινους πόρους.",,,"[""Turkey""]",[],[],"[""Toroslar"", ""Mersin""]",Policy Change,0.9
1842,2026-06-01,Turkiye,Evrensel,“Kaş Bir Rüya” temasıyla başlıyor: Kaş Film Festivali'nde 27 film yarışacak,1,[MACRO INFO] Διεθνές Φεστιβάλ Κινηματογράφου διοργανώνεται στο Κας και την Κωνσταντινούπολη τον Ιούνιο.,,,"[""Turkey""]",[],[],"[""Kaş"", ""Istanbul""]",Other,0.2
1843,2026-06-01,Turkiye,Turkish Minute,Opposition base rallies behind ousted CHP leader as court-installed chairman slams party mayors,1,[MACRO INFO] Στελέχη της αντιπολίτευσης στην Τουρκία στηρίζουν έκπτωτο αρχηγό του κόμματος εν μέσω εσωκομματικών συγκρούσεων.,,,"[""Turkey""]","[""ousted CHP leader"", ""court-installed chairman"", ""party mayors"", ""Opposition officials""]","[""CHP""]",[],Other,0.9
1846,2026-06-01,Turkiye,Turkish Minute,ECtHR faults Turkey for barring Orthodox priests from foundation boards,1,"[MACRO INFO] Το ΕΔΔΑ αποφάσισε ότι η Τουρκία παραβίασε τα δικαιώματα δύο Ελλήνων Ορθόδοξων ιερέων, εμποδίζοντάς τους να συμμετέχουν σε διοικητικά συμβούλια θρησκευτικών μειονοτικών ιδρυμάτων.",,,"[""Turkey"", ""Greece""]",[],"[""ECtHR""]",[],Policy Change,0.9
1853,2026-06-01,Egypt,Egyptian Streets,"Egypt Considers New Laws on Online Betting, Rumours, and Children’s Social Media Use",1,"[MACRO INFO] Η Αίγυπτος εξετάζει τροποποιήσεις στον νόμο για το ηλεκτρονικό έγκλημα, ποινικοποιώντας το διαδικτυακό στοίχημα και ενισχύοντας τις διατάξεις κατά της διάδοσης ψευδών πληροφοριών.",,,"[""Egypt""]",[],[],[],Policy Change,0.9
1859,2026-06-01,Cross_Regional,Al Jazeera,Ex-US Fed Chair Powell warns against politicisation amid Trump’s attacks,1,"[MACRO INFO] Ο πρώην πρόεδρος της Fed, Τζερόμ Πάουελ, προειδοποιεί κατά της πολιτικοποίησης εν μέσω επιθέσεων Τραμπ, αναφέροντας ότι η κεντρική τράπεζα των ΗΠΑ περνάει ένα «τεστ αντοχής».",,,"[""United States""]","[""Jerome Powell"", ""Donald Trump""]","[""Federal Reserve""]",[],Other,0.9
1862,2026-06-01,Cross_Regional,Middle East Eye,UK: Shabana Mahmood blocks entry for podcasters Cenk Uygur and Hasan Piker over Israel criticism,1,[MACRO INFO] Η κυβέρνηση του Ηνωμένου Βασιλείου απέρριψε την είσοδο σε δύο podcasters λόγω κριτικής κατά του Ισραήλ.,,,"[""UK"", ""Israel""]","[""Shabana Mahmood"", ""Cenk Uygur"", ""Hasan Piker""]",[],[],Policy Change,0.9
1886,2026-06-01,Turkiye,Evrensel,EMO’dan güneş enerjisi sistemleri için uyarı: “Denetimsizlik yangın riskini büyütüyor”,1,[MACRO INFO] Η EMO Kocaeli εξέδωσε προειδοποίηση για κίνδυνο πυρκαγιών σε ηλιακά συστήματα λόγω ακατάλληλου εξοπλισμού και ελλιπούς τεχνικού ελέγχου στο Gölcük της Τουρκίας.,,,"[""Turkey""]",[],"[""EMO""]","[""Gölcük"", ""Kocaeli""]",Humanitarian,0.9
1887,2026-06-01,Turkiye,Evrensel,"Abdulkadir Selvi: ""İmamoğlu ve Özel'in yol haritası ortaya çıktı""",1,[MACRO INFO] Συζητήθηκε ο οδικός χάρτης μεταξύ του Ekrem İmamoğlu και του Özgür Özel σε συνάντηση στη Σηλυβρία.,,,"[""Turkey""]","[""Abdulkadir Selvi"", ""Ekrem İmamoğlu"", ""Özgür Özel""]",[],"[""Silivri""]",Policy Change,0.9
1891,2026-06-01,Turkiye,Turkish Minute,Turkey seeks drone development and production with Japan,1,[MACRO INFO] Η Τουρκία επιδιώκει τη συνεργασία με την Ιαπωνία για την ανάπτυξη και παραγωγή drones.,,,"[""Turkey"", ""Japan""]",[],[],[],Other,0.9
1904,2026-06-01,Cross_Regional,Al Jazeera,US says ban on AI chip shipments applies to Chinese firms outside China,1,[MACRO INFO] Οι ΗΠΑ απαγορεύουν τις αποστολές τσιπ τεχνητής νοημοσύνης σε κινεζικές εταιρείες και εκτός Κίνας.,,,"[""United States"", ""China""]",[],[],[],Policy Change,0.9
1780,2026-05-31,Syria,Enab Baladi,Syria’s National Commission for the Missing Confirms Deaths of Rania al-Abbasi’s Children,1,[MACRO INFO] Η Εθνική Επιτροπή για τους Αγνοούμενους της Συρίας επιβεβαίωσε τους θανάτους των παιδιών της Ράνια αλ-Αμπάσι.,,,"[""Syria""]","[""Rania al-Abbasi""]","[""Syria’s National Commission for the Missing""]",[],Humanitarian,0.95
1796,2026-05-31,Turkiye,Turkish Minute,Opposition base rallies behind ousted CHP leader as court-installed chairman slams party mayors,1,[MACRO INFO] Εσωτερική πολιτική διαμάχη στο κύριο κόμμα της αντιπολίτευσης της Τουρκίας με συγκεντρώσεις υποστηρικτών.,,,"[""Turkey""]",[],"[""CHP""]",[],Other,0.9
1799,2026-05-31,Turkiye,Turkish Minute,ECtHR faults Turkey for barring Orthodox priests from foundation boards,1,[MACRO INFO] Το Ευρωπαϊκό Δικαστήριο Ανθρωπίνων Δικαιωμάτων έκρινε ότι η Τουρκία παραβίασε τα δικαιώματα Ελληνορθόδοξων ιερέων απαγορεύοντας τους να υπηρετούν σε συμβούλια ιδρυμάτων.,,,"[""Turkey""]",[],"[""ECtHR"", ""Ευρωπαϊκό Δικαστήριο Ανθρωπίνων Δικαιωμάτων""]",[],Policy Change,0.9
1806,2026-05-31,Egypt,Egyptian Streets,"Egypt Considers New Laws on Online Betting, Rumours, and Children’s Social Media Use",1,"[MACRO INFO] Η Αίγυπτος εξετάζει νέους νόμους για διαδικτυακό στοίχημα, κυβερνοεκβιασμό και διάδοση φημών.",,,"[""Egypt""]",[],[],[],Policy Change,0.9
1809,2026-05-31,Cross_Regional,Al Jazeera,Emotional scenes as more survivors pulled from flooded Laos cave,1,[MACRO INFO] Δύτες στο Λάος διέσωσαν εγκλωβισμένους χωρικούς από πλημμυρισμένο σπήλαιο.,,,"[""Laos""]",[],[],"[""Laos cave""]",Humanitarian,0.9
1733,2026-05-29,Syria,North Press Agency,Syria says progress made in removing chemical weapons remnants,1,[MACRO INFO] Η Συρία ανακοίνωσε πρόοδο στην απομάκρυνση υπολειμμάτων χημικών όπλων.,,,"[""Syria""]",[],[],[],Other,0.9
1736,2026-05-29,Syria,North Press Agency,"Australian women, children linked to ISIS plan return from Syria",1,[MACRO INFO] Αυστραλές γυναίκες και παιδιά που συνδέονται με τον ISIS σχεδιάζουν επαναπατρισμό από τη βορειοανατολική Συρία.,,,"[""Australia"", ""Syria""]",[],"[""ISIS""]","[""Northeast Syria""]",Humanitarian,0.9
1744,2026-05-29,Syria,Syria Direct,Syria bids farewell to its ‘Kingdom of Silence’—but warnings remain over a ‘trap’ in comparing press freedom with the Assad era,1,[MACRO INFO] Η Συρία χαρακτηρίζεται από συνεχιζόμενη καταστολή της ελευθερίας του Τύπου και απώλειες δημοσιογράφων από το 2011.,,,"[""Syria""]",[],[],[],Humanitarian,0.9
1747,2026-05-29,Lebanon,Daraj,ماذا لو نستوحي من قصة النبي إبراهيم؟!,1,"[MACRO INFO] Το κείμενο εκφράζει μια φιλοσοφική άποψη για την πίστη, τον σεβασμό στη ζωή και την προστασία των παιδιών.",,,[],"[""Prophet Abraham""]",[],[],Humanitarian,0.7
1748,2026-05-29,Lebanon,Daraj,صحافة “الفرجة”: حين هزمت الخوارزميات نظريات الإعلام!,1,"[MACRO INFO] Οι αλγόριθμοι διαμορφώνουν την παραγωγή περιεχομένου στα μέσα ενημέρωσης, ευνοώντας αυτό που προκαλεί έντονα συναισθήματα για μεγαλύτερη διάδοση.",,,[],[],[],[],Other,0.95
1751,2026-05-29,Turkiye,Turkish Minute,[OPINION] Engineering the opposition: Erdoğan’s legal campaign to handpick his rivals,1,[MACRO INFO] Νομική εκστρατεία του Προέδρου Ερντογάν επιδιώκει τον έλεγχο της αντιπολίτευσης στην Τουρκία.,,,"[""Turkey""]","[""Erdoğan""]",[],[],Policy Change,0.95
1752,2026-05-29,Turkiye,Turkish Minute,Teacher arrested after climbing onto police water cannon at İzmir CHP protest,1,[MACRO INFO] Ένας δάσκαλος συνελήφθη στην Σμύρνη της Τουρκίας κατά τη διάρκεια διαμαρτυρίας του κόμματος της αξιωματικής αντιπολίτευσης.,,,"[""Turkey""]",[],"[""CHP""]","[""İzmir""]",Other,0.9
1754,2026-05-29,Egypt,Mada Masr English,Why a US-Iran deal no longer matters,1,"[MACRO INFO] Ο Πρόεδρος Τραμπ σηματοδότησε την προθυμία του να συνάψει συμφωνία με το Ιράν, με τις τελικές λεπτομέρειες να συζητούνται.",,,"[""USA"", ""Iran""]","[""Trump""]",[],[],Policy Change,0.9
1758,2026-05-29,Egypt,Egyptian Streets,"Egypt Considers New Laws on Online Betting, Rumours, and Children’s Social Media Use",1,"[MACRO INFO] Η Αίγυπτος εξετάζει νέα νομοθεσία για την ποινικοποίηση του διαδικτυακού στοιχήματος, του εκβιασμού και της διάδοσης ψευδών ειδήσεων.",,,"[""Egypt""]",[],[],[],Policy Change,0.9
1759,2026-05-29,Cross_Regional,BBC Arabic,نائب الرئيس الأمريكي: لم نتوصل بعد إلى اتفاق مع إيران لكننا نقترب من ذلك,1,"[MACRO INFO] Ο αντιπρόεδρος των ΗΠΑ δήλωσε ότι οι ΗΠΑ και το Ιράν πλησιάζουν σε συμφωνία για παράταση ανακωχής, αν και υπάρχουν ακόμη διαφωνίες.",,,"[""USA"", ""Iran""]",[],[],[],Policy Change,0.9
1763,2026-05-29,Cross_Regional,Al Jazeera,Senegal deny World Cup travel delay is due to coach dispute,1,[MACRO INFO] Η ομάδα ποδοσφαίρου της Σενεγάλης αντιμετωπίζει προβλήματα ενόψει του Παγκοσμίου Κυπέλλου λόγω διαμάχης προπονητή και προηγούμενης αποβολής από αγώνα.,,,"[""Senegal""]",[],[],[],Other,0.9
1764,2026-05-29,Cross_Regional,Al Jazeera,Ethiopia to vote on June 1 as Abiy’s ruling party eyes landslide victory,1,[MACRO INFO] Η Αιθιοπία διεξάγει εκλογές εν μέσω κατακερματισμού της αντιπολίτευσης και βίας σε ορισμένες περιοχές.,,,"[""Ethiopia""]","[""Abiy""]",[],[],Humanitarian,0.9
1768,2026-05-29,Cross_Regional,Middle East Eye,Iran's Pezeshkian thanks Malaysia and Pakistan for support,1,"[MACRO INFO] Ο Ιρανός πρόεδρος Pezeshkian ευχαρίστησε τη Μαλαισία και το Πακιστάν για τη συνεργασία τους, δηλώνοντας την πρόθεση του Ιράν να επεκτείνει τη συνεργασία με μουσουλμανικές και γειτονικές χώρες.",,,"[""Iran"", ""Malaysia"", ""Pakistan""]","[""Pezeshkian""]",[],[],Policy Change,0.9
1769,2026-05-29,Cross_Regional,Middle East Eye,Report: US military planes at Ben Gurion Airport cost Israel $248m in losses,1,[MACRO INFO] Η παρουσία αμερικανικών στρατιωτικών αεροσκαφών στο αεροδρόμιο Μπεν Γκουριόν προκάλεσε ζημίες 248 εκατομμυρίων δολαρίων στις αρχές του αεροδρομίου του Ισραήλ.,,,"[""United States"", ""Israel""]",[],"[""US military"", ""Israeli airport authorities""]","[""Ben Gurion Airport""]",Other,0.9
1772,2026-05-29,Cross_Regional,Al Monitor,Austrian who planned attack on Taylor Swift concert gets 15-year sentence,1,[MACRO INFO] Αυστριακό δικαστήριο καταδίκασε 21χρονο σε 15ετή φυλάκιση για σχεδιασμό ισλαμιστικής επίθεσης στη Βιέννη.,,,"[""Austria""]","[""Taylor Swift""]",[],"[""Vienna""]",Other,0.9
1649,2026-05-28,Syria,North Press Agency,"Barzani meets SDF commander, emphasizes Kurdish dialogue in Syria",1,[MACRO INFO] Ο Πρόεδρος της Περιφέρειας του Κουρδιστάν του Ιράκ συναντήθηκε με τον διοικητή των Συριακών Δημοκρατικών Δυνάμεων για να συζητήσουν τον κουρδικό διάλογο στη Συρία.,,,"[""Syria"", ""Iraq""]","[""Barzani""]","[""Syrian Democratic Forces""]","[""Kurdistan""]",Policy Change,0.9
1650,2026-05-28,Syria,North Press Agency,"Australian women, children linked to ISIS plan return from Syria",1,[MACRO INFO] Αυστραλιανές γυναίκες και παιδιά συνδεδεμένα με το ISIS ετοιμάζονται να επιστρέψουν στην Αυστραλία από τη βορειοανατολική Συρία.,,,"[""Australia"", ""Syria""]",[],"[""ISIS""]","[""Northeastern Syria""]",Humanitarian,0.9
1653,2026-05-28,Syria,Enab Baladi,Germany Arrests Syrian in Berlin Stabbing Case,1,[MACRO INFO] Στη Γερμανία συνελήφθη Σύρος για υπόθεση μαχαιρώματος στο Βερολίνο.,,,"[""Germany"", ""Syria""]",[],[],"[""Berlin""]",Other,0.9
1662,2026-05-28,Syria,Syria Direct,Suwayda’s students caught up in the struggle with Damascus,1,[MACRO INFO] Φοιτητές στη Σουέιντα της Συρίας αντιμετωπίζουν προβλήματα αναγνώρισης πτυχίων λόγω διαμάχης με την κυβέρνηση της Δαμασκού.,,,"[""Syria""]",[],[],"[""Suwayda"", ""Damascus""]",Policy Change,0.9
1664,2026-05-28,Lebanon,Daraj,صحافة “الفرجة”: حين هزمت الخوارزميات نظريات الإعلام!,1,"[MACRO INFO] Οι αλγόριθμοι επηρεάζουν την παραγωγή μέσων ενημέρωσης, ευνοώντας περιεχόμενο που προκαλεί έντονα συναισθήματα για μεγαλύτερη διάδοση.",,,[],[],[],[],Other,0.9
1666,2026-05-28,Turkiye,Evrensel,Sermayenin rotası Kafkasya'dan geçecek: Trump'tan Paşinyan'a seçim öncesi açık destek,1,"[MACRO INFO] Οι ΗΠΑ εξέφρασαν πλήρη υποστήριξη στον Πρωθυπουργό της Αρμενίας Πασινιάν ενόψει εκλογών, με στόχο την πρόσβαση σε ενεργειακούς διαδρόμους στην Κεντρική Ασία.",,,"[""USA"", ""Armenia""]","[""Trump"", ""Pashinyan""]",[],"[""Caucasus"", ""Central Asia""]",Policy Change,0.9
1667,2026-05-28,Turkiye,Evrensel,Quaresma'dan Beşiktaş itirafı: Evimdeyim dedim,1,"[MACRO INFO] Ο πρώην ποδοσφαιριστής της Μπεσίκτας, Ρικάρντο Κουαρέσμα, έκανε δηλώσεις για την πρώτη περίοδο μεταγραφής του.",,,[],"[""Ricardo Quaresma""]","[""Beşiktaş""]",[],Economic Migration,0.9
1668,2026-05-28,Turkiye,Evrensel,Rıza Çalımbay'dan Beşiktaş başkanlığına yeşil ışık: Neden olmasın?,1,[MACRO INFO] Ο Rıza Çalımbay εξέφρασε ενδιαφέρον να αναλάβει την προεδρία της ποδοσφαιρικής ομάδας Μπεσίκτας.,,,[],"[""Rıza Çalımbay""]","[""Beşiktaş""]",[],Other,0.9
1671,2026-05-28,Turkiye,Turkish Minute,Ousted Turkish opposition leader says he has no plans to form new party,1,[MACRO INFO] Ο έκπτωτος ηγέτης της τουρκικής αντιπολίτευσης Özgür Özel δήλωσε ότι δεν έχει σχέδια να σχηματίσει νέο κόμμα.,,,"[""Turkey""]","[""Özgür Özel""]",[],[],Other,0.9
1672,2026-05-28,Turkiye,Turkish Minute,Kılıçdaroğlu signals purge in CHP after court reinstates him as leader,1,[MACRO INFO] Ο Kılıçdaroğlu επανήλθε στην ηγεσία του CHP και προανήγγειλε εσωκομματική εκκαθάριση.,,,"[""Turkey""]","[""Kılıçdaroğlu""]","[""CHP""]",[],Other,0.9
1677,2026-05-28,Egypt,Egyptian Streets,IRONMAN 70.3 to Take Place in Sharm El Sheikh in October 2026,1,[MACRO INFO] Διεθνής αγώνας τριάθλου IRONMAN 70.3 θα διεξαχθεί στο Σαρμ Ελ Σέιχ της Αιγύπτου τον Οκτώβριο του 2026.,,,"[""Egypt""]",[],"[""IRONMAN 70.3""]","[""Sharm El Sheikh""]",Other,0.9
1678,2026-05-28,Egypt,Egyptian Streets,Egypt to Clear Foreign Oil and Gas Dues by 10 June: PM,1,[MACRO INFO] Η Αίγυπτος θα εξοφλήσει έως τις 10 Ιουνίου όλες τις εκκρεμείς οφειλές της προς ξένες εταιρείες πετρελαίου και φυσικού αερίου.,,,"[""Egypt""]",[],[],[],Policy Change,0.9
1679,2026-05-28,Egypt,Egyptian Streets,Grand Egyptian Museum Warns of Fake Ticket Websites and Social Media Scams,1,[MACRO INFO] Το Μεγάλο Αιγυπτιακό Μουσείο εξέδωσε προειδοποίηση για ψεύτικους ιστότοπους πώλησης εισιτηρίων και απάτες στα μέσα κοινωνικής δικτύωσης.,,,"[""Egypt""]",[],"[""Grand Egyptian Museum""]",[],Other,0.9
1682,2026-05-28,Cross_Regional,Al Jazeera,Ebola outbreak: What travel restrictions have countries imposed?,1,"[MACRO INFO] Ο Καναδάς, οι Μπαχάμες και οι ΗΠΑ επέβαλαν ταξιδιωτικούς περιορισμούς λόγω κρούσματος Έμπολα.",,,"[""Canada"", ""Bahamas"", ""USA""]",[],[],[],Policy Change,0.95
1689,2026-05-28,Cross_Regional,Al Monitor,Austrian trial over foiled attack on Taylor Swift concert enters final day,1,[MACRO INFO] Ολοκληρώνεται στη Βιέννη η δίκη 21χρονου για αποτραπείσα ισλαμιστική επίθεση σε συναυλία.,,,"[""Austria""]","[""Taylor Swift""]",[],"[""Vienna""]",Other,0.9
1707,2026-05-28,Turkiye,Evrensel,"Tütün ekimi başladı, kaygı büyüdü: Çiftçi düşük fiyat ve maliyet kıskacında",1,[MACRO INFO] Οι παραγωγοί καπνού στην Αντιγιαμάν αντιμετωπίζουν οικονομικές δυσκολίες λόγω αυξημένου κόστους και χαμηλών τιμών.,,,"[""Turkey""]",[],[],"[""Adıyaman""]",Economic Migration,0.9
1708,2026-05-28,Turkiye,Evrensel,"Bahçeli’den Özgür Özel’e: “Çok ıslandın, sağlığına dikkat et”",1,[MACRO INFO] Ο Πρόεδρος του MHP Devlet Bahçeli επικοινώνησε με τον Πρόεδρο του CHP Özgür Özel και του ευχήθηκε για την υγεία του.,,,"[""Turkey""]","[""Devlet Bahçeli"", ""Özgür Özel""]","[""MHP"", ""CHP""]",[],Other,0.7
1709,2026-05-28,Turkiye,Evrensel,İzmir’de 33 kedinin ölü bulunmasına ilişkin soruşturma: Veteriner hekim tutuklandı,1,[MACRO INFO] Στην Σμύρνη συνελήφθη κτηνίατρος για τον θάνατο 33 γατών.,,,"[""Turkey""]",[],[],"[""İzmir""]",Other,0.9
1718,2026-05-28,Egypt,Mada Masr English,"Nine killed in ‘random’ shooting across 2 sites in Assiut, says MP",1,[MACRO INFO] Εννέα άτομα σκοτώθηκαν και έξι τραυματίστηκαν σε περιστατικό πυροβολισμών στην περιοχή Ασιούτ της Αιγύπτου.,,,"[""Egypt""]",[],[],"[""Assiut""]",Other,0.9
1721,2026-05-28,Cross_Regional,BBC Arabic,"""كأنه خروج من السجن""… ارتياح في إيران مع عودة الإنترنت",1,"[MACRO INFO] Το διαδίκτυο επανήλθε στο Ιράν μετά από τρίμηνη διακοπή, προκαλώντας ανακούφιση στον πληθυσμό.",,,"[""Iran""]",[],[],[],Other,0.9
1723,2026-05-28,Cross_Regional,Al Jazeera,Ghana welcomes home citizens evacuated from South Africa,1,[MACRO INFO] Η Γκάνα υποδέχτηκε περίπου 300 πολίτες της που απομακρύνθηκαν από τη Νότια Αφρική λόγω αντιμεταναστευτικών εντάσεων.,,,"[""Ghana"", ""South Africa""]",[],[],[],Humanitarian,0.9
1567,2026-05-27,Syria,Enab Baladi,Illicit Enrichment Committee Extends Disclosure Deadline,1,[MACRO INFO] Μια επιτροπή για την καταπολέμηση του παράνομου πλουτισμού ανακοίνωσε παράταση της προθεσμίας για ένα πρόγραμμα εκούσιας αποκάλυψης.,,,[],[],"[""Illicit Enrichment Committee""]",[],Policy Change,0.9
1570,2026-05-27,Syria,Syria Direct,"As Atef Najib’s trial proceeds, what legal basis exists for transitional justice?",1,"[MACRO INFO] Η δίκη του πρώην αξιωματούχου του καθεστώτος Άσαντ, Atef Najib, προχωρά εν μέσω ερωτημάτων για το νομικό πλαίσιο της μεταβατικής δικαιοσύνης.",,,"[""Syria""]","[""Atef Najib"", ""Assad""]",[],[],Policy Change,0.9
1573,2026-05-27,Lebanon,Daraj,الله في نسخه المتعدّدة,1,[MACRO INFO] Το κείμενο πραγματεύεται τη φιλοσοφική έννοια του Θεού ως εργαλείο εξουσίας.,,,[],[],[],[],Other,0.95
1576,2026-05-27,Turkiye,Evrensel,İstanbul'da bayramın ilk gününde yollar boş kaldı: Trafik yoğunluğu yüzde 4 olarak ölçüldü,1,[MACRO INFO] Η κίνηση στους δρόμους της Κωνσταντινούπολης κατά την πρώτη ημέρα του Κουρμπάν Μπαϊράμ μετρήθηκε στο 4%.,,,[],[],[],"[""Istanbul""]",Other,0.9
1578,2026-05-27,Turkiye,Turkish Minute,Iraq seeks talks with Turkey on new oil transit deal,1,[MACRO INFO] Το Ιράκ επιδιώκει συνομιλίες με την Τουρκία για νέα συμφωνία διέλευσης πετρελαίου.,,,"[""Iraq"", ""Turkey""]",[],[],[],Policy Change,0.9
1584,2026-05-27,Egypt,Mada Masr English,"Sudan Nashra: Military moves ahead with allied forces integration, Juba armed movements scramble to secure political guarantees | RSF introduces emergency internal measures across Darfur amid wave of defections | Darfur’s Jebel Marra grapples with di",1,"[MACRO INFO] Ο στρατός στο Σουδάν προχωρά σε ενσωμάτωση δυνάμεων, ενώ οι RSF εφαρμόζουν έκτακτα μέτρα στο Νταρφούρ εν μέσω αποστασιών και κρουσμάτων ασθενειών.",,,"[""Sudan""]",[],"[""RSF"", ""Juba armed movements""]","[""Darfur"", ""Juba"", ""Jebel Marra""]",Humanitarian,0.9
1586,2026-05-27,Egypt,Egyptian Streets,Egypt to Clear Foreign Oil and Gas Dues by 10 June: PM,1,"[MACRO INFO] Η Αίγυπτος αναμένεται να εξοφλήσει όλες τις οφειλές προς ξένες εταιρείες πετρελαίου και φυσικού αερίου έως τις 10 Ιουνίου, ενθαρρύνοντας διεθνείς επενδύσεις.",,,"[""Egypt""]",[],[],[],Policy Change,0.9
1587,2026-05-27,Egypt,Egyptian Streets,"Egypt Confirms No Ebola Cases, Urges Citizens to Avoid Non-Essential Travel to Affected Areas",1,"[MACRO INFO] Η Αίγυπτος επιβεβαίωσε ότι δεν έχει κρούσματα Έμπολα, αυξάνοντας τα επίπεδα ετοιμότητας και καλώντας τους πολίτες να αποφύγουν μη απαραίτητα ταξίδια σε πληγείσες περιοχές.",,,"[""Egypt""]",[],[],[],Humanitarian,0.9
1603,2026-05-27,Cross_Regional,Al Monitor,UN Security Council condemns attack on UAE nuclear plant,1,[MACRO INFO] Το Συμβούλιο Ασφαλείας του ΟΗΕ καταδίκασε επίθεση στον πυρηνικό σταθμό Μπαρακά στα Ηνωμένα Αραβικά Εμιράτα.,,,"[""United Arab Emirates""]",[],"[""UN Security Council"", ""UN""]",[],Other,0.9
1606,2026-05-27,Syria,North Press Agency,"Australian women, children linked to ISIS plan return from Syria",1,[MACRO INFO] Ομάδα Αυστραλιανών γυναικών και παιδιών που συνδέονται με τον ISIS ετοιμάζεται να επιστρέψει στην Αυστραλία από τη βορειοανατολική Συρία.,,,"[""Australia"", ""Syria""]",[],"[""ISIS""]","[""northeastern Syria""]",Humanitarian,0.9
1620,2026-05-27,Turkiye,Evrensel,Güne düşüşle başladı: Altının gramı 6 bin 615 liradan işlem görüyor,1,"[MACRO INFO] Η τιμή του χρυσού στην Τουρκία ξεκίνησε την ημέρα με πτώση, με το γραμμάριο να διαπραγματεύεται στις 6.615 λίρες.",,,"[""Turkey""]",[],[],[],Economic Migration,0.9
1621,2026-05-27,Turkiye,Evrensel,Hanta virüsü vaka sayısı İspanya'daki yeni vakayla 13'e yükseldi,1,"[MACRO INFO] Ο αριθμός των κρουσμάτων ιού Χάντα αυξήθηκε σε 13, με ένα νέο κρούσμα στην Ισπανία, σχετιζόμενα με το κρουαζιερόπλοιο MV Hondius.",,,"[""Spain""]",[],[],[],Humanitarian,0.9
1622,2026-05-27,Turkiye,Evrensel,DSÖ: Kongo Demokratik Cumhuriyeti'nde 10 milyon kişi açlıkla karşı karşıya,1,[MACRO INFO] Δέκα εκατομμύρια άνθρωποι αντιμετωπίζουν την πείνα στη Λαϊκή Δημοκρατία του Κονγκό.,,,"[""Democratic Republic of Congo""]",[],"[""World Health Organization""]",[],Humanitarian,0.95
1630,2026-05-27,Egypt,Mada Masr English,"Divorce, Al-Azhar, the state and other separations that can’t be spoken into existence",1,[MACRO INFO] Κριτικοί αμφισβητούν την αποτελεσματικότητα του νέου οικογενειακού νόμου στην Αίγυπτο.,,,"[""Egypt""]",[],"[""Al-Azhar""]",[],Policy Change,0.9
1632,2026-05-27,Egypt,Egyptian Streets,Grand Egyptian Museum Warns of Fake Ticket Websites and Social Media Scams,1,[MACRO INFO] Το Μεγάλο Αιγυπτιακό Μουσείο προειδοποιεί για απάτες με πλαστές ιστοσελίδες και εισιτήρια.,,,"[""Egypt""]",[],"[""Grand Egyptian Museum""]",[],Other,0.9
1633,2026-05-27,Egypt,Egyptian Streets,The Letter That Helped Ignite Egypt’s Feminist Awakening,1,[MACRO INFO] Η είδηση αναφέρεται σε μια ιστορική ταινία και την αφύπνιση του φεμινισμού στην Αίγυπτο.,,,"[""Egypt""]",[],[],[],Other,0.9
1638,2026-05-27,Cross_Regional,Al Jazeera,DRC flight suspension and Uganda border curbs isolate Ebola-hit Bunia,1,"[MACRO INFO] Η πόλη Bunia αντιμετωπίζει απομόνωση λόγω φόβων επιδημίας Έμπολα, με την αναστολή πτήσεων και τους περιορισμούς στα σύνορα της Ουγκάντα να προκαλούν οικονομική πίεση.",,,"[""DRC"", ""Uganda""]",[],[],"[""Bunia""]",Border Crisis,0.9
1475,2026-05-26,Syria,North Press Agency,"Australian women, children linked to ISIS plan return from Syria",1,[MACRO INFO] Αυστραλιανές γυναίκες και παιδιά που συνδέονται με τον ISIS ετοιμάζονται να επιστρέψουν στην Αυστραλία από τη βορειοανατολική Συρία.,,,"[""Australia"", ""Syria""]",[],"[""ISIS""]","[""Northeastern Syria""]",Humanitarian,0.9
1478,2026-05-26,Syria,North Press Agency,Syria adds 9 heritage sites to ISESCO heritage list for first time in 14 years,1,[MACRO INFO] Η Συρία πρόσθεσε εννέα μνημεία πολιτιστικής κληρονομιάς στον κατάλογο της ISESCO για πρώτη φορά έπειτα από 14 χρόνια.,,,"[""Syria""]",[],"[""ISESCO""]",[],Policy Change,0.9
1480,2026-05-26,Syria,Enab Baladi,Syrian Government Frees 88 SDF Fighters in al-Hasakah,1,[MACRO INFO] Η συριακή κυβέρνηση απελευθέρωσε 88 μαχητές των Συριακών Δημοκρατικών Δυνάμεων στην Αλ-Χασάκα.,,,"[""Syria""]",[],"[""Syrian Government"", ""Syrian Democratic Forces""]","[""al-Hasakah""]",Humanitarian,0.9
1490,2026-05-26,Lebanon,Daraj,من غرب إفريقيا إلى القرن الإفريقي: قراءة في الأزمات الأمنية والاقتصادية,1,"[MACRO INFO] Η είδηση αναλύει κρίσεις ασφαλείας και οικονομίας στη Δυτική Αφρική και το Κέρας της Αφρικής, επισημαίνοντας την ανάγκη για κοινές πολιτικές διαχείρισης της μετανάστευσης στην περιοχή.",,,[],[],[],"[""West Africa"", ""Horn of Africa""]",Policy Change,0.9
1491,2026-05-26,Turkiye,Evrensel,"Özgür Özel İletişim'den bayramlaşma SMS'i uyarısı: Butlancılar gönderdi, bizimle ilgisi yok",1,[MACRO INFO] Ο αρχηγός του κόμματος CHP στην Τουρκία προειδοποίησε για πλαστά SMS που καλούσαν σε συγκέντρωση για τον εορτασμό του Μπαϊραμιού.,,,"[""Turkey""]","[""Özgür Özel""]","[""CHP""]",[],Other,0.9
1494,2026-05-26,Turkiye,Turkish Minute,Looming Armenian elections put rapprochement with Turkey at stake,1,[MACRO INFO] Οι επερχόμενες εκλογές στην Αρμενία αφορούν τις προσπάθειες εξομάλυνσης σχέσεων με την Τουρκία.,,,"[""Armenia"", ""Turkey""]",[],[],[],Policy Change,0.9
1499,2026-05-26,Egypt,Mada Masr English,"Nine killed in ‘random’ shooting across 2 sites in Assiut, says MP",1,"[MACRO INFO] Εννέα άνθρωποι σκοτώθηκαν και έξι τραυματίστηκαν σε δύο διαδοχικούς πυροβολισμούς στην περιοχή Abnub, στην Ασιούτ της Αιγύπτου.",,,"[""Egypt""]",[],[],"[""Assiut"", ""Abnub""]",Humanitarian,0.9
1500,2026-05-26,Egypt,Mada Masr English,"Divorce, Al-Azhar, the state and other separations that can’t be spoken into existence",1,[MACRO INFO] Διατυπώνεται κριτική για την εφαρμογή του νέου οικογενειακού νόμου στην Αίγυπτο.,,,"[""Egypt""]",[],"[""Al-Azhar""]",[],Policy Change,0.9
1501,2026-05-26,Egypt,Egyptian Streets,"Egypt Confirms No Ebola Cases, Urges Citizens to Avoid Non-Essential Travel to Affected Areas",1,[MACRO INFO] Η Αίγυπτος επιβεβαίωσε ότι δεν έχει κρούσματα Έμπολα και συνιστά στους πολίτες να αποφεύγουν τα μη απαραίτητα ταξίδια σε πληγείσες περιοχές.,,,"[""Egypt""]",[],[],[],Humanitarian,0.9
1504,2026-05-26,Cross_Regional,BBC Arabic,"""رؤية 2030"": كيف اصطدمت مشاريع السعودية العملاقة بحدود الواقع؟",1,[MACRO INFO] Το όραμα 2030 της Σαουδικής Αραβίας αντιμετωπίζει προκλήσεις στην υλοποίηση των γιγαντιαίων του έργων.,,,"[""Saudi Arabia""]",[],[],[],Economic Migration,0.9
1506,2026-05-26,Cross_Regional,BBC Arabic,نصائح للحجاج قد تساعد في الحفاظ على صحتهم أثناء أداء مناسك الحج,1,[MACRO INFO] Συμβουλές υγείας για προσκυνητές κατά την εκτέλεση του Χατζ.,,,"[""Saudi Arabia""]",[],[],"[""Mecca""]",Humanitarian,0.9
1523,2026-05-26,Syria,Enab Baladi,"Damascus University Plans Paperless Library, AI Center",1,[MACRO INFO] Το Πανεπιστήμιο της Δαμασκού και το Ίδρυμα Saïd υπέγραψαν συμφωνίες για την ίδρυση ψηφιακής πανεπιστημιακής βιβλιοθήκης και κέντρου τεχνητής νοημοσύνης.,,,[],[],"[""Damascus University"", ""Saïd Foundation""]","[""Damascus""]",Other,0.9
1528,2026-05-26,Syria,Syria Direct,"Syrian Jews and allies seek a place in the country’s future, divided over Israel",1,[MACRO INFO] Σύριοι Εβραίοι και σύμμαχοι διχάζονται για τον ρόλο του Ισραήλ στην προσπάθεια αναβίωσης της εβραϊκής κληρονομιάς στη Συρία.,,,"[""Syria"", ""Israel""]",[],[],[],Humanitarian,0.9
1533,2026-05-26,Turkiye,Evrensel,Pülümür'de madene karşı yapılacak buluşmaya çağrı,1,[MACRO INFO] Κλήση για λαϊκή συνάντηση στην περιοχή Pülümür της Τουρκίας ενάντια σε ορυχείο που απειλεί τοπικά χωριά.,,,"[""Turkey""]",[],[],"[""Pülümür""]",Humanitarian,0.9
1535,2026-05-26,Turkiye,Evrensel,Senegal'de yeni başbakan belli oldu,1,"[MACRO INFO] Ο Πρόεδρος της Σενεγάλης διόρισε τον Ahmadou Al Aminou Lo ως πρωθυπουργό, αντικαθιστώντας τον Ousmane Sonko.",,,"[""Senegal""]","[""Ahmadou Al Aminou Lo"", ""Ousmane Sonko""]",[],[],Policy Change,0.9
1545,2026-05-26,Egypt,Egyptian Streets,Egypt Signs Deal for First Nationwide Mineral Survey in Over Four Decades,1,[MACRO INFO] Η Αίγυπτος υπέγραψε συμφωνία για την πρώτη εθνική αερογεωφυσική έρευνα ορυκτών εδώ και τέσσερις δεκαετίες με στόχο την προσέλκυση επενδύσεων.,,,"[""Egypt""]",[],[],[],Economic Migration,0.9
1555,2026-05-26,Cross_Regional,Middle East Eye,China and Pakistan back five-point plan for Middle East stability,1,[MACRO INFO] Η Κίνα και το Πακιστάν υποστηρίζουν ένα σχέδιο πέντε σημείων για την αποκατάσταση της ειρήνης και σταθερότητας στη Μέση Ανατολή.,,,"[""China"", ""Pakistan""]",[],[],"[""Middle East""]",Policy Change,0.9
1452,2026-05-25,Turkiye,Evrensel,Serenay Sarıkaya gözaltına alındı,1,[MACRO INFO] Η ηθοποιός Serenay Sarıkaya συνελήφθη στην Τουρκία στο πλαίσιο έρευνας κατά διασημοτήτων.,,,"[""Turkey""]","[""Serenay Sarıkaya""]",[],[],Other,0.9
1453,2026-05-25,Turkiye,Evrensel,Kemal Kılıçdaroğlu'nun Genel Merkez'e gideceği tarih belli oldu,1,"[MACRO INFO] Ο Κεμάλ Κιλιντσντάρογλου, ορισθείς πρόεδρος του CHP, θα πραγματοποιήσει πρόγραμμα εορτασμού στο γενικό αρχηγείο του κόμματος στις 28 Μαΐου.",,,"[""Turkey""]","[""Kemal Kılıçdaroğlu""]","[""CHP""]",[],Policy Change,0.9
1459,2026-05-25,Turkiye,Turkish Minute,Court orders 5 jailed pending trial in general’s son’s alleged murder amid cover-up claims,1,[MACRO INFO] Τουρκικό δικαστήριο διέταξε τη φυλάκιση πέντε ατόμων για φόνο γιου στρατηγού εν μέσω ισχυρισμών συγκάλυψης.,,,"[""Turkey""]",[],[],[],Other,0.9
1463,2026-05-25,Egypt,Egyptian Streets,Egypt and Eni Strike Largest Gas Discovery in Western Desert in 15 Years,1,[MACRO INFO] Η Αίγυπτος και η Eni ανακοίνωσαν τη μεγαλύτερη ανακάλυψη φυσικού αερίου στην Δυτική Έρημο τα τελευταία 15 χρόνια.,,,"[""Egypt""]",[],"[""Eni""]","[""Western Desert""]",Economic Migration,0.9
1464,2026-05-25,Egypt,Egyptian Streets,Giancarlo Esposito Wowed by Pyramids During Grand Egyptian Museum Visit,1,[MACRO INFO] Ο ηθοποιός Giancarlo Esposito επισκέφθηκε το Μεγάλο Αιγυπτιακό Μουσείο και τις Πυραμίδες της Γκίζας στην Αίγυπτο.,,,"[""Egypt""]","[""Giancarlo Esposito""]","[""Grand Egyptian Museum""]","[""Giza""]",Other,0.9
1473,2026-05-25,Cross_Regional,Al Monitor,"Indian sailors risk work at sea, as Iran war grinds on",1,[MACRO INFO] Ο πόλεμος στο Ιράν αυξάνει τους κινδύνους για τους Ινδούς ναυτικούς στην εμπορική ναυτιλία.,,,"[""India"", ""Iran""]",[],[],[],Economic Migration,0.9
1312,2026-05-24,Syria,North Press Agency,Syrian People’s Assembly elections begin in Hasakah,1,[MACRO INFO] Ξεκίνησαν οι εκλογές για τη Λαϊκή Συνέλευση της Συρίας στη Χασάκα.,,,"[""Syria""]",[],"[""Syrian People’s Assembly""]","[""Hasakah""]",Policy Change,0.9
1314,2026-05-24,Syria,Enab Baladi,Syrian Finance Ministry Sanctions 256 for Alleged Corruption,1,[MACRO INFO] Το Υπουργείο Οικονομικών της Συρίας επέβαλε κυρώσεις σε 256 άτομα και οντότητες για φερόμενη διαφθορά.,,,"[""Syria""]",[],"[""Syrian Finance Ministry""]",[],Policy Change,0.9
1321,2026-05-24,Syria,Syria Direct,"Syrian Jews and allies seek a place in the country’s future, divided over Israel",1,[MACRO INFO] Σύροι Εβραίοι και σύμμαχοι στην διασπορά διχάζονται για τον ρόλο του Ισραήλ στο μέλλον της Συρίας.,,,"[""Syria"", ""Israel""]","[""Syrian Jews""]",[],[],Other,0.9
1322,2026-05-24,Lebanon,Daraj,من غرب إفريقيا إلى القرن الإفريقي: قراءة في الأزمات الأمنية والاقتصادية,1,[MACRO INFO] Αναλύονται κρίσεις ασφάλειας και οικονομίας στην Αφρική και η ανάγκη για κοινές πολιτικές διαχείρισης της μετανάστευσης και ανάπτυξης στην ήπειρο.,,,[],[],[],"[""West Africa"", ""Horn of Africa"", ""Africa""]",Policy Change,0.9
1327,2026-05-24,Turkiye,Evrensel,Çanakkale'de otobüs devrildi: Yaralılar var,1,[MACRO INFO] Στο Μπιγά της Τσανάκαλε ανατράπηκε λεωφορείο. Υπάρχουν πολλοί τραυματίες.,,,"[""Turkey""]",[],[],"[""Çanakkale"", ""Biga""]",Other,0.9
1328,2026-05-24,Turkiye,Evrensel,ABD Başkanı Trump'tan İran iddiası: Anlaşma tamamlanmak üzere,1,[MACRO INFO] Ο Πρόεδρος των ΗΠΑ Ντόναλντ Τραμπ ισχυρίστηκε ότι έχει επιτευχθεί «σε μεγάλο βαθμό» συμφωνία με το Ιράν.,,,"[""United States"", ""Iran""]","[""Donald Trump""]",[],[],Policy Change,0.9
1329,2026-05-24,Turkiye,Evrensel,Özgür Özel yönetimi olağanüstü kurultay için süre verdi: Bayram sonrasında Kılıçdaroğlu'ndan adım bekleniyor,1,[MACRO INFO] Η διοίκηση του CHP αναμένει κίνηση από τον Κιλιτσντάρογλου για έκτακτο συνέδριο μετά το Μπαϊράμι.,,,"[""Turkey""]","[""Özgür Özel"", ""Kılıçdaroğlu""]","[""CHP""]",[],Other,0.9
1336,2026-05-24,Egypt,Mada Masr English,"Nine killed in ‘random’ shooting across 2 sites in Assiut, says MP",1,[MACRO INFO] Εννέα άνθρωποι σκοτώθηκαν και έξι τραυματίστηκαν σε δύο διαδοχικά περιστατικά πυροβολισμών στην περιοχή Ασιούτ της Αιγύπτου.,,,"[""Egypt""]",[],[],"[""Assiut""]",Other,0.9
1338,2026-05-24,Egypt,Mada Masr English,"Video released of Egyptians held by pirates, as Somali officials prohibit ransom payment, move to cut off supplies to hijacked ship",1,"[MACRO INFO] Βίντεο δείχνει Αιγύπτιους να κρατούνται όμηροι από πειρατές στις ακτές της Σομαλίας, με τις αρχές να απαγορεύουν την καταβολή λύτρων.",,,"[""Egypt"", ""Somalia""]",[],[],"[""Coast of Somalia""]",Humanitarian,0.9
1340,2026-05-24,Egypt,Egyptian Streets,Egypt and Eni Strike Largest Gas Discovery in Western Desert in 15 Years,1,[MACRO INFO] Η Αίγυπτος και η Eni ανακοίνωσαν τη μεγαλύτερη ανακάλυψη φυσικού αερίου στην Δυτική Έρημο τα τελευταία 15 χρόνια.,,,"[""Egypt""]",[],"[""Eni""]","[""Western Desert""]",Other,0.9
1341,2026-05-24,Egypt,Egyptian Streets,Egypt Condemns ‘Somaliland’ Embassy Opening in Occupied East Jerusalem,1,[MACRO INFO] Η Αίγυπτος καταδίκασε την εγκαινίαση της φερόμενης πρεσβείας της «Σομαλιλάνδης» στην κατεχόμενη Ανατολική Ιερουσαλήμ.,,,"[""Egypt"", ""Somaliland""]",[],[],"[""East Jerusalem""]",Policy Change,0.9
1342,2026-05-24,Egypt,Egyptian Streets,"When Resting Feels Like Failure: Social Media, Entrepreneurship, and Burnout Among Young Egyptians",1,"[MACRO INFO] Το άρθρο περιγράφει το φαινόμενο της εξάντλησης στους νέους Αιγύπτιους λόγω της συνεχούς πίεσης για παραγωγικότητα, εν μέσω πληθωρισμού.",,,"[""Egypt""]",[],[],[],Economic Migration,0.9
1346,2026-05-24,Cross_Regional,Al Jazeera,19 feared trapped after building collapse in Philippines,1,"[MACRO INFO] Κατέρρευσε ημιτελές εννεαώροφο κτήριο κοντά στη Μανίλα, με φόβους για 19 εγκλωβισμένους εργάτες.",,,"[""Philippines""]",[],[],"[""Manila""]",Humanitarian,0.95
1347,2026-05-24,Cross_Regional,Al Jazeera,Iranian sources lay out Iran-US deal details,1,[MACRO INFO] Ιρανικές πηγές αποκαλύπτουν λεπτομέρειες για μια πιθανή συμφωνία ειρήνης μεταξύ Ιράν και ΗΠΑ.,,,"[""Iran"", ""USA""]",[],[],[],Policy Change,0.9
1351,2026-05-24,Cross_Regional,Al Monitor,Axios says proposed US-Iran deal involves opening strait during 60-day ceasefire extension,1,[MACRO INFO] Προτείνεται συμφωνία ΗΠΑ-Ιράν για 60ήμερη παράταση εκεχειρίας και άνοιγμα του Στενού του Ορμούζ.,,,"[""US"", ""Iran""]",[],[],"[""Strait of Hormuz""]",Policy Change,0.9
1354,2026-05-24,Syria,North Press Agency,Unknown gunmen attack fuel tanker in Deir ez-Zor,1,[MACRO INFO] Άγνωστοι ένοπλοι επιτέθηκαν σε βυτιοφόρο καυσίμων στην Ντέιρ εζ-Ζορ της ανατολικής Συρίας.,,,"[""Syria""]",[],[],"[""Deir ez-Zor""]",Humanitarian,0.9
1358,2026-05-24,Syria,Enab Baladi,"Syrian Border Authority Denies Foot-and-Mouth Disease Outbreak, Says Exports Continue",1,[MACRO INFO] Η Συριακή Αρχή Συνόρων διαψεύδει αναφορές για ξέσπασμα αφθώδους πυρετού και δηλώνει τη συνέχιση των εξαγωγών.,,,"[""Syria""]",[],"[""Syrian Border Authority""]",[],Border Crisis,0.9
1362,2026-05-24,Syria,Enab Baladi,"Syrian, UN Project Rehabilitates Latakia Citrus Irrigation",1,[MACRO INFO] Συνεχίζονται οι εργασίες αποκατάστασης του κύριου καναλιού MC1 που συνδέεται με το φράγμα Mashqita στην αγροτική Λατάκια της δυτικής Συρίας.,,,"[""Syria""]",[],"[""UN""]","[""Latakia"", ""Mashqita"", ""Western Syria""]",Humanitarian,0.9
1378,2026-05-24,Egypt,Egyptian Streets,Al-Sisi Urges Use of Diplomatic Window to Secure US-Iran Deal,1,"[MACRO INFO] Ο Πρόεδρος της Αιγύπτου κάλεσε σε αξιοποίηση της διπλωματικής οδού για συμφωνία ΗΠΑ-Ιράν, τονίζοντας την ανάγκη αποτροπής κλιμάκωσης στην περιοχή.",,,"[""US"", ""Iran"", ""Egypt""]","[""Al-Sisi""]",[],[],Policy Change,0.9
1382,2026-05-24,Cross_Regional,Al Jazeera,Attacks on Ebola centres intensify in eastern DRC amid outbreak fears,1,"[MACRO INFO] Εντείνονται οι επιθέσεις σε κέντρα Έμπολα στο ανατολικό Κονγκό, εν μέσω φόβων επιδημίας και αυξανόμενης δυσπιστίας.",,,"[""Democratic Republic of Congo""]",[],[],"[""eastern DRC""]",Humanitarian,0.9
1383,2026-05-24,Cross_Regional,Al Jazeera,Man dies in northeast Australia after shark attack,1,[MACRO INFO] Άνδρας έχασε τη ζωή του στην βορειοανατολική Αυστραλία μετά από επίθεση καρχαρία.,,,"[""Australia""]",[],[],"[""northeast Australia""]",Other,0.95
1392,2026-05-24,Syria,North Press Agency,"Israeli forces raid houses, detain resident in Syria’s Quneitra",1,[MACRO INFO] Ισραηλινές δυνάμεις πραγματοποίησαν εφόδους σε σπίτια και συνέλαβαν έναν κάτοικο στην Κουνέιτρα της Συρίας.,,,"[""Israel"", ""Syria""]",[],[],"[""Quneitra""]",Border Crisis,0.9
1406,2026-05-24,Lebanon,Daraj,عن “الفراكة” و”المجدرة الحمرا”… المستقبل المجهول لمطبخ جنوب لبنان,1,[MACRO INFO] Η είδηση εξετάζει το άγνωστο μέλλον της παραδοσιακής κουζίνας του Νότιου Λιβάνου.,,,"[""Lebanon""]",[],[],"[""South Lebanon""]",Humanitarian,0.9
1410,2026-05-24,Turkiye,Evrensel,“AKP’nin umudu oldu” diyen Mahmut Tanal gözyaşlarını tutamadı,1,[MACRO INFO] Βουλευτής του CHP επέκρινε τον αρχηγό Κεμάλ Κιλιντσάρογλου μετά από αστυνομική παρέμβαση στα κεντρικά γραφεία του κόμματος.,,,"[""Turkey""]","[""Mahmut Tanal"", ""Kemal Kılıçdaroğlu""]","[""AKP"", ""CHP""]",[],Policy Change,0.8
1423,2026-05-24,Cross_Regional,BBC Arabic,"""نجوت من ضربة صاروخية في مضيق هرمز، لكن صديقي لم يُعثر عليه""",1,[MACRO INFO] Μια ιστορική αφήγηση περιγράφει πυραυλική επίθεση σε πετρελαιοφόρο στον Πορθμό του Ορμούζ κατά την έναρξη του πολέμου Ιράν-Ιράκ.,,,"[""Iran"", ""Iraq""]",[],[],"[""Strait of Hormuz""]",Humanitarian,0.9
1424,2026-05-24,Cross_Regional,Al Jazeera,Suicide car bombing attack on a train in Pakistan kills dozens,1,[MACRO INFO] Επίθεση αυτοκτονίας με παγιδευμένο αυτοκίνητο σε τρένο στο Πακιστάν σκότωσε δεκάδες ανθρώπους.,,,"[""Pakistan""]",[],[],[],Humanitarian,0.9
1426,2026-05-24,Cross_Regional,Al Jazeera,Clashes in Belgrade as student-led protests demand elections,1,[MACRO INFO] Συγκρούσεις ξέσπασαν στο Βελιγράδι με φοιτητικές διαδηλώσεις που ζητούν εκλογές και αμφισβητούν την κυβέρνηση.,,,"[""Serbia""]",[],[],"[""Belgrade""]",Other,0.9
1279,2026-05-22,Syria,Enab Baladi,Ahmed al-Sharaa to Attend G7 Summit in France,1,[MACRO INFO] Ο Σύρος πρόεδρος Ahmed al-Sharaa θα συμμετάσχει στη σύνοδο κορυφής της G7 στη Γαλλία.,,,"[""France"", ""Syria""]","[""Ahmed al-Sharaa""]","[""G7""]",[],Policy Change,0.9
1286,2026-05-22,Turkiye,Evrensel,Urfa merkezli sahte sağlık raporu operasyonu: Gözaltına alınan 44 kişiden 38'i tutuklandı,1,[MACRO INFO] Στην Τουρκία συνελήφθησαν 38 άτομα στο πλαίσιο επιχείρησης για πλαστογραφία ιατρικών γνωματεύσεων αποφυγής στρατιωτικής θητείας.,,,"[""Turkey""]",[],[],"[""Urfa""]",Other,0.9
1287,2026-05-22,Turkiye,Turkish Minute,First Gaza flotilla activists arrive in İstanbul from Israel,1,"[MACRO INFO] 422 ακτιβιστές του στολίσκου της Γάζας, μεταξύ των οποίων 85 Τούρκοι, έφτασαν στην Κωνσταντινούπολη αφού απελάθηκαν από το Ισραήλ.",,,"[""Israel"", ""Turkey""]",[],[],"[""İstanbul"", ""Gaza""]",Humanitarian,0.9
1288,2026-05-22,Turkiye,Turkish Minute,"Turkish court suspends CHP leadership, reinstates former chairman Kılıçdaroğlu",1,[MACRO INFO] Τουρκικό δικαστήριο ανέστειλε την ηγεσία του κόμματος CHP και επανέφερε τον πρώην πρόεδρο Kılıçdaroğlu.,,,"[""Turkey""]","[""Kılıçdaroğlu""]","[""CHP""]",[],Policy Change,0.9
1289,2026-05-22,Turkiye,Turkish Minute,Court releases DW journalist held 90 days over alleged insult of Erdoğan,1,"[MACRO INFO] Τουρκικό δικαστήριο διέταξε την υπό όρους απελευθέρωση δημοσιογράφου της Deutsche Welle, ο οποίος κρατούνταν για 90 ημέρες με την κατηγορία της προσβολής του Προέδρου Ερντογάν.",,,"[""Turkey""]","[""Erdoğan""]","[""Deutsche Welle""]",[],Other,0.9
1290,2026-05-22,Turkiye,Turkish Minute,"Turkey passes wealth amnesty, 20-year foreign income tax break for new residents",1,[MACRO INFO] Η Τουρκία ενέκρινε φορολογικό πακέτο που περιλαμβάνει φορολογική αμνηστία και 20ετή φορολογική απαλλαγή σε ξένα εισοδήματα για νέους φορολογικούς κατοίκους.,,,"[""Turkey""]",[],[],[],Policy Change,0.9
1294,2026-05-22,Egypt,Egyptian Streets,Egypt Condemns ‘Somaliland’ Embassy Opening in Occupied East Jerusalem,1,"[MACRO INFO] Η Αίγυπτος καταδίκασε τα εγκαίνια πρεσβείας της «Σομαλιλάνδης» στην Ανατολική Ιερουσαλήμ, χαρακτηρίζοντάς τα παράνομα και ασύμβατα με το διεθνές δίκαιο.",,,"[""Egypt"", ""Somaliland""]",[],[],"[""East Jerusalem""]",Policy Change,0.9
1295,2026-05-22,Egypt,Egyptian Streets,Assiut Shooting Leaves 10 Dead as Investigations Continue in Abnoub,1,"[MACRO INFO] Ένοπλος άνοιξε πυρ στην επαρχία Ασιούτ της Αιγύπτου, σκοτώνοντας 10 άτομα και τραυματίζοντας 15.",,,"[""Egypt""]",[],[],"[""Assiut"", ""Abnoub""]",Humanitarian,0.9
1297,2026-05-22,Cross_Regional,BBC Arabic,ماذا نعرف عن سلالة إيبولا التي تثير مخاوف في الكونغو الديمقراطية؟,1,[MACRO INFO] Μια σπάνια μετάλλαξη του ιού Έμπολα προκαλεί ανησυχία στη Λαϊκή Δημοκρατία του Κονγκό.,,,"[""Democratic Republic of Congo""]",[],[],[],Humanitarian,0.9
1298,2026-05-22,Cross_Regional,BBC Arabic,علماء يتحدون قوانين الفيزياء لمحاكاة عظام بشرية بالذكاء الاصطناعي وزراعة مفاصل أكثر استدامة,1,[MACRO INFO] Επιστήμονες χρησιμοποιούν Τεχνητή Νοημοσύνη για να προσομοιώσουν ανθρώπινα οστά και να δημιουργήσουν βιώσιμες αρθρώσεις.,,,[],[],[],[],Other,0.9
1299,2026-05-22,Cross_Regional,BBC Arabic,"""قد يكون هذا يوم لقائي بخالقي"": الربانة التي أنقذت ركاب طائرة بأعصاب من فولاذ",1,[MACRO INFO] Περιστατικό βλάβης κινητήρα αεροπλάνου με επιτυχή προσγείωση.,,,[],[],[],[],Humanitarian,0.7
1300,2026-05-22,Cross_Regional,Al Jazeera,Monfils warms up for final French Open with star-studded farewell party,1,[MACRO INFO] Ο τενίστας Monfils διοργάνωσε αποχαιρετιστήριο πάρτι για την καριέρα του.,,,[],"[""Monfils""]",[],[],Other,0.9
1301,2026-05-22,Cross_Regional,Al Jazeera,Thousands attend funeral prayers for San Diego mosque attack victims,1,[MACRO INFO] Περισσότεροι από 2.000 άνθρωποι παραβρέθηκαν σε κηδείες για τα θύματα επίθεσης σε τζαμί στο Σαν Ντιέγκο.,,,[],[],[],"[""San Diego""]",Humanitarian,0.9
1303,2026-05-22,Cross_Regional,Middle East Eye,Palestinian UN ambassador withdraws vice presidency bid after US pressure,1,[MACRO INFO] Ο Παλαιστίνιος πρέσβης στον ΟΗΕ απέσυρε την υποψηφιότητά του για την αντιπροεδρία μετά από πιέσεις των ΗΠΑ.,,,"[""Palestine"", ""United States""]",[],"[""UN""]","[""Palestine""]",Policy Change,0.9
1307,2026-05-22,Cross_Regional,Middle East Eye,Pakistan’s interior minister meets Iran's Araghchi to resolve disputes with US,1,[MACRO INFO] Ο Υπουργός Εσωτερικών του Πακιστάν συναντήθηκε με Ιρανούς αξιωματούχους για συζητήσεις σχετικά με την επίλυση των διαφορών με τις ΗΠΑ.,,,"[""Pakistan"", ""Iran"", ""US""]","[""Araghchi""]",[],[],Policy Change,0.9
1191,2026-05-21,Syria,North Press Agency,Syria says 25 million Captagon pills seized in Damascus,1,[MACRO INFO] Οι συριακές αρχές κατέσχεσαν 25 εκατομμύρια χάπια Captagon στη Δαμασκό και συνέλαβαν επτά άτομα.,,,"[""Syria""]",[],[],"[""Damascus""]",Border Crisis,0.9
1192,2026-05-21,Syria,North Press Agency,"Over 3,000 unregistered Kurdish families apply for Syrian citizenship in Hasakah",1,[MACRO INFO] Πάνω από 3.000 αδήλωτες κουρδικές οικογένειες υπέβαλαν αίτηση για συριακή υπηκοότητα στη Χασάκα.,,,"[""Syria""]",[],[],"[""Hasakah""]",Policy Change,0.9
1195,2026-05-21,Syria,Enab Baladi,Families in Damascus Urge UN on Syrians Held by Israel,1,[MACRO INFO] Οικογένειες στη Δαμασκό διαμαρτυρήθηκαν έξω από τα κεντρικά γραφεία του ΟΗΕ για Σύρους κρατούμενους από το Ισραήλ.,,,"[""Syria"", ""Israel""]",[],"[""UN""]","[""Damascus""]",Humanitarian,0.95
1201,2026-05-21,Syria,Syria Direct,"Syrian Jews and allies seek a place in the country’s future, divided over Israel",1,"[MACRO INFO] Σύροι Εβραίοι και σύμμαχοί τους επιδιώκουν έναν ρόλο στο μέλλον της Συρίας, διχασμένοι ως προς το Ισραήλ.",,,"[""Syria"", ""Israel""]",[],[],[],Policy Change,0.9
1211,2026-05-21,Egypt,Mada Masr English,Eight Egyptians held for ransom on UAE-registered oil tanker off Somali coast,1,[MACRO INFO] Οκτώ Αιγύπτιοι και τέσσερις Ινδοί κρατούνται για λύτρα σε τάνκερ ανοιχτά των ακτών της Σομαλίας.,,,"[""Egypt"", ""UAE"", ""Somalia"", ""India""]",[],[],"[""Somali coast""]",Humanitarian,0.9
1217,2026-05-21,Cross_Regional,Al Jazeera,Cubans react to US indictment of former President Raul Castro,1,[MACRO INFO] Κουβανοί αντιδρούν στις ΗΠΑ στην απαγγελία κατηγοριών κατά του πρώην Προέδρου Ραούλ Κάστρο.,,,"[""Cuba"", ""United States""]","[""Raul Castro""]",[],[],Other,0.9
1218,2026-05-21,Cross_Regional,Al Jazeera,Indonesians sue government over deadly Sumatra flood response,1,[MACRO INFO] Επιζώντες των φονικών πλημμυρών στη Σουμάτρα της Ινδονησίας μηνύουν την κυβέρνηση για ανεπαρκή αντιμετώπιση καταστροφών.,,,"[""Indonesia""]",[],[],"[""Sumatra""]",Humanitarian,0.9
1225,2026-05-21,Cross_Regional,Al Monitor,South Korea says nationals held by Israel released after Gaza aid vessel seizure,1,[MACRO INFO] Νοτιοκορεάτες που κρατούνταν από το Ισραήλ μετά την κατάσχεση πλοίου βοήθειας για τη Γάζα απελευθερώθηκαν.,,,"[""South Korea"", ""Israel""]",[],[],"[""Gaza""]",Humanitarian,0.95
1226,2026-05-21,Cross_Regional,Al Monitor,US removes UN expert Francesca Albanese from sanctions list,1,"[MACRO INFO] Οι ΗΠΑ αφαίρεσαν την Francesca Albanese, ειδικό του ΟΗΕ για τα παλαιστινιακά εδάφη, από τη λίστα των κυρώσεων.",,,"[""US""]","[""Francesca Albanese""]","[""UN""]","[""Palestinian territories""]",Policy Change,0.9
1246,2026-05-21,Turkiye,Evrensel,"ABD'de ""tanımlanamayan maddeye"" maruz kalan 3 kişi öldü",1,[MACRO INFO] Τρεις άνθρωποι πέθαναν και 18 νοσηλεύτηκαν στις ΗΠΑ λόγω έκθεσης σε άγνωστη ουσία.,,,"[""United States""]",[],[],[],Humanitarian,0.9
1248,2026-05-21,Turkiye,Turkish Minute,"Court orders main opposition leader to pay Erdoğan 300,000 lira in damages",1,[MACRO INFO] Τουρκικό δικαστήριο διέταξε τον αρχηγό της αντιπολίτευσης να καταβάλει 300.000 λίρες σε αποζημίωση στον Πρόεδρο Ερντογάν.,,,"[""Turkey""]","[""Erdoğan""]",[],[],Other,0.9
1257,2026-05-21,Egypt,Egyptian Streets,Egyptian Father and Son Praised in Italy After Helping Stop Attacker,1,[MACRO INFO] Αιγύπτιοι πολίτες βοήθησαν στην ακινητοποίηση δράστη επίθεσης με όχημα στην Μόντενα της Ιταλίας.,,,"[""Egypt"", ""Italy""]",[],[],"[""Modena""]",Other,0.9
1260,2026-05-21,Cross_Regional,BBC Arabic,كيف نحدد كمية الطعام المناسبة في أطباقنا؟,1,[MACRO INFO] Το κείμενο συζητά τον προσδιορισμό της κατάλληλης ποσότητας φαγητού στα γεύματα και την αποφυγή της υπερκατανάλωσης.,,,[],[],[],[],Other,0.9
1262,2026-05-21,Cross_Regional,BBC Arabic,في باكستان: الإعدام لقاتل نجمة تيك توك رفضت تقرّبه منها,1,"[MACRO INFO] Στο Πακιστάν, εκτελέστηκε ο δολοφόνος μιας σταρ του TikTok, με ακτιβιστές να αναφέρουν ότι η υπόθεση αναδεικνύει τη βία κατά των γυναικών στη χώρα.",,,"[""Pakistan""]",[],[],[],Other,0.9
1264,2026-05-21,Cross_Regional,Al Jazeera,Argentina protesters condemn Milei healthcare funding cuts,1,[MACRO INFO] Εκατοντάδες διαδηλωτές στην Αργεντινή καταδίκασαν τις περικοπές χρηματοδότησης στην υγειονομική περίθαλψη και τις πολιτικές λιτότητας.,,,"[""Argentina""]","[""Milei""]",[],[],Policy Change,0.9
1142,2026-05-20,Syria,North Press Agency,"Over 3,000 unregistered Kurdish families apply for Syrian citizenship in Hasakah",1,[MACRO INFO] Πάνω από 3.000 αδήλωτες κουρδικές οικογένειες υπέβαλαν αίτηση για συριακή υπηκοότητα στην επαρχία Χασάκα.,,,"[""Syria""]",[],[],"[""Hasakah""]",Policy Change,0.9
1148,2026-05-20,Syria,Enab Baladi,Damascus Criminal Court Holds Third Najib Trial Hearing,1,[MACRO INFO] Το Ποινικό Δικαστήριο της Δαμασκού διεξήγαγε την τρίτη ακροαματική διαδικασία στη δίκη του Najib.,,,"[""Syria""]","[""Najib""]","[""Damascus Criminal Court""]","[""Damascus""]",Other,0.85
1149,2026-05-20,Syria,Enab Baladi,Syria Issues New Customs Law,1,[MACRO INFO] Ο Πρόεδρος της Συρίας εξέδωσε νέο διάταγμα για τον Γενικό Τελωνειακό Νόμο.,,,"[""Syria""]",[],[],[],Policy Change,0.9
1160,2026-05-20,Turkiye,Evrensel,"İkizdere'deki Kalapotamaz deresinden ""köpük"" aktı",1,[MACRO INFO] Έντονη εμφάνιση αφρού σε ρέμα στην Rize της Τουρκίας έφερε ξανά στην επικαιρότητα τις συζητήσεις για την περιβαλλοντική ρύπανση. Η ρύπανση ενδέχεται να προέρχεται από εκροή υδάτων από δεξαμενές υδροηλεκτρικών σταθμών.,,,"[""Turkey""]",[],[],"[""İkizdere"", ""Kalapotamaz deresi"", ""Rize""]",Humanitarian,0.9
1161,2026-05-20,Turkiye,Evrensel,Erdoğan'dan sokak çalışması yürüten CHP'ye: 'Sokağa çıkmaya yüzleri yok',1,[MACRO INFO] Ο Τούρκος Πρόεδρος Ρετζέπ Ταγίπ Ερντογάν έκανε δηλώσεις κατά του αντιπολιτευόμενου κόμματος CHP σε κοινοβουλευτική συνάντηση.,,,"[""Turkey""]","[""Recep Tayyip Erdoğan""]","[""CHP""]",[],Other,0.9
1162,2026-05-20,Turkiye,Evrensel,İBB davasında Necati Özkan'ın doğum günü kutlandı,1,[MACRO INFO] Γενέθλια στελέχους της εκστρατείας του Εκρέμ Ιμάμογλου γιορτάστηκαν εντός δικαστικής αίθουσας κατά τη διάρκεια της δίκης του ΙΒΒ.,,,"[""Turkey""]","[""Necati Özkan"", ""Ekrem İmamoğlu""]",[],"[""Istanbul""]",Other,0.9
1164,2026-05-20,Turkiye,Turkish Minute,Dutch drug suspect detained in İstanbul after Spain’s cocaine seizure linked to Turkish ship operators,1,"[MACRO INFO] Ολλανδός ύποπτος για ναρκωτικά συνελήφθη στην Κωνσταντινούπολη, με την υπόθεση να συνδέεται με κατάσχεση κοκαΐνης στην Ισπανία και Τούρκους πλοιοκτήτες.",,,"[""Netherlands"", ""Spain"", ""Turkey""]",[],[],"[""Istanbul""]",Other,0.9
1166,2026-05-20,Turkiye,Turkish Minute,US case against Maduro ally may give Washington new leverage over Erdoğan: analyst,1,[MACRO INFO] Υπόθεση των ΗΠΑ εναντίον συμμάχου του Μαδούρο ενδέχεται να δώσει νέο μοχλό πίεσης στην Ουάσιγκτον έναντι του Ερντογάν.,,,"[""United States"", ""Turkey"", ""Venezuela""]","[""Maduro"", ""Erdoğan""]",[],"[""Washington""]",Other,0.9
1169,2026-05-20,Egypt,Mada Masr English,Filmmaker Omar Salah Marei brought before State Security Prosecution after week-long forced disappearance,1,[MACRO INFO] Σκηνοθέτης οδηγήθηκε ενώπιον της εισαγγελίας κρατικής ασφαλείας μετά από εξαφάνιση μιας εβδομάδας.,,,"[""Egypt""]","[""Omar Salah Marei""]","[""State Security Prosecution""]",[],Humanitarian,0.9
1173,2026-05-20,Egypt,Egyptian Streets,Egypt Wants to Manage Stray Dogs in the Streets with Rabies-Free Plan,1,"[MACRO INFO] Η Αίγυπτος υλοποιεί εθνικό σχέδιο διαχείρισης αδέσποτων σκύλων που περιλαμβάνει στείρωση, εμβολιασμούς και δημιουργία καταφυγίων.",,,"[""Egypt""]",[],[],[],Other,0.1
1178,2026-05-20,Cross_Regional,Al Jazeera,Women’s football coach who secretly filmed players banned for life,1,[MACRO INFO] Προπονητής γυναικείας ποδοσφαιρικής ομάδας στην Τσεχία τιμωρήθηκε ισοβίως για μυστική βιντεοσκόπηση παικτριών.,,,"[""Czech Republic""]",[],[],[],Other,0.9
1071,2026-05-19,Syria,North Press Agency,Syrian Interior Ministry member killed in Suwayda blast,1,[MACRO INFO] Μέλος του Υπουργείου Εσωτερικών της Συρίας σκοτώθηκε από έκρηξη νάρκης στην ύπαιθρο της Σουβέιντα.,,,"[""Syria""]",[],"[""Syrian Interior Ministry""]","[""Suwayda""]",Humanitarian,0.9
1076,2026-05-19,Syria,Enab Baladi,Why Syrian Sheep Exports Are Shifting to Iraq,1,"[MACRO INFO] Η Συρία άλλαξε τις εξαγωγές προβάτων προς τις χώρες του Κόλπου μέσω του Ιράκ αντί της Ιορδανίας, λόγω επιβολής τελών.",,,"[""Syria"", ""Iraq"", ""Jordan""]",[],[],"[""Gulf countries""]",Policy Change,0.9
1082,2026-05-19,Syria,Syria Direct,"Syrian Jews and allies seek a place in the country’s future, divided over Israel",1,[MACRO INFO] Σύριοι Εβραίοι και σύμμαχοι τους διχάζονται για τον ρόλο του Ισραήλ στο μέλλον της Συρίας.,,,"[""Syria"", ""Israel""]",[],[],[],Policy Change,0.95
1083,2026-05-19,Lebanon,Daraj,والدي أحمد حسين مروّة في سنويته الأولى: وُلد في جنوب العراق ودُفن في جنوب لبنان,1,[MACRO INFO] Αναφορά σε διαδοχικές καταστάσεις ασφαλείας που απασχολούσαν τον συγγραφέα στο Νότιο Λίβανο.,,,"[""Iraq"", ""Lebanon""]","[""Ahmed Hussein Marwa""]",[],"[""Southern Iraq"", ""Southern Lebanon""]",Humanitarian,0.9
1086,2026-05-19,Turkiye,Evrensel,Mersin’de 6 kişiyi öldüren failin intihar ettiği açıklandı,1,[MACRO INFO] Ένοπλη επίθεση στην Μερσίνη της Τουρκίας είχε ως αποτέλεσμα 6 νεκρούς και 8 τραυματίες. Ο δράστης αυτοκτόνησε μετά την επίθεση.,,,"[""Turkey""]",[],[],"[""Mersin""]",Other,0.9
1087,2026-05-19,Turkiye,Evrensel,İlkay Gündoğan’dan transfer itirafı: Dünya yıldızları Galatasaray’ı sormuş,1,[MACRO INFO] Ποδοσφαιριστές ρώτησαν για μεταγραφή στην Γαλατασαράι.,,,[],"[""İlkay Gündoğan""]","[""Galatasaray""]",[],Other,0.9
1088,2026-05-19,Turkiye,Turkish Minute,Denmark moves to deport Turkish teacher despite risk of prosecution over Gülen links,1,[MACRO INFO] Η Δανία κινείται προς απέλαση Τούρκου δασκάλου στην Τουρκία παρά τον κίνδυνο δίωξης για δεσμούς με το κίνημα Γκιουλέν.,,,"[""Denmark"", ""Turkey""]",[],"[""Gülen movement""]",[],Policy Change,0.9
1090,2026-05-19,Turkiye,Turkish Minute,"Erdoğan, Macron negotiating major air defense deal before NATO summit: report",1,[MACRO INFO] Ο Τούρκος Πρόεδρος Ερντογάν και ο Γάλλος Πρόεδρος Μακρόν διαπραγματεύονται μια σημαντική συμφωνία αεράμυνας.,,,"[""Turkey"", ""France""]","[""Erdoğan"", ""Macron""]","[""NATO""]",[],Other,0.95
1095,2026-05-19,Egypt,Egyptian Streets,Orfi Stuns El Sherbini and Asal Defends His Title at the PSA World Championships,1,[MACRO INFO] Ολοκληρώθηκαν στην Αίγυπτο οι τελικοί του Παγκοσμίου Πρωταθλήματος Squash.,,,"[""Egypt""]","[""Orfi"", ""El Sherbini"", ""Asal""]","[""PSA""]",[],Other,0.9
1096,2026-05-19,Egypt,Egyptian Streets,Egypt Cuts Monorail Fares by Half to Lure Riders to New Capital,1,"[MACRO INFO] Η Αίγυπτος προσφέρει 50% έκπτωση στις τιμές του μονόδρομου East Nile, επιδιώκοντας να προσελκύσει επιβάτες στη νέα διοικητική πρωτεύουσα.",,,"[""Egypt""]",[],[],"[""New Capital""]",Policy Change,0.9
1097,2026-05-19,Egypt,Egyptian Streets,Egypt Shines at Sanda World Cup With a Three-Medal Triumph in China,1,[MACRO INFO] Η εθνική ομάδα Wushu Kung Fu της Αιγύπτου κέρδισε τρία μετάλλια στο 11ο Παγκόσμιο Κύπελλο Sanda που διεξήχθη στο Μακάο της Κίνας.,,,"[""Egypt"", ""China""]",[],[],"[""Macau""]",Other,0.9
1100,2026-05-19,Cross_Regional,Al Jazeera,Helicopters douse flames threatening hillside homes in California,1,[MACRO INFO] Ελικόπτερα καταβρέχουν πυρκαγιά που απειλεί σπίτια στην Καλιφόρνια.,,,"[""USA""]",[],[],"[""California""]",Humanitarian,0.9
1106,2026-05-19,Cross_Regional,Middle East Eye,Australian lawmaker denounces Israel's 'kidnapping in international waters',1,"[MACRO INFO] Αυστραλός νομοθέτης καταγγέλλει την αναχαίτιση ανθρωπιστικού στολίσκου προς τη Γάζα από το Ισραήλ, χαρακτηρίζοντας την πράξη ως πειρατεία και απαγωγή.",,,"[""Australia"", ""Israel""]",[],[],"[""Gaza""]",Humanitarian,0.9
1119,2026-05-19,Lebanon,Daraj,“رجل” المنارة: حارس “الأخلاق” بيد جاهزة للضرب,1,[MACRO INFO] Ένα περιστατικό ηθικής αστυνόμευσης και δημόσιου εξευτελισμού γυναίκας καταγράφηκε από πλήθος.,,,[],[],[],[],Humanitarian,0.8
1125,2026-05-19,Egypt,Mada Masr English,Eight Egyptians held for ransom on UAE-registered oil tanker off Somali coast,1,[MACRO INFO] Οκτώ Αιγύπτιοι κρατούνται όμηροι για λύτρα σε πετρελαιοφόρο στα ανοικτά των ακτών της Σομαλίας.,,,"[""Egypt"", ""UAE"", ""Somalia""]",[],[],"[""Somali coast""]",Humanitarian,0.9
1131,2026-05-19,Cross_Regional,Al Jazeera,Bolivian miners clash with police demanding president resign,1,[MACRO INFO] Μεταλλωρύχοι στη Βολιβία συγκρούστηκαν με την αστυνομία ζητώντας την παραίτηση του προέδρου.,,,"[""Bolivia""]",[],[],[],Other,0.9
1027,2026-05-18,Syria,North Press Agency,IDF arrests Israelis after crossing into Syria from Golan Heights,1,[MACRO INFO] Οι IDF συνέλαβαν δέκα Ισραηλινούς πολίτες που πέρασαν τα σύνορα από τα Υψίπεδα του Γκολάν στη Συρία.,,,"[""Syria"", ""Israel""]",[],"[""IDF""]","[""Golan Heights""]",Border Crisis,0.95
1028,2026-05-18,Syria,North Press Agency,"Saudi, U.S. officials discuss Syria developments in Riyadh",1,[MACRO INFO] Αξιωματούχοι της Σαουδικής Αραβίας και των ΗΠΑ συζήτησαν τις εξελίξεις στη Συρία και τρόπους υποστήριξης της σταθερότητας στη χώρα.,,,"[""Saudi Arabia"", ""U.S."", ""Syria""]",[],[],"[""Riyadh""]",Policy Change,0.9
1030,2026-05-18,Syria,North Press Agency,"US Envoy Barrack says progress in Syria “remarkable”, next phase promising",1,[MACRO INFO] Ο Ειδικός Απεσταλμένος των ΗΠΑ για τη Συρία δήλωσε ότι η χώρα έχει σημειώσει αξιοσημείωτη πρόοδο προς τη σταθερότητα.,,,"[""United States"", ""Syria""]","[""Barrack""]",[],[],Humanitarian,0.9
1032,2026-05-18,Syria,Enab Baladi,"Data, The Silent Engine of Syria’s Reconstruction",1,[MACRO INFO] Εγκαθιδρύεται κέντρο δεδομένων και κυβερνοεπιχειρήσεων στη Συρία για τη φάση ανοικοδόμησης.,,,"[""Syria""]",[],[],[],Humanitarian,0.9
1039,2026-05-18,Lebanon,Daraj,كوثر بشّار… عن “اللا” التي تبتلع حيوات النساء والفتيات في العراق,1,"[MACRO INFO] Δολοφονήθηκε ένα 15χρονο κορίτσι στο Ιράκ, αναδεικνύοντας ένα συστημικό πρόβλημα στην κοινωνία.",,,"[""Iraq""]","[""Kawthar Bashshar""]",[],[],Humanitarian,0.9
1041,2026-05-18,Lebanon,Daraj,حرية التعبير في لبنان إذن مسبق بالصمت!,1,[MACRO INFO] Σχολιασμός της ελευθερίας του λόγου στον Λίβανο ως προϋπόθεση σιωπής.,,,"[""Lebanon""]",[],[],[],Humanitarian,0.9
1043,2026-05-18,Turkiye,Evrensel,Galatasaray’da 3 ayrılık birden: Kasımpaşa maçında son kez forma giydiler,1,[MACRO INFO] Τρεις ποδοσφαιριστές αποχωρούν από την ομάδα της Galatasaray.,,,[],[],"[""Galatasaray"", ""Kasımpaşa""]",[],Economic Migration,0.9
1046,2026-05-18,Turkiye,Evrensel,Çaycuma'da 20. uçurtma şenliği yapıldı: Gökyüzü uçurtmalarla renklendi,1,[MACRO INFO] Στην Τσαϊτσούμα της Τουρκίας διεξήχθη το 20ό Φεστιβάλ Χαρταετών με τη συμμετοχή παιδιών και οικογενειών.,,,"[""Turkey""]",[],[],"[""Çaycuma""]",Other,0.9
1047,2026-05-18,Turkiye,Evrensel,Denizli Merkezefendi Belediyesi soruşturması: Başkan Yardımcısı dahil 13 kişi adliyeye sevk edildi,1,"[MACRO INFO] Στην Τουρκία, 13 άτομα, συμπεριλαμβανομένου του Αντιδημάρχου, παραπέμφθηκαν στη δικαιοσύνη στο πλαίσιο έρευνας για τον Δήμο Merkezefendi.",,,"[""Turkey""]",[],"[""Denizli Merkezefendi Municipality""]","[""Denizli"", ""Merkezefendi""]",Other,0.9
1050,2026-05-18,Turkiye,Turkish Minute,Iran confirms squad will travel to Turkey for World Cup preparations,1,[MACRO INFO] Η εθνική ομάδα ποδοσφαίρου του Ιράν θα ταξιδέψει στην Τουρκία για προετοιμασία Παγκοσμίου Κυπέλλου.,,,"[""Iran"", ""Turkey""]",[],[],[],Other,0.9
1051,2026-05-18,Turkiye,Turkish Minute,Greece asks EU to intervene over alleged unlawful fishing by Turkish vessels,1,[MACRO INFO] Η Ελλάδα ζήτησε από την Ευρωπαϊκή Ένωση να παρέμβει για φερόμενη παράνομη αλιεία τουρκικών σκαφών στην Ανατολική Μεσόγειο.,,,"[""Greece"", ""Turkey""]",[],"[""EU""]","[""Eastern Mediterranean""]",Border Crisis,0.9
1054,2026-05-18,Egypt,Mada Masr English,"Filmmaker Omar Salah Marei forcibly disappeared as family, cinema syndicate call on authorities to reveal his whereabouts",1,[MACRO INFO] Ο σκηνοθέτης Ομάρ Σαλάχ Μαρέι εξαφανίστηκε βίαια από δυνάμεις ασφαλείας.,,,[],"[""Omar Salah Marei""]","[""Cinema Syndicate""]",[],Humanitarian,0.9
1055,2026-05-18,Egypt,Egyptian Streets,Orfi Stuns El Sherbini and Asal Defends His Title at the PSA World Championships,1,[MACRO INFO] Διεξήχθησαν παγκόσμια πρωταθλήματα σκουός στην Αίγυπτο.,,,"[""Egypt""]","[""Orfi"", ""El Sherbini"", ""Asal""]","[""PSA""]",[],Other,0.9
1056,2026-05-18,Egypt,Egyptian Streets,Egypt Cuts Monorail Fares by Half to Lure Riders to New Capital,1,[MACRO INFO] Η Αίγυπτος μειώνει τις τιμές των εισιτηρίων του μονορέιλ κατά το ήμισυ για να προσελκύσει επιβάτες στη νέα πρωτεύουσα.,,,"[""Egypt""]",[],[],"[""New Capital""]",Policy Change,0.9
1057,2026-05-18,Egypt,Egyptian Streets,Cadillac Returns to Egypt Through Partnership With Al Mansour Automotive,1,"[MACRO INFO] Η Cadillac επέστρεψε στην αγορά της Αιγύπτου, ξεκινώντας πωλήσεις και υπηρεσίες πολυτελών οχημάτων στο Κάιρο.",,,"[""Egypt""]",[],"[""Cadillac"", ""Al Mansour Automotive""]","[""Cairo""]",Other,0.9
1060,2026-05-18,Cross_Regional,Al Jazeera,Britain faces weeks of leadership limbo in slow-motion coup against Starmer,1,[MACRO INFO] Η Βρετανία αντιμετωπίζει εσωτερική πολιτική αστάθεια και μάχη για την ηγεσία του κόμματος.,,,"[""Britain""]","[""Starmer""]",[],[],Other,0.9
1063,2026-05-18,Cross_Regional,Middle East Eye,Wall Street Journal warns of rising US fuel prices amid export surge,1,[MACRO INFO] Η Wall Street Journal προειδοποιεί για άνοδο στις τιμές καυσίμων των ΗΠΑ λόγω εκτίναξης των εξαγωγών.,,,"[""United States""]",[],"[""Wall Street Journal""]",[],Economic Migration,0.9
889,2026-05-17,Syria,North Press Agency,Syrian president receives US envoy in Damascus,1,"[MACRO INFO] Ο πρόεδρος της Συρίας συναντήθηκε με τον ειδικό απεσταλμένο των ΗΠΑ για να συζητήσουν τις εξελίξεις στην περιοχή, γεγονός που αποτελεί μια πολιτική εξέλιξη χωρίς άμεση επίπτωση στις μεταναστευτικές ροές.",,,"[""Syria"", ""United States""]",[],[],"[""Damascus""]",Policy Change,0.9
895,2026-05-17,Syria,Enab Baladi,The Syrian Women’s Political Movement Demands Barghouth’s Release,1,"[MACRO INFO] Η είδηση αναφέρεται στην κράτηση Σύριας ακτιβίστριας και την απαίτηση πολιτικού κινήματος για την απελευθέρωσή της, ένα εσωτερικό πολιτικό ζήτημα στη Συρία.",,,"[""Syria""]","[""Barghouth""]","[""The Syrian Women’s Political Movement""]",[],Policy Change,0.9
902,2026-05-17,Syria,Syria Direct,"Syrian Jews and allies seek a place in the country’s future, divided over Israel",1,[MACRO INFO] Η είδηση αφορά εσωτερικές πολιτικές διαιρέσεις μεταξύ Σύρων Εβραίων και συμμάχων τους σχετικά με το μέλλον της κοινότητας και τον ρόλο του Ισραήλ στη Συρία.,,,"[""Syria"", ""Israel""]",[],[],[],Other,0.9
908,2026-05-17,Turkiye,Evrensel,Kayseri'de sobadan sızan karbonmonoksit gazından zehirlenip öldü,1,[MACRO INFO] Ένας τοπικός θάνατος από δηλητηρίαση μονοξειδίου του άνθρακα στην Καισάρεια της Τουρκίας δεν συνδέεται με παράγοντες που προκαλούν μεταναστευτικές ροές προς την Κύπρο ή την Αν. Μεσόγειο.,,,"[""Turkey"", ""Cyprus""]",[],[],"[""Kayseri"", ""East Mediterranean""]",Other,0.9
909,2026-05-17,Turkiye,Evrensel,Bill Gates dönemi resmen kapanıyor: Son Microsoft hisseleri de elden çıktı,1,[MACRO INFO] Η είδηση αφορά χρηματοοικονομικές συναλλαγές μετοχών της Microsoft από το ίδρυμα Bill Gates και δεν σχετίζεται με κίνδυνο δημιουργίας μεταναστευτικών ροών προς την Κύπρο ή την Αν. Μεσόγειο.,,,"[""Cyprus""]","[""Bill Gates""]","[""Microsoft"", ""Bill Gates Foundation""]","[""Eastern Mediterranean""]",Other,0.9
910,2026-05-17,Turkiye,Evrensel,Yaz beklenirken sağanak bastırdı: Bu bölgelerde dışarı çıkarken dikkat,1,[MACRO INFO] Εκδόθηκε προειδοποίηση για ισχυρές βροχοπτώσεις και πιθανές πλημμύρες στην Κωνσταντινούπολη και άλλες περιοχές της Τουρκίας.,,,"[""Turkey""]",[],[],"[""Istanbul""]",Humanitarian,0.9
911,2026-05-17,Turkiye,Evrensel,"‘Tuvalete gittiği için’ işten atıldı, kanser olduğunu öğrendi: ""Emeklilerin hâli bu, geçinmek değil idare etmek""",1,"[MACRO INFO] Η είδηση αναδεικνύει την οικονομική δυσπραγία ενός συνταξιούχου στην Τουρκία, υποδηλώνοντας πιθανές ευρύτερες κοινωνικοοικονομικές δυσκολίες που, μακροπρόθεσμα, θα μπορούσαν να λειτουργήσουν ως έμμεσος παράγοντας ώθησης για μετανάστευση.",,,"[""Turkey""]",[],[],[],Economic Migration,0.9
915,2026-05-17,Turkiye,Turkish Minute,Iran to hold pre-World Cup training camp in Turkey: media,1,[MACRO INFO] Η είδηση αφορά προπονητικό καμπ της ιρανικής ποδοσφαιρικής ομάδας στην Τουρκία και δεν έχει καμία σχέση με κινδύνους μεταναστευτικών ροών.,,,"[""Iran"", ""Turkey""]",[],[],[],Other,0.9
916,2026-05-17,Turkiye,Turkish Minute,French judge to probe Khashoggi killing after complaint against Saudi crown prince,1,"[MACRO INFO] Γαλλική δικαστική έρευνα για τη δολοφονία Χασόγκι αφορά διεθνείς πολιτικές εξελίξεις, με ελάχιστο έως μηδενικό άμεσο κίνδυνο δημιουργίας μεταναστευτικών ροών προς την Κύπρο ή την Αν. Μεσόγειο.",,,"[""France"", ""Saudi Arabia"", ""Cyprus""]","[""Khashoggi"", ""Saudi crown prince""]",[],"[""Eastern Mediterranean""]",Other,0.9
917,2026-05-17,Turkiye,Turkish Minute,Greece asks EU to intervene over alleged unlawful fishing by Turkish vessels,1,"[MACRO INFO] Η είδηση αφορά μια διπλωματική διαφωνία μεταξύ Ελλάδας και Τουρκίας για παράνομη αλιεία στην Ανατολική Μεσόγειο. Το ζήτημα συνιστά χαμηλού επιπέδου πολιτική τριβή, με αμελητέο άμεσο κίνδυνο δημιουργίας μεταναστευτικών ροών.",,,"[""Greece"", ""Turkey""]",[],"[""EU""]","[""Eastern Mediterranean""]",Other,0.9
923,2026-05-17,Egypt,Egyptian Streets,Egypt Cuts Monorail Fares by Half to Lure Riders to New Capital,1,"[MACRO INFO] Η αιγυπτιακή κυβέρνηση μείωσε τις τιμές των εισιτηρίων του μονορέιλ για να προσελκύσει επιβάτες στη νέα διοικητική πρωτεύουσα, μια πολιτική απόφαση που αφορά τις εσωτερικές μεταφορές. Η είδηση δεν συνδέεται άμεσα με κίνδυνο δημιουργίας μεταναστευτικών ροών.",,,"[""Egypt""]",[],[],"[""New Capital""]",Policy Change,0.9
924,2026-05-17,Egypt,Egyptian Streets,Egypt Shines at Sanda World Cup With a Three-Medal Triumph in China,1,[MACRO INFO] Αυτή η είδηση αφορά αθλητικά γεγονότα και δεν παρουσιάζει κανένα κίνδυνο ή συσχέτιση με μεταναστευτικές ροές προς την Κύπρο ή την Αν. Μεσόγειο.,,,"[""Egypt"", ""China"", ""Cyprus""]",[],[],"[""China"", ""Egypt"", ""Cyprus"", ""Eastern Mediterranean""]",Other,0.9
925,2026-05-17,Egypt,Egyptian Streets,He Left Egypt at 17. Then He Graduated with Three Degrees from a US University.,1,[MACRO INFO] Η είδηση αφορά την ατομική ακαδημαϊκή επιτυχία ενός Αιγύπτιου φοιτητή στις ΗΠΑ και δεν σχετίζεται με κίνδυνο δημιουργίας μεταναστευτικών ροών προς την Κύπρο ή την Ανατολική Μεσόγειο.,,,"[""Egypt"", ""United States"", ""Cyprus""]",[],[],"[""Eastern Mediterranean""]",Economic Migration,0.9
926,2026-05-17,Egypt,Egyptian Streets,Egypt to Launch Digital Visa-on-Arrival via QR Code at Cairo Airport From August,1,"[MACRO INFO] Η Αίγυπτος εισάγει ένα νέο ψηφιακό σύστημα βίζας κατά την άφιξη στα αεροδρόμια της από τον Αύγουστο του 2026, μια πολιτική αλλαγή που αφορά την είσοδο νόμιμων ταξιδιωτών στη χώρα. Αυτή η εξέλιξη δεν δημιουργεί άμεσο κίνδυνο μεταναστευτικών ροών προς την Κύπρο ή την Ανατολική Μεσόγειο.",,,"[""Egypt"", ""Cyprus""]",[],[],"[""Cairo Airport"", ""Eastern Mediterranean""]",Policy Change,0.9
928,2026-05-17,Cross_Regional,BBC Arabic,عشرات آلاف المحتجين في أنحاء  لندن في مسيرتين متضادتين,1,[MACRO INFO] Διαδηλώσεις στο Λονδίνο δεν έχουν άμεση επίπτωση στον κίνδυνο δημιουργίας μεταναστευτικών ροών προς την Κύπρο ή την Αν. Μεσόγειο.,,,"[""Cyprus""]",[],[],"[""London"", ""Eastern Mediterranean""]",Refugee Flow,0.9
929,2026-05-17,Cross_Regional,BBC Arabic,"مريضة نفسياً تطلب المساعدة على الموت في كندا، فما هو ""الموت الآمن""؟",1,[MACRO INFO] Η είδηση αφορά μια ηθική συζήτηση στον Καναδά σχετικά με την υποβοηθούμενη αυτοκτονία και δεν έχει καμία άμεση ή έμμεση σχέση με κίνδυνο μεταναστευτικών ροών προς την Κύπρο ή την Αν. Μεσόγειο.,,,"[""Canada"", ""Cyprus""]",[],[],"[""Eastern Mediterranean""]",Other,0.9
930,2026-05-17,Cross_Regional,BBC Arabic,طفل غزة المتنازع على أبوّته ينتظر الحقيقة المؤجلة,1,"[MACRO INFO] Η είδηση αφορά μια προσωπική υπόθεση πατρότητας στη Γάζα, υπενθυμίζοντας το πλαίσιο γενικής αστάθειας της περιοχής.",,,[],[],[],"[""Gaza""]",Humanitarian,0.9
931,2026-05-17,Cross_Regional,Al Jazeera,Algeria’s USM Alger beat Egypt’s Zamalek to win CAF Cup,1,[MACRO INFO] Η είδηση αφορά αποτέλεσμα αθλητικού αγώνα και δεν συνδέεται με παράγοντες αστάθειας ή πιθανές μεταναστευτικές ροές προς την Κύπρο ή την Ανατολική Μεσόγειο.,,,"[""Algeria"", ""Egypt"", ""Cyprus""]",[],"[""USM Alger"", ""Zamalek"", ""CAF""]","[""Eastern Mediterranean""]",Other,0.9
933,2026-05-17,Cross_Regional,Al Jazeera,Iraq’s new PM Ali al-Zaidi formally takes over,1,"[MACRO INFO] Ο νέος πρωθυπουργός του Ιράκ ανέλαβε καθήκοντα, υποσχόμενος μεταρρυθμίσεις. Πρόκειται για μια πολιτική εξέλιξη στην περιοχή, χωρίς άμεση σύνδεση με μεταναστευτικές ροές.",,,"[""Iraq""]","[""Ali al-Zaidi""]",[],[],Policy Change,0.9
941,2026-05-17,Cross_Regional,Al Monitor,"Israel could wean itself off US defence aid, but not yet",1,"[MACRO INFO] Το άρθρο εξετάζει την πρόθεση του Ισραήλ να μειώσει σταδιακά την εξάρτησή του από την αμερικανική στρατιωτική βοήθεια, μια πολιτική συζήτηση χωρίς άμεσες επιπτώσεις σε μεταναστευτικές ροές.",,,"[""Israel"", ""United States""]",[],[],[],Policy Change,0.95
942,2026-05-17,Cross_Regional,Al Monitor,"Bulgaria's 'Bangaranga' wins Eurovision, with Israel second",1,[MACRO INFO] Η είδηση αφορά τον διαγωνισμό τραγουδιού της Eurovision και δεν παρουσιάζει κανέναν κίνδυνο για τη δημιουργία μεταναστευτικών ροών προς την Κύπρο ή την Αν. Μεσόγειο.,,,"[""Bulgaria"", ""Israel"", ""Cyprus""]",[],[],"[""Eastern Mediterranean""]",Other,0.9
1004,2026-05-17,Turkiye,Evrensel,Sivas'ta taraftarları taşıyan yolcu midibüsü devrildi: 18 kişi yaralandı,1,[MACRO INFO] Τροχαίο ατύχημα με ανατροπή επιβατικού λεωφορείου στη Σίβας της Τουρκίας άφησε 18 τραυματίες.,,,"[""Turkey""]",[],[],"[""Sivas""]",Humanitarian,0.9
1005,2026-05-17,Turkiye,Evrensel,Sinematek’te yeni hafta: Sessiz sinemadan “Drakula İstanbul’da”ya özel program,1,[MACRO INFO] Η Sinematek/Sinema Evi στην Κωνσταντινούπολη διοργανώνει ένα ειδικό πρόγραμμα κινηματογράφου από 20 έως 24 Μαΐου 2026.,,,"[""Turkey""]",[],"[""Sinematek/Sinema Evi""]","[""Istanbul""]",Other,0.9
1016,2026-05-17,Cross_Regional,BBC Arabic,سيارتك تتجسس عليك، وهذه مجرد البداية,1,"[MACRO INFO] Σύγχρονα αυτοκίνητα συλλέγουν μεγάλες ποσότητες δεδομένων από τους οδηγούς, εγείροντας ανησυχίες για την ιδιωτικότητα.",,,[],[],[],[],Other,0.9
783,2026-05-14,Syria,North Press Agency,"On Kurdish Language Day, calls grow for official recognition in Syria",1,"[MACRO INFO] Οι εκκλήσεις για επίσημη αναγνώριση της κουρδικής γλώσσας στη Συρία αποτελούν μια εσωτερική πολιτική εξέλιξη, με ελάχιστο και έμμεσο αντίκτυπο στον κίνδυνο δημιουργίας μεταναστευτικών ροών προς την Κύπρο ή την Αν. Μεσόγειο βραχυπρόθεσμα.",,,"[""Syria"", ""Cyprus""]",[],[],"[""Eastern Mediterranean""]",Policy Change,0.9
791,2026-05-14,Syria,Enab Baladi,Romanian Livestock Shipments Pass Through Tartus Port,1,"[MACRO INFO] Η είδηση αφορά τη διέλευση φορτίων ζώων από το λιμάνι της Ταρτούς στη Συρία, παρέχοντας μια πολύ γενική εικόνα της εμπορικής δραστηριότητας στην περιοχή χωρίς άμεση σχέση με μεταναστευτικές ροές.",,,"[""Romania"", ""Syria""]",[],[],"[""Tartus Port"", ""Tartus""]",Other,0.9
795,2026-05-14,Syria,Syria Direct,"Syrian Jews and allies seek a place in the country’s future, divided over Israel",1,"[MACRO INFO] Εσωτερικές πολιτικές διαιρέσεις μεταξύ Εβραίων της Συρίας για τη μελλοντική τους θέση στη χώρα και τις σχέσεις με το Ισραήλ, χωρίς να υποδεικνύεται κίνδυνος μεταναστευτικών ροών.",,,"[""Syria"", ""Israel""]",[],[],[],Other,0.9
798,2026-05-14,Lebanon,Daraj,البناء على أرض محمية :شركة بملكية كويتية تبيع وهم العيش في البوسنة لمشترين خليجيين,1,[MACRO INFO] Η είδηση αφορά υπόθεση απάτης με πώληση γης στη Βοσνία σε επενδυτές από τον Κόλπο και δεν παρουσιάζει κανέναν κίνδυνο για τη δημιουργία μεταναστευτικών ροών προς την Κύπρο ή την Αν. Μεσόγειο.,,,"[""Kuwait"", ""Bosnia"", ""Cyprus""]",[],[],"[""Eastern Mediterranean""]",Economic Migration,0.9
801,2026-05-14,Turkiye,Evrensel,'Aziz İhsan Aktaş' davasına devam edilecek: Esas hakkında mütalaanın açıklanması bekleniyor,1,"[MACRO INFO] Η είδηση αφορά δικαστική υπόθεση στην Τουρκία, χωρίς να παρέχει άμεση ένδειξη για κίνδυνο μεταναστευτικών ροών ή εκτεταμένη αστάθεια.",,,"[""Turkey""]","[""Aziz İhsan Aktaş""]",[],[],Other,0.95
803,2026-05-14,Turkiye,Evrensel,Güne yatay başladı: Altının gramı 6 bin 849 liradan işlem görüyor,1,"[MACRO INFO] Αναφέρεται η τρέχουσα τιμή του χρυσού στην Τουρκία, παρέχοντας οικονομικές πληροφορίες από μια γειτονική χώρα.",,,"[""Turkey""]",[],[],[],Economic Migration,0.9
804,2026-05-14,Turkiye,Evrensel,TMO’ya çağrı: Buğday alım fiyatı acilen açıklanmalı,1,"[MACRO INFO] Η είδηση αφορά την καθυστέρηση στην ανακοίνωση τιμών αγοράς σιτηρών στην Τουρκία και την προστασία των αγροτών, ενδεικτικό οικονομικών πιέσεων που, μακροπρόθεσμα, θα μπορούσαν να συμβάλλουν σε γενικότερη αστάθεια.",,,"[""Turkey""]",[],"[""TMO""]",[],Economic Migration,0.9
811,2026-05-14,Egypt,Egyptian Streets,Egypt to Launch Digital Visa-on-Arrival via QR Code at Cairo Airport From August,1,"[MACRO INFO] Η Αίγυπτος εισάγει ένα νέο ψηφιακό σύστημα έκδοσης βίζας κατά την άφιξη στο αεροδρόμιο του Καΐρου, απλοποιώντας τις διαδικασίες για νόμιμους ταξιδιώτες.",,,"[""Egypt""]",[],[],"[""Cairo Airport""]",Policy Change,0.9
812,2026-05-14,Egypt,Egyptian Streets,Foreign Residents in Egypt Can Now Access Family Legal Aid,1,"[MACRO INFO] Η Αίγυπτος εγκαινιάζει ένα γραφείο νομικής βοήθειας για ξένους κατοίκους, μια πολιτική πρωτοβουλία που στοχεύει στην οικογενειακή σταθερότητα και όχι στην πρόκληση μεταναστευτικών ροών.",,,"[""Egypt""]",[],[],[],Policy Change,0.9
815,2026-05-14,Egypt,Egyptian Streets,Families of Egyptian Sailors Plead for Help After Tanker Hijacking Near Somalia,1,"[MACRO INFO] Η πειρατεία δεξαμενόπλοιου στα ανοικτά της Σομαλίας αφορά ένα περιστατικό θαλάσσιας αστάθειας, αλλά δεν συνδέεται άμεσα με κινδύνους δημιουργίας μεταναστευτικών ροών προς την Κύπρο ή την Ανατολική Μεσόγειο.",,,"[""Egypt"", ""Somalia"", ""Cyprus""]",[],[],"[""Eastern Mediterranean""]",Humanitarian,0.9
816,2026-05-14,Cross_Regional,BBC Arabic,"ترامب يصف محادثاته مع شي بـ""الرائعة"" وسط استقبال صيني مهيب",1,"[MACRO INFO] Η είδηση αφορά διπλωματικές συνομιλίες μεταξύ ΗΠΑ και Κίνας για το εμπόριο, την Ταϊβάν και το Ιράν, θέματα που αποτελούν γενικές γεωπολιτικές εξελίξεις χωρίς άμεση σύνδεση με κίνδυνο μεταναστευτικών ροών προς την Κύπρο.",,,"[""USA"", ""China"", ""Taiwan"", ""Iran"", ""Cyprus""]","[""Trump"", ""Xi""]",[],[],Other,0.9
818,2026-05-14,Cross_Regional,BBC Arabic,بين التهويل والتشكيك: كيف تفاعل العرب على مواقع التواصل مع أخبار فيروس هانتا؟,1,"[MACRO INFO] Η είδηση αναφέρεται στην αντίδραση του κοινού σε κρούσματα ιού Hantavirus και μέτρα καραντίνας, χωρίς καμία άμεση ή έμμεση σχέση με παράγοντες που θα μπορούσαν να επηρεάσουν μεταναστευτικές ροές προς την Κύπρο ή την Αν. Μεσόγειο.",,,"[""Cyprus""]",[],[],"[""Eastern Mediterranean""]",Other,0.9
820,2026-05-14,Cross_Regional,Al Jazeera,"Cavaliers rally late, beat Pistons for 3-2 lead in NBA Playoff semifinals",1,[MACRO INFO] Η είδηση αφορά αθλητικό γεγονός (μπάσκετ NBA) και δεν παρουσιάζει κανέναν κίνδυνο για τη δημιουργία μεταναστευτικών ροών προς την Κύπρο ή την Αν. Μεσόγειο.,,,"[""Cyprus""]",[],"[""NBA"", ""Cavaliers"", ""Pistons""]","[""Eastern Mediterranean""]",Other,0.9
821,2026-05-14,Cross_Regional,Al Jazeera,"Madonna, Shakira, BTS to headline World Cup final half-time show",1,[MACRO INFO] Η είδηση αφορά ψυχαγωγικό γεγονός και δεν παρουσιάζει κανέναν κίνδυνο δημιουργίας μεταναστευτικών ροών προς την Κύπρο ή την Ανατολική Μεσόγειο.,,,"[""Cyprus""]","[""Madonna"", ""Shakira""]","[""BTS"", ""World Cup""]","[""Eastern Mediterranean""]",Other,0.9
823,2026-05-14,Cross_Regional,Al Jazeera,"Trump, Xi speak ahead of talks to make relations ‘better than ever’",1,[MACRO INFO] Η είδηση αφορά διπλωματικές συνομιλίες ΗΠΑ-Κίνας για βελτίωση σχέσεων και δεν συνιστά παράγοντα που επηρεάζει τις μεταναστευτικές ροές προς την Κύπρο ή την Ανατολική Μεσόγειο.,,,"[""USA"", ""China"", ""Cyprus""]","[""Trump"", ""Xi""]",[],"[""Eastern Mediterranean""]",Other,0.9
829,2026-05-14,Cross_Regional,Al Monitor,"India says safe, unimpeded maritime flows vital for global economic well-being",1,"[MACRO INFO] Η Ινδία τονίζει τη σημασία των ασφαλών θαλάσσιων ροών και καταδικάζει μονομερή μέτρα, θέματα που επηρεάζουν τη διεθνή οικονομική και πολιτική σταθερότητα.",,,"[""India""]",[],[],[],Other,0.9
830,2026-05-14,Cross_Regional,Al Monitor,India says emerging nations eye BRICS grouping for stability,1,"[MACRO INFO] Η συνάντηση των BRICS συζητά την παγκόσμια σταθερότητα και τις εντάσεις μεταξύ Ιράν και ΗΑΕ, τονίζοντας την ανάγκη για διάλογο.",,,"[""India"", ""Iran"", ""UAE""]",[],"[""BRICS""]",[],Other,0.9
833,2026-05-14,Cross_Regional,Al Monitor,"South Korea official says unlikely anyone but Iran behind Hormuz ship attack, Yonhap reports",1,"[MACRO INFO] Περιστατικό επίθεσης σε εμπορικό πλοίο κοντά στα Στενά του Ορμούζ, πιθανόν από το Ιράν, υποδηλώνει γεωπολιτική αστάθεια στην περιοχή, με εξαιρετικά έμμεσο και αμελητέο κίνδυνο για μεταναστευτικές ροές προς την Κύπρο ή την Ανατολική Μεσόγειο.",,,"[""South Korea"", ""Iran"", ""Cyprus""]",[],"[""Yonhap""]","[""Strait of Hormuz"", ""Eastern Mediterranean""]",Other,0.9
835,2026-05-14,Syria,North Press Agency,Kurds celebrate Kurdish Language Day in Syria’s Kobani,1,"[MACRO INFO] Η είδηση αναφέρεται σε πολιτιστική εκδήλωση στην Κομπάνι της Συρίας, μια περιοχή με γενική αστάθεια, αλλά δεν υποδεικνύει άμεσο κίνδυνο ή αλλαγές που θα επηρεάσουν τις μεταναστευτικές ροές.",,,"[""Syria""]","[""Kurds""]",[],"[""Kobani""]",Other,0.9
836,2026-05-14,Syria,North Press Agency,Kurds celebrate Kurdish Language Day in Syria’s Qamishli,1,[MACRO INFO] Οι Κούρδοι γιορτάζουν την Ημέρα Κουρδικής Γλώσσας στην Καμισλί της Συρίας. Το γεγονός δεν ενέχει άμεσο κίνδυνο δημιουργίας μεταναστευτικών ροών.,,,"[""Syria""]","[""Kurds""]",[],"[""Qamishli""]",Other,0.9
850,2026-05-14,Lebanon,Daraj,عن “هجرة” بتول علّوش: سطوة المقدّس و”الكلام” أمام الكاميرا,1,"[MACRO INFO] Το κείμενο εξετάζει την «μετανάστευση» (hijra) ενός ατόμου υπό θρησκευτικό πρίσμα, απομακρύνοντας το πλαίσιο ασφαλείας. Δεν παρέχει συγκεκριμένες πληροφορίες για μεταναστευτικές ροές ή παράγοντες που επηρεάζουν τη μετανάστευση προς την Κύπρο.",,,"[""Cyprus""]","[""Batoul Alloush""]",[],[],Other,0.9
852,2026-05-14,Turkiye,Evrensel,Schengen vizesi olanlar bile geri çevriliyor: Binlerce kişi aynı hatayı yapıyor,1,"[MACRO INFO] Η είδηση αφορά την επιβολή αυστηρότερων ελέγχων για την είσοδο στην περιοχή Σένγκεν, ακόμη και για κατόχους βίζας, κάτι που δυσχεραίνει τις νόμιμες μετακινήσεις προς την Ευρώπη και δεν σχετίζεται άμεσα με τη δημιουργία μεταναστευτικών ροών προς την Κύπρο.",,,"[""Cyprus"", ""Europe""]",[],[],"[""Schengen Area""]",Policy Change,0.9
854,2026-05-14,Turkiye,Evrensel,"İsrail Savunma Bakanı, Filistin bayrağı taşıyan Barcelona'lı Lamine Yamal'ı hedef aldı",1,"[MACRO INFO] Ο Ισραηλινός Υπουργός Άμυνας στοχοποίησε ποδοσφαιριστή για παλαιστινιακή σημαία, γεγονός που αποτελεί πολιτική κίνηση στο πλαίσιο της συνεχιζόμενης περιφερειακής αστάθειας.",,,"[""Israel"", ""Palestine""]","[""Lamine Yamal""]",[],[],Policy Change,0.9
857,2026-05-14,Turkiye,Turkish Minute,"Turkey, Belgium sign defense cooperation letter as economic mission moves on to Ankara",1,[MACRO INFO] Η Τουρκία και το Βέλγιο υπέγραψαν συμφωνία αμυντικής συνεργασίας κατά τη διάρκεια βελγικής οικονομικής αποστολής στην Άγκυρα.,,,"[""Turkey"", ""Belgium""]",[],[],"[""Ankara""]",Other,0.9
863,2026-05-14,Egypt,Mada Masr English,"Alimony in new personal status laws: Reforms still assume ‘women are vessels, men are banks’",1,[MACRO INFO] Νομικές μεταρρυθμίσεις σε σχέση με το οικογενειακό δίκαιο και τη διατροφή σε μία χώρα της Αν. Μεσογείου δεν συνιστούν άμεσο κίνδυνο δημιουργίας μεταναστευτικών ροών.,,,[],[],[],"[""Eastern Mediterranean""]",Policy Change,0.9
864,2026-05-14,Egypt,Mada Masr English,Reforming the family: New custody rules uphold ‘equality in injustice’,1,"[MACRO INFO] Νέοι κανόνες οικογενειακού δικαίου σχετικά με την επιμέλεια τίθενται σε ισχύ, εγείροντας ζητήματα ισότητας, χωρίς άμεση σύνδεση με την πρόκληση μεταναστευτικών ροών.",,,[],[],[],[],Policy Change,0.9
869,2026-05-14,Cross_Regional,BBC Arabic,"شي: العلاقات الصينية الأمريكية هي ""أهم علاقة ثنائية في العالم""",1,[MACRO INFO] Συνομιλίες ΗΠΑ-Κίνας για εμπόριο και Ταϊβάν. Η προειδοποίηση για πιθανή σύγκρουση στην Ταϊβάν υποδηλώνει γενική γεωπολιτική αστάθεια.,,,"[""USA"", ""China""]","[""Xi""]",[],"[""Taiwan""]",Policy Change,0.9
872,2026-05-14,Cross_Regional,BBC Arabic,لماذا يميل برج بيزا ومبانٍ أخرى من دون أن تسقط؟,1,[MACRO INFO] Η είδηση αφορά την αρχιτεκτονική κλίση κτιρίων στην Ιταλία και δεν σχετίζεται με τον κίνδυνο δημιουργίας μεταναστευτικών ροών προς την Κύπρο ή την Ανατολική Μεσόγειο.,,,"[""Italy"", ""Cyprus""]",[],[],"[""Eastern Mediterranean""]",Other,0.9
873,2026-05-14,Cross_Regional,Al Jazeera,Labour’s Angela Rayner says she has been cleared over UK tax affairs,1,"[MACRO INFO] Η αθώωση της Άντζελα Ρέινερ για φορολογικές υποθέσεις αποτελεί εσωτερική πολιτική εξέλιξη του Ηνωμένου Βασιλείου, χωρίς καμία επίδραση στις μεταναστευτικές ροές προς την Κύπρο ή την Ανατολική Μεσόγειο.",,,"[""United Kingdom"", ""Cyprus""]","[""Angela Rayner""]",[],"[""Eastern Mediterranean""]",Other,0.9
875,2026-05-14,Cross_Regional,Al Jazeera,Zimbabweans lured into Russia’s war as families plead for their return,1,[MACRO INFO] Η είδηση αφορά τη στρατολόγηση πολιτών από τη Ζιμπάμπουε στον πόλεμο Ρωσίας-Ουκρανίας. Ο κίνδυνος δημιουργίας μεταναστευτικών ροών προς την Κύπρο ή την Αν. Μεσόγειο από το συγκεκριμένο γεγονός κρίνεται αμελητέος λόγω γεωγραφικής απόστασης και φύσης του γεγονότος.,,,"[""Zimbabwe"", ""Russia"", ""Ukraine"", ""Cyprus""]",[],[],"[""Eastern Mediterranean""]",Refugee Flow,0.9
876,2026-05-14,Cross_Regional,Al Jazeera,"Who are the US CEOs in China with Trump, and what’s in it for them?",1,"[MACRO INFO] Η είδηση αφορά επιχειρηματικές και πολιτικές εξελίξεις μεταξύ ΗΠΑ και Κίνας, χωρίς άμεση ή έμμεση σύνδεση με τη δημιουργία μεταναστευτικών ροών προς την Κύπρο ή την Αν. Μεσόγειο.",,,"[""US"", ""China"", ""Cyprus""]","[""Trump""]",[],"[""Eastern Mediterranean""]",Other,0.9
877,2026-05-14,Cross_Regional,Al Jazeera,"Russia launches hundreds more drones at Ukraine, killing three people",1,"[MACRO INFO] Η συνεχιζόμενη στρατιωτική σύγκρουση στην Ουκρανία αποτελεί παράγοντα γενικής αστάθειας, χωρίς όμως άμεση αναφορά σε προσφυγικές ροές προς την Κύπρο ή την Ανατολική Μεσόγειο.",,,"[""Russia"", ""Ukraine"", ""Cyprus""]",[],[],"[""Eastern Mediterranean""]",Humanitarian,0.9
883,2026-05-14,Cross_Regional,Al Monitor,"Iran allowing transit of Chinese vessels in Strait of Hormuz, Fars news reports",1,"[MACRO INFO] Η είδηση αφορά μια συμφωνία διέλευσης πλοίων στον Πορθμό του Ορμούζ, ένα γεωπολιτικό ζήτημα που σχετίζεται με την ευρύτερη περιφερειακή πολιτική, χωρίς άμεση σύνδεση με μεταναστευτικές ροές προς την Κύπρο.",,,"[""Iran"", ""China"", ""Cyprus""]",[],[],"[""Strait of Hormuz""]",Other,0.9
886,2026-05-14,Cross_Regional,Al Monitor,"China will do what it can to reopen Strait of Hormuz, Bessent says",1,"[MACRO INFO] Η είδηση αναφέρεται στις διπλωματικές προσπάθειες για το άνοιγμα των Στενών του Ορμούζ, ένα γεωπολιτικό ζήτημα που αφορά την παγκόσμια εμπορική σταθερότητα και είναι μακριά από τις πηγές μεταναστευτικών ροών προς την Κύπρο.",,,"[""China"", ""Cyprus""]","[""Bessent""]",[],"[""Strait of Hormuz""]",Other,0.9
733,2026-05-12,Syria,North Press Agency,Syrian organizations call for official recognition of Kurdish,1,"[MACRO INFO] Συριακές οργανώσεις ζητούν την επίσημη αναγνώριση της κουρδικής γλώσσας, μια εσωτερική πολιτική εξέλιξη στη Συρία που δεν συνδέεται άμεσα με μεταναστευτικές ροές.",,,"[""Syria""]",[],[],[],Policy Change,0.9
742,2026-05-12,Syria,Syria Direct,"Syrian Jews and allies seek a place in the country’s future, divided over Israel",1,[MACRO INFO] Το κείμενο αναφέρεται στις εσωτερικές πολιτικές διαιρέσεις μεταξύ Σύρων Εβραίων σχετικά με το μέλλον τους στη χώρα και τη σχέση με το Ισραήλ. Δεν υποδηλώνει άμεσο κίνδυνο δημιουργίας μεταναστευτικών ροών.,,,"[""Syria"", ""Israel""]",[],[],[],Other,0.9
747,2026-05-12,Lebanon,Daraj,التحرّش الجنسي الرقمي يستهدف ناشطات الصحّة والحقوق الجنسية والإنجابية في مصر,1,"[MACRO INFO] Η ψηφιακή σεξουαλική παρενόχληση ακτιβιστριών στην Αίγυπτο αποτελεί ένα κοινωνικό ζήτημα, χωρίς να συνιστά παράγοντα άμεσης αστάθειας ικανό να προκαλέσει μεταναστευτικές ροές προς την Κύπρο ή την Αν. Μεσόγειο.",,,"[""Egypt"", ""Cyprus""]",[],[],"[""Eastern Mediterranean""]",Humanitarian,0.9
748,2026-05-12,Lebanon,Daraj,كيف صنع محمود سعد أسطورة ضياء العوضي و”قتل” الثقة في الطبّ!,1,"[MACRO INFO] Η είδηση αφορά τηλεοπτική συζήτηση και κριτική περί εμπιστοσύνης στην ιατρική, χωρίς καμία σύνδεση με κινδύνους δημιουργίας μεταναστευτικών ροών.",,,[],"[""Mahmoud Saad"", ""Diaa El-Awady""]",[],[],Other,0.9
750,2026-05-12,Turkiye,Evrensel,"Hemşireler Günü'nde çağrı: ""Koruyucu sağlığı önceleyen bir sistem istiyoruz”",1,"[MACRO INFO] Συνδικαλιστές νοσηλευτές στην Τουρκία ζητούν καλύτερες συνθήκες εργασίας και μισθούς, ενδεικτικό εσωτερικών πιέσεων που μπορούν να επηρεάσουν τη γενικότερη κοινωνικοοικονομική σταθερότητα.",,,"[""Turkey""]",[],[],[],Economic Migration,0.9
751,2026-05-12,Turkiye,Evrensel,"Karaadilli Belediye Başkanı Hüseyin Şahin'den istifa iddialarına yanıt: ""CHP'deyiz, görevimizin başındayız",1,"[MACRO INFO] Η είδηση αφορά δήλωση τοπικού δημάρχου στην Τουρκία για την παραμονή του στο κόμμα του, χωρίς να σχετίζεται άμεσα με μεταναστευτικές ροές ή γενική αστάθεια.",,,"[""Turkey""]","[""Hüseyin Şahin""]","[""CHP""]","[""Karaadilli""]",Other,0.9
754,2026-05-12,Turkiye,Turkish Minute,"Turkey’s top commanders led 2016 coup, then sided with Erdoğan, ex-general convicted of failed putsch says",1,"[MACRO INFO] Νέες πληροφορίες σχετικά με τους επικεφαλής της αποτυχημένης απόπειρας πραξικοπήματος του 2016 στην Τουρκία, όπως τις αποκαλύπτει πρώην στρατηγός.",,,"[""Turkey""]","[""Erdoğan""]",[],[],Humanitarian,0.9
755,2026-05-12,Turkiye,Turkish Minute,Erdoğan tells Belgian queen Turkey belongs in Europe’s defense plans,1,[MACRO INFO] Ο Τούρκος Πρόεδρος συζήτησε με τη Βελγίδα Βασίλισσα τη συμμετοχή της Τουρκίας σε ευρωπαϊκά αμυντικά σχέδια και οικονομική συνεργασία. Η είδηση αφορά γενικές πολιτικές και διπλωματικές εξελίξεις χωρίς άμεση σχέση με κίνδυνο μεταναστευτικών ροών.,,,"[""Turkey"", ""Belgium"", ""Europe""]","[""Erdoğan""]",[],[],Other,0.9
756,2026-05-12,Turkiye,Turkish Minute,[OPINION] Mach 25 or political theater? Turkey’s new missile spectacle,1,"[MACRO INFO] Η είδηση αναφέρεται στην πολιτική χρήση της αμυντικής βιομηχανίας της Τουρκίας ως εργαλείο επικοινωνίας εντός της χώρας, χωρίς άμεση σύνδεση με μεταναστευτικές ροές.",,,"[""Turkey""]",[],[],[],Other,0.9
758,2026-05-12,Egypt,Mada Masr English,Reforming the family: New custody rules uphold ‘equality in injustice’,1,"[MACRO INFO] Το κείμενο αφορά μεταρρυθμίσεις στους κανόνες επιμέλειας παιδιών και οικογενειακά ζητήματα, χωρίς καμία αναφορά σε παράγοντες που προκαλούν μεταναστευτικές ροές.",,,[],[],[],[],Other,0.9
760,2026-05-12,Egypt,Mada Masr English,UN calls for release of two flotilla activists as Israel extends their detention,1,"[MACRO INFO] Ο ΟΗΕ ζητά την απελευθέρωση ακτιβιστών στολίσκου που κρατούνται από το Ισραήλ κοντά στην Κρήτη, γεγονός που αποτελεί μεμονωμένη πολιτική ένταση στην ευρύτερη περιοχή της Ανατολικής Μεσογείου.",,,"[""Israel""]",[],"[""UN""]","[""Crete"", ""Eastern Mediterranean""]",Humanitarian,0.9
768,2026-05-12,Cross_Regional,BBC Arabic,"من ""أمير سعودي"" وهمي إلى ""عقيد عراقي"" مزعوم: لبنان أمام قصة انتحال صفة جديدة",1,[MACRO INFO] Ένα περιστατικό πλαστοπροσωπίας από Ιρακινό και χρήσης πλαστών εγγράφων με εμπλοκή στελεχών ασφαλείας στον Λίβανο υποδηλώνει μικρές αδυναμίες στην εσωτερική ασφάλεια.,,,"[""Lebanon"", ""Iraq"", ""Saudi Arabia""]",[],[],[],Other,0.9
770,2026-05-12,Cross_Regional,Al Jazeera,Thunder outlasts Lakers in Game 4 to complete NBA playoff sweep,1,"[MACRO INFO] Η είδηση αναφέρεται σε αθλητικό γεγονός (NBA) στις ΗΠΑ και δεν έχει καμία απολύτως σχέση με παράγοντες που δημιουργούν κίνδυνο μεταναστευτικών ροών προς την Κύπρο ή την Ανατολική Μεσόγειο, ούτε με γενική αστάθεια στην περιοχή.",,,"[""USA"", ""Cyprus""]",[],"[""NBA"", ""Thunder"", ""Lakers""]","[""Eastern Mediterranean""]",Other,0.9
772,2026-05-12,Cross_Regional,Al Jazeera,US moves to release more oil stockpiles under IEA agreement,1,"[MACRO INFO] Οι ΗΠΑ απελευθερώνουν αποθέματα πετρελαίου για να αντιμετωπίσουν τις αυξανόμενες τιμές, μια οικονομική πολιτική που επηρεάζει έμμεσα την παγκόσμια σταθερότητα χωρίς άμεση σύνδεση με μεταναστευτικές ροές.",,,"[""United States""]",[],"[""International Energy Agency""]",[],Policy Change,0.9
615,2026-05-11,Cross_Regional,Al Monitor,Turkish Airlines plane evacuated due to tyre fire after landing in Kathmandu,1,"[MACRO INFO] Ένα αεροσκάφος των Turkish Airlines εκκενώθηκε λόγω πυρκαγιάς σε ελαστικό στο Κατμαντού, χωρίς το περιστατικό να σχετίζεται με μεταναστευτικές ροές προς την Κύπρο ή την Αν. Μεσόγειο.",,,"[""Cyprus""]",[],"[""Turkish Airlines""]","[""Kathmandu"", ""East Mediterranean""]",Other,0.9
617,2026-05-11,Cross_Regional,Al Monitor,Trump rejects Iran's response to US peace proposal as 'unacceptable',1,"[MACRO INFO] Η απόρριψη ειρηνευτικής πρότασης μεταξύ ΗΠΑ και Ιράν υποδηλώνει συνέχιση της σύγκρουσης, προκαλώντας αστάθεια στην περιοχή και επηρεάζοντας τη ναυσιπλοΐα και τις τιμές του πετρελαίου.",,,"[""Iran"", ""United States""]","[""Donald Trump""]",[],[],Humanitarian,0.9
618,2026-05-11,Cross_Regional,Al Monitor,Middle East conflicts a danger for whales off S.Africa: study,1,"[MACRO INFO] Αναφορές σε συγκρούσεις στη Μέση Ανατολή, οι οποίες προκαλούν αλλαγές σε ναυτιλιακές διαδρομές, αποτελούν ένδειξη γενικής αστάθειας στην ευρύτερη περιοχή.",,,"[""South Africa""]",[],[],"[""Middle East""]",Humanitarian,0.9
620,2026-05-11,Syria,North Press Agency,Syrian Kurdish parties stress respect for Kurdish identity,1,"[MACRO INFO] Κουρδικά κόμματα στη Συρία τονίζουν την ανάγκη σεβασμού της κουρδικής ταυτότητας. Η είδηση αφορά εσωτερικές πολιτικές εξελίξεις στην Συρία, χωρίς άμεση σύνδεση με μεταναστευτικές ροές.",,,"[""Syria""]","[""Kurds""]",[],[],Other,0.95
625,2026-05-11,Syria,Enab Baladi,Finance Ministry Says 50% Salary Raise Due in Late May,1,"[MACRO INFO] Το Υπουργείο Οικονομικών της Συρίας ανακοίνωσε αύξηση μισθών κατά 50%, μέτρο που αφορά την εσωτερική οικονομική πολιτική και αντανακλά τις υπάρχουσες οικονομικές πιέσεις στη χώρα.",,,"[""Syria""]",[],"[""Finance Ministry""]",[],Policy Change,0.9
630,2026-05-11,Syria,Syria Direct,"Syrian Jews and allies seek a place in the country’s future, divided over Israel",1,"[MACRO INFO] Η είδηση αφορά τις εσωτερικές πολιτικές διαιρέσεις μεταξύ Σύριων Εβραίων και συμμάχων τους σχετικά με το μέλλον τους στη Συρία, χωρίς άμεση αναφορά σε προσφυγικές ροές.",,,"[""Syria"", ""Israel""]",[],[],[],Other,0.9
633,2026-05-11,Lebanon,Daraj,كيف صنع محمود سعد أسطورة ضياء العوضي و”قتل” الثقة في الطبّ!,1,[MACRO INFO] Το κείμενο αναφέρεται σε τηλεοπτική εκπομπή και την αξιοπιστία της ιατρικής. Δεν σχετίζεται με μεταναστευτικές ροές ή γεωπολιτική αστάθεια στην Ανατολική Μεσόγειο.,,,[],"[""Mahmoud Saad"", ""Diaa El-Awady""]",[],[],Other,0.9
636,2026-05-11,Turkiye,Evrensel,"TRT spikeri 'patili annesiyim' dedi, yayından alındı",1,"[MACRO INFO] Εσωτερικό πολιτικό περιστατικό στην Τουρκία σχετικά με την απομάκρυνση τηλεπαρουσιάστριας, το οποίο δεν έχει άμεση ή έμμεση σχέση με τη δημιουργία μεταναστευτικών ροών.",,,"[""Turkey""]",[],"[""TRT""]",[],Other,0.9
638,2026-05-11,Turkiye,Evrensel,Netanyahu’dan ABD mali ve askeri yardımlarına ilişkin açıklama: “Yardımdan ortaklığa geçmenin zamanı geldi”,1,"[MACRO INFO] Ο Ισραηλινός πρωθυπουργός Νετανιάχου δήλωσε ότι η οικονομική και στρατιωτική βοήθεια των ΗΠΑ προς το Ισραήλ θα πρέπει να σταματήσει, επιδιώκοντας μια σχέση «εταιρικής σχέσης». Πρόκειται για πολιτική εξέλιξη στις διμερείς σχέσεις με αμελητέο άμεσο αντίκτυπο στις μεταναστευτικές ροές.",,,"[""USA"", ""Israel""]","[""Netanyahu""]",[],[],Policy Change,0.9
640,2026-05-11,Turkiye,Evrensel,"KTÜ Rektörlüğünden Erzurumspor, Amedspor ve Galatasaray açıklaması",1,"[MACRO INFO] Η είδηση αφορά μια τοπική συζήτηση στην Τουρκία σχετικά με δηλώσεις πανεπιστημίου και πιθανή πόλωση, χωρίς άμεση ή έμμεση σχέση με μεταναστευτικές ροές ή γενικευμένη αστάθεια.",,,"[""Turkey""]",[],"[""KTÜ Rektörlüğü"", ""Erzurumspor"", ""Amedspor"", ""Galatasaray""]",[],Other,0.9
641,2026-05-11,Turkiye,Turkish Minute,Turkish Airlines jet catches fire while landing in Nepal; all passengers safe,1,"[MACRO INFO] Ένα αεροσκάφος των Turkish Airlines πήρε φωτιά κατά την προσγείωση στο Νεπάλ, χωρίς τραυματισμούς. Το περιστατικό αποτελεί μεμονωμένο ατύχημα που δεν σχετίζεται με γενική αστάθεια ή κίνδυνο δημιουργίας μεταναστευτικών ροών προς την Κύπρο ή την Αν. Μεσόγειο.",,,"[""Turkey"", ""Nepal"", ""Cyprus""]",[],"[""Turkish Airlines""]","[""Eastern Mediterranean""]",Other,0.9
643,2026-05-11,Turkiye,Turkish Minute,UAE says non-oil trade with Turkey reached $45 billion under economic pact,1,"[MACRO INFO] Η είδηση αφορά την αύξηση του μη πετρελαϊκού εμπορίου μεταξύ ΗΑΕ και Τουρκίας, ενισχύοντας την οικονομική τους συνεργασία και δεν συνιστά κίνδυνο δημιουργίας μεταναστευτικών ροών.",,,"[""UAE"", ""Turkey""]",[],[],[],Other,0.9
652,2026-05-11,Egypt,Egyptian Streets,Egypt Confirms No Hantavirus Cases Detected,1,"[MACRO INFO] Η Αίγυπτος επιβεβαίωσε την απουσία κρουσμάτων Hantavirus και τη σταθερότητα της δημόσιας υγείας, γεγονός που δεν υποδηλώνει κανέναν κίνδυνο αστάθειας ή δημιουργίας μεταναστευτικών ροών προς την Κύπρο ή την Αν. Μεσόγειο.",,,"[""Egypt"", ""Cyprus""]",[],[],"[""Eastern Mediterranean""]",Refugee Flow,0.9
658,2026-05-11,Cross_Regional,BBC Arabic,احتجاجات حاشدة في قلب لندن بعد تصاعد الهجمات على المجتمع اليهودي في بريطانيا,1,[MACRO INFO] Διαδηλώσεις στο Λονδίνο μετά από κλιμάκωση επιθέσεων κατά της εβραϊκής κοινότητας συνιστούν εσωτερική κοινωνική αστάθεια στο Ηνωμένο Βασίλειο.,,,"[""United Kingdom""]",[],[],"[""London""]",Humanitarian,0.9
659,2026-05-11,Cross_Regional,BBC Arabic,"ماذا نعرف عن فيروس ""هانتا""، ولماذا تراقبه منظمة الصحة العالمية بحذر؟",1,"[MACRO INFO] Η είδηση αφορά την παρακολούθηση του ιού Hanta από τον ΠΟΥ, ο οποίος μεταδίδεται από τρωκτικά με περιορισμένη ανθρώπινη μετάδοση. Δεν υφίσταται άμεσος κίνδυνος για μεταναστευτικές ροές με βάση αυτή την πληροφορία.",,,[],[],"[""World Health Organization"", ""WHO""]",[],Humanitarian,0.9
660,2026-05-11,Cross_Regional,BBC Arabic,إسرائيل ترحّل اثنين من ناشطي أسطول الصمود العالمي بعد أسبوع من احتجازهما,1,"[MACRO INFO] Η απέλαση ακτιβιστών από το Ισραήλ και οι εκκλήσεις για κυρώσεις συνιστούν ένα πολιτικό επεισόδιο στην περιοχή, χωρίς άμεση σύνδεση με μεταναστευτικές ροές.",,,"[""Israel""]",[],"[""أسطول الصمود العالمي""]",[],Policy Change,0.9
664,2026-05-11,Cross_Regional,Al Jazeera,Thailand’s Thaksin Shinawatra released from prison,1,"[MACRO INFO] Η απελευθέρωση του πρώην πρωθυπουργού της Ταϊλάνδης αποτελεί πολιτική εξέλιξη, αλλά δεν έχει καμία σχέση με τον κίνδυνο δημιουργίας μεταναστευτικών ροών προς την Κύπρο ή την Ανατολική Μεσόγειο.",,,"[""Thailand"", ""Cyprus""]","[""Thaksin Shinawatra""]",[],"[""Eastern Mediterranean""]",Policy Change,0.9
666,2026-05-11,Cross_Regional,Middle East Eye,Iran says US has not issued World Cup visas for players,1,[MACRO INFO] Η είδηση αφορά πρόβλημα έκδοσης βίζας για αθλητική ομάδα του Ιράν και δεν σχετίζεται με γεωπολιτική αστάθεια ή κίνδυνο μεταναστευτικών ροών.,,,"[""Iran"", ""United States""]",[],[],[],Other,0.9
681,2026-05-11,Syria,Enab Baladi,Syria Reviews 50 Illicit Enrichment Settlements,1,"[MACRO INFO] Η Συρία επανεξετάζει υποθέσεις παράνομης απόκτησης πλούτου, γεγονός που αντανακλά την εσωτερική πολιτική και οικονομική αστάθεια της χώρας.",,,"[""Syria""]",[],[],[],Policy Change,0.9
693,2026-05-11,Turkiye,Evrensel,'Padişah' şakası nedeniyle Tuba Ulu'ya 3 yıl hapis istemi,1,"[MACRO INFO] Στην Τουρκία, ασκήθηκε δίωξη σε stand-up κωμικό με αίτημα φυλάκισης 3 ετών για υποκίνηση μίσους, γεγονός που αναδεικνύει εσωτερικές κοινωνικές και νομικές εντάσεις.",,,"[""Turkey""]","[""Tuba Ulu""]",[],[],Other,0.9
694,2026-05-11,Turkiye,Evrensel,Akşam yazarı Emin Pazarcı’dan çakarlı araç tepkilerine küfürlü yanıt: “Ulan it kopuk takımı...”,1,[MACRO INFO] Ένας Τούρκος αρθρογράφος προέβη σε υβριστικές δηλώσεις ως απάντηση σε αντιδράσεις για τη χρήση οχήματος με αναλάμποντα φώτα.,,,"[""Turkey""]","[""Emin Pazarcı""]",[],[],Other,0.9
695,2026-05-11,Turkiye,Evrensel,Fenerbahçe'de Ali Koç sessizliğini bozdu: Seçim kararını resmen açıkladı,1,[MACRO INFO] Η είδηση αφορά εσωτερικές εκλογές σε αθλητικό σωματείο της Τουρκίας. Δεν υπάρχει κανένας κίνδυνος δημιουργίας μεταναστευτικών ροών προς την Κύπρο ή την Αν. Μεσόγειο από αυτό το γεγονός.,,,"[""Turkey"", ""Cyprus""]","[""Ali Koç""]","[""Fenerbahçe""]","[""Eastern Mediterranean""]",Other,0.9
717,2026-05-11,Cross_Regional,Al Jazeera,"Timberwolves win, tie Playoff Series after Spurs’ Wembanyama is ejected",1,[MACRO INFO] Η είδηση αφορά αθλητικό γεγονός στις ΗΠΑ και είναι άσχετη με τον κίνδυνο δημιουργίας μεταναστευτικών ροών προς την Κύπρο ή την Ανατολική Μεσόγειο.,,,"[""USA""]","[""Wembanyama""]",[],"[""Cyprus"", ""Eastern Mediterranean""]",Other,0.9
720,2026-05-11,Cross_Regional,Al Jazeera,Risks and rewards in France-Kenya partnership,1,[MACRO INFO] Η είδηση αφορά μια πολιτική συνεργασία μεταξύ Γαλλίας και Κένυας και τις προκλήσεις που αυτή αντιμετωπίζει. Δεν συνδέεται άμεσα με κινδύνους μεταναστευτικών ροών προς την Κύπρο ή την Αν. Μεσόγειο.,,,"[""France"", ""Kenya"", ""Cyprus""]",[],[],"[""East Mediterranean""]",Other,0.9
570,2026-05-09,Syria,Enab Baladi,A Smart Strategy for Picky Eating in Children,1,[MACRO INFO] Το άρθρο αφορά στρατηγικές διατροφής για παιδιά και δεν σχετίζεται με τον κίνδυνο δημιουργίας μεταναστευτικών ροών.,,,[],[],[],[],Other,0.9
571,2026-05-09,Syria,Enab Baladi,Iraq Announces Oil Export Plan Through Baniyas Port,1,"[MACRO INFO] Το Ιράκ ανακοίνωσε σχέδιο εξαγωγής πετρελαίου μέσω του λιμανιού της Μπανίγιας στη Συρία, μια οικονομική πολιτική εξέλιξη στην περιοχή.",,,"[""Iraq"", ""Syria""]",[],[],"[""Baniyas""]",Policy Change,0.95
577,2026-05-09,Syria,Syria Direct,"Syrian Jews and allies seek a place in the country’s future, divided over Israel",1,"[MACRO INFO] Η είδηση αφορά εσωτερικές πολιτικές συζητήσεις μεταξύ Σύρων Εβραίων για την αναβίωση της κληρονομιάς τους στη Συρία, χωρίς να υποδεικνύει κίνδυνο μεταναστευτικών ροών.",,,"[""Syria"", ""Israel""]",[],[],[],Policy Change,0.9
580,2026-05-09,Lebanon,Daraj,ذاكرتنا مع أغاني هاني شاكر: حنين لشطف بيوت قرانا الجنوبية,1,"[MACRO INFO] Η είδηση αφορά προσωπικές αναμνήσεις και νοσταλγία, χωρίς καμία σχέση με μεταναστευτικές ροές ή γενική αστάθεια.",,,[],"[""Hany Shaker""]",[],[],Other,0.9
586,2026-05-09,Turkiye,Evrensel,Özel hastanelerde hekimlerin çalışma modeli değişiyor: 1 Haziran’da yeni dönem,1,"[MACRO INFO] Νέα ρύθμιση για το εργασιακό μοντέλο των γιατρών σε ιδιωτικά νοσοκομεία της Τουρκίας ενέχει κινδύνους για την εργασιακή τους ασφάλεια, με εξαιρετικά χαμηλό και έμμεσο αντίκτυπο στην ευρύτερη σταθερότητα.",,,"[""Turkey""]",[],[],[],Policy Change,0.9
587,2026-05-09,Turkiye,Evrensel,Derbi öncesi gözler ilk 11’lerde: Beşiktaş-Trabzonspor maçının muhtemel kadroları,1,[MACRO INFO] Η είδηση αφορά έναν ποδοσφαιρικό αγώνα στην Τουρκία και δεν παρουσιάζει κανέναν κίνδυνο δημιουργίας μεταναστευτικών ροών προς την Κύπρο ή την Ανατολική Μεσόγειο.,,,"[""Turkey"", ""Cyprus""]",[],[],"[""Eastern Mediterranean""]",Other,0.9
589,2026-05-09,Turkiye,Evrensel,Özkan Yalım'ın iddialarına Özgür Özel'den yanıt geldi,1,[MACRO INFO] Η είδηση αφορά εσωτερικές πολιτικές δηλώσεις και αντιπαραθέσεις στην Τουρκία. Δεν υπάρχουν στοιχεία που να συνδέουν το περιεχόμενο με παράγοντες που επηρεάζουν τις μεταναστευτικές ροές.,,,"[""Turkey""]","[""Özkan Yalım"", ""Özgür Özel""]",[],[],Other,0.9
590,2026-05-09,Turkiye,Turkish Minute,"UN rapporteur, experts warn governments still use INTERPOL to pursue journalists in exile",1,"[MACRO INFO] Προειδοποιήσεις για κατάχρηση της INTERPOL από αυταρχικές κυβερνήσεις για δίωξη δημοσιογράφων στην εξορία, υποδεικνύουν γενική πολιτική αστάθεια χωρίς άμεση σύνδεση με νέες μεταναστευτικές ροές.",,,[],[],"[""UN"", ""INTERPOL""]",[],Humanitarian,0.9
593,2026-05-09,Turkiye,Turkish Minute,Opposition lawmaker asks Turkish Parliament to release unpublished report on 2016 coup attempt,1,"[MACRO INFO] Ένας βουλευτής της αντιπολίτευσης στην Τουρκία ζητά τη δημοσιοποίηση της έκθεσης για την απόπειρα πραξικοπήματος του 2016, μια εσωτερική πολιτική εξέλιξη χωρίς άμεση σχέση με μεταναστευτικές ροές.",,,"[""Turkey""]",[],"[""Turkish Parliament""]",[],Other,0.95
596,2026-05-09,Egypt,Mada Masr English,UN calls for release of two flotilla activists as Israel extends their detention,1,"[MACRO INFO] Πολιτικό επεισόδιο με σύλληψη ακτιβιστών από ισραηλινές δυνάμεις κοντά στην Κρήτη, το οποίο αποτελεί μεμονωμένο περιστατικό γεωπολιτικής έντασης στην Αν. Μεσόγειο.",,,"[""Israel"", ""Greece""]","[""flotilla activists""]","[""UN""]","[""Crete"", ""Eastern Mediterranean""]",Humanitarian,0.9
600,2026-05-09,Egypt,Egyptian Streets,Dream Pop Finds Its Soul in Classical Arabic Poetry,1,[MACRO INFO] Η είδηση αφορά την κυκλοφορία μουσικού κομματιού από Αιγύπτια καλλιτέχνιδα και δεν παρουσιάζει κανέναν άμεσο ή έμμεσο κίνδυνο δημιουργίας μεταναστευτικών ροών προς την Κύπρο ή την Ανατολική Μεσόγειο.,,,"[""Egypt"", ""Cyprus""]",[],[],"[""Eastern Mediterranean""]",Other,0.9
601,2026-05-09,Egypt,Egyptian Streets,Egypt Sends Fighter Jets to the UAE to Defend Against Iranian Attacks,1,[MACRO INFO] Η ανάπτυξη αιγυπτιακών μαχητικών αεροσκαφών στα ΗΑΕ για άμυνα κατά ιρανικών επιθέσεων σηματοδοτεί αυξημένη γεωπολιτική ένταση στην ευρύτερη περιοχή της Μέσης Ανατολής. Το γεγονός δεν έχει άμεση σχέση με τη δημιουργία μεταναστευτικών ροών προς την Κύπρο ή την Αν. Μεσόγειο.,,,"[""Egypt"", ""United Arab Emirates"", ""Iran"", ""Cyprus""]",[],[],"[""Middle East"", ""Eastern Mediterranean""]",Other,0.9
602,2026-05-09,Egypt,Egyptian Streets,Egypt to Offer Free Natural Birth for First-Time Mothers,1,"[MACRO INFO] Η Αίγυπτος ανακοίνωσε πολιτική δωρεάν φυσικών τοκετών για πρωτογέννητες μητέρες, με στόχο τη βελτίωση της υγείας και τη μείωση του κόστους για τις οικογένειες. Αυτή η είδηση δεν δημιουργεί κίνδυνο μεταναστευτικών ροών προς την Κύπρο ή την Αν. Μεσόγειο.",,,"[""Egypt"", ""Cyprus""]",[],[],"[""Eastern Mediterranean""]",Policy Change,0.9
604,2026-05-09,Cross_Regional,BBC Arabic,قتلى كوريا الشمالية في حرب روسيا: نصب تذكاري جديد يكشف المخفي,1,"[MACRO INFO] Αναφορά σε απώλειες στρατιωτών της Βόρειας Κορέας στον πόλεμο Ρωσίας-Ουκρανίας, γεγονός που δεν σχετίζεται άμεσα με μεταναστευτικές ροές προς την Κύπρο.",,,"[""North Korea"", ""Russia"", ""Ukraine"", ""Cyprus""]",[],[],[],Other,0.9
606,2026-05-09,Cross_Regional,Al Jazeera,Wembanyama powers Spurs past T-Wolves as Knicks beat Sixers in NBA playoffs,1,[MACRO INFO] Η είδηση αφορά αθλητικά αποτελέσματα και δεν σχετίζεται με τον κίνδυνο δημιουργίας μεταναστευτικών ροών προς την Κύπρο ή την Αν. Μεσόγειο.,,,"[""Cyprus""]","[""Wembanyama""]",[],"[""Eastern Mediterranean""]",Other,0.9
607,2026-05-09,Cross_Regional,Al Jazeera,Cambodians struggle with displaced lives amid tense ceasefire with Thailand,1,"[MACRO INFO] Αναφορά σε εκτοπισμένους πληθυσμούς στην Καμπότζη λόγω συνοριακής σύγκρουσης με την Ταϊλάνδη, γεγονός που δεν σχετίζεται άμεσα με μεταναστευτικές ροές προς την Κύπρο ή την Ανατολική Μεσόγειο.",,,"[""Cambodia"", ""Thailand""]",[],[],[],Border Crisis,0.95
610,2026-05-09,Cross_Regional,Al Jazeera,Celebrated naturalist David Attenborough marks 100th birthday,1,[MACRO INFO] Η είδηση για τα γενέθλια του David Attenborough είναι άσχετη με οποιονδήποτε κίνδυνο δημιουργίας μεταναστευτικών ροών προς την Κύπρο ή την Ανατολική Μεσόγειο.,,,"[""Cyprus""]","[""David Attenborough""]",[],"[""Eastern Mediterranean""]",Other,0.9
466,2026-05-07,Syria,North Press Agency,Australian ISIS-linked families return home from Syria,1,"[MACRO INFO] Οικογένειες με δεσμούς με το ISIS επαναπατρίζονται από τη Συρία στην Αυστραλία, μια κίνηση που υποδηλώνει συνεχιζόμενη αστάθεια στη Συρία αλλά δεν δημιουργεί άμεσο κίνδυνο μεταναστευτικών ροών προς την Κύπρο ή την Ανατολική Μεσόγειο.",,,"[""Australia"", ""Syria"", ""Cyprus""]",[],"[""ISIS""]","[""Eastern Mediterranean""]",Humanitarian,0.9
470,2026-05-07,Syria,Enab Baladi,13 Australians linked to Islamic State return from Syria,1,"[MACRO INFO] Η είδηση αφορά την επιστροφή 13 Αυστραλών με δεσμούς με το Ισλαμικό Κράτος από τη Συρία, γεγονός που σχετίζεται με την εν γένει κατάσταση αστάθειας στη χώρα χωρίς άμεση ένδειξη αυξημένων μεταναστευτικών ροών προς την Κύπρο ή την Ανατολική Μεσόγειο.",,,"[""Australia"", ""Syria"", ""Cyprus""]",[],"[""Islamic State""]","[""Eastern Mediterranean""]",Other,0.95
476,2026-05-07,Syria,Syria Direct,"Syrian Jews and allies seek a place in the country’s future, divided over Israel",1,"[MACRO INFO] Η είδηση περιγράφει εσωτερικές πολιτικές διαιρέσεις μεταξύ Σύρων Εβραίων σχετικά με το μέλλον τους στη Συρία και τη σχέση τους με το Ισραήλ, χωρίς άμεση σύνδεση με μεταναστευτικές ροές.",,,"[""Syria"", ""Israel""]",[],[],[],Other,0.9
479,2026-05-07,Lebanon,Daraj,أربعون يوماً لأحمد البيروتي,1,[MACRO INFO] Το κείμενο αποτελεί λογοτεχνική αναφορά στον χαμό ενός προσώπου στη Βηρυτό και δεν περιέχει πληροφορίες σχετικές με κίνδυνο μεταναστευτικών ροών ή περιφερειακή αστάθεια.,,,[],"[""Ahmed Al-Beiruti""]",[],"[""Beirut""]",Other,0.9
483,2026-05-07,Turkiye,Evrensel,Aziz Yıldırım’dan “rüya kadro” hamlesi: Eski isimler geri dönüyor,1,"[MACRO INFO] Εσωτερικές πολιτικές εξελίξεις σε τουρκικό αθλητικό σύλλογο, χωρίς άμεση σύνδεση με παράγοντες που επηρεάζουν μεταναστευτικές ροές ή γενική αστάθεια στην περιοχή.",,,"[""Turkey""]","[""Aziz Yıldırım""]",[],[],Other,0.9
484,2026-05-07,Turkiye,Evrensel,Mahmut Tuncer’in oğlunun AKP MKYK üyesi olduğu ortaya çıktı,1,"[MACRO INFO] Αφορά την αποκάλυψη ενός νέου μέλους στην Κεντρική Επιτροπή του κυβερνώντος κόμματος της Τουρκίας, γεγονός που δεν σχετίζεται άμεσα με κίνδυνο μεταναστευτικών ροών.",,,"[""Turkey""]","[""Mahmut Tuncer""]","[""AKP""]",[],Other,0.9
485,2026-05-07,Turkiye,Evrensel,Emniyette 'FETÖ' operasyonu: Ankara dahil 17 ilde 23 gözaltı,1,"[MACRO INFO] Εσωτερική αστυνομική επιχείρηση στην Τουρκία κατά φερόμενων μελών της οργάνωσης FETÖ, με 23 συλλήψεις σε 17 επαρχίες.",,,"[""Turkey""]",[],"[""FETÖ""]","[""Ankara""]",Other,0.9
487,2026-05-07,Turkiye,Turkish Minute,"Turkey, Saudi Arabia sign visa exemption deal for select passport holders",1,[MACRO INFO] Η συμφωνία Τουρκίας-Σαουδικής Αραβίας για απαλλαγή βίζας κατόχων διπλωματικών/ειδικών διαβατηρίων αποτελεί διπλωματική εξέλιξη χωρίς άμεσο κίνδυνο για μεταναστευτικές ροές προς την Κύπρο.,,,"[""Turkey"", ""Saudi Arabia"", ""Cyprus""]",[],[],[],Policy Change,0.9
488,2026-05-07,Turkiye,Turkish Minute,Trial opens in İstanbul over death of environmental journalist,1,"[MACRO INFO] Δίκη ξεκίνησε στην Κωνσταντινούπολη για τον θάνατο δημοσιογράφου, γεγονός που αποτελεί μεμονωμένο ποινικό ζήτημα και δεν συνιστά άμεσο κίνδυνο για μεταναστευτικές ροές.",,,"[""Turkey""]",[],[],"[""Istanbul""]",Other,0.9
489,2026-05-07,Egypt,Mada Masr English,UN calls for release of two flotilla activists as Israel extends their detention,1,"[MACRO INFO] Η σύλληψη ακτιβιστών από το Ισραήλ κοντά στην Κρήτη συνιστά ένα πολιτικό περιστατικό στην Αν. Μεσόγειο, χωρίς άμεση επίδραση στη δημιουργία μεταναστευτικών ροών.",,,"[""Israel""]",[],"[""UN""]","[""Crete"", ""East Mediterranean""]",Other,0.9
493,2026-05-07,Egypt,Egyptian Streets,Egypt Launches First Phase of East Nile Monorail on Wednesday,1,"[MACRO INFO] Η είδηση αφορά την έναρξη λειτουργίας ενός μονορέιλ στην Αίγυπτο, έργο υποδομής που δεν σχετίζεται με κίνδυνο δημιουργίας μεταναστευτικών ροών προς την Κύπρο ή την Αν. Μεσόγειο.",,,"[""Egypt"", ""Cyprus""]",[],[],"[""East Nile"", ""Eastern Mediterranean""]",Other,0.9
494,2026-05-07,Egypt,Egyptian Streets,Egypt to Offer Free Natural Birth for First-Time Mothers,1,"[MACRO INFO] Η Αίγυπτος εφαρμόζει μια κοινωνική πολιτική για δωρεάν φυσικούς τοκετούς σε πρωτοεμφανιζόμενες μητέρες, βελτιώνοντας την υγεία και μειώνοντας το κόστος για τις οικογένειες. Αυτή η πρωτοβουλία δεν δημιουργεί κίνδυνο μεταναστευτικών ροών προς την Κύπρο ή την Αν. Μεσόγειο.",,,"[""Egypt"", ""Cyprus""]",[],[],"[""Eastern Mediterranean""]",Policy Change,0.9
499,2026-05-07,Cross_Regional,BBC Arabic,"المؤسس المشارك لشركة ""أوبن إيه آي"" عن إيلون ماسك: ""ظننتُ أنه سيضربني""",1,[MACRO INFO] Η είδηση αφορά μια νομική διαμάχη μεταξύ της OpenAI και του Έλον Μασκ στην Καλιφόρνια και δεν σχετίζεται με τον κίνδυνο δημιουργίας μεταναστευτικών ροών προς την Κύπρο ή την Ανατολική Μεσόγειο.,,,"[""Cyprus""]","[""Elon Musk""]","[""OpenAI""]","[""California"", ""Eastern Mediterranean""]",Other,0.9
502,2026-05-07,Cross_Regional,Al Jazeera,"What’s the full match schedule, groups and format for World Cup 2026?",1,"[MACRO INFO] Η είδηση αφορά το πρόγραμμα και τη μορφή του Παγκοσμίου Κυπέλλου Ποδοσφαίρου 2026, ένα αθλητικό γεγονός που δεν έχει καμία σχέση με τη δημιουργία μεταναστευτικών ροών προς την Κύπρο ή την Αν. Μεσόγειο.",,,"[""Cyprus""]",[],[],"[""Eastern Mediterranean""]",Other,0.9
503,2026-05-07,Cross_Regional,Al Jazeera,Bolivian police fire tear gas at protesting teachers,1,"[MACRO INFO] Επεισόδια μεταξύ αστυνομίας και διαδηλωτών εκπαιδευτικών στη Βολιβία, γεγονός που δεν σχετίζεται με μεταναστευτικές ροές προς την Κύπρο ή την Αν. Μεσόγειο.",,,"[""Bolivia""]",[],[],[],Other,0.95
510,2026-05-07,Cross_Regional,Al Monitor,"Once the city of peace, Geneva sees the United Nations' presence fade",1,"[MACRO INFO] Η αποδυνάμωση της παρουσίας του ΟΗΕ στη Γενεύη, λόγω περικοπών και της αλλαγής στάσης των ΗΠΑ έναντι της πολυμερούς συνεργασίας, μπορεί να συμβάλει σε γενική διεθνή αστάθεια.",,,"[""USA""]",[],"[""United Nations""]","[""Geneva""]",Policy Change,0.9
511,2026-05-07,Cross_Regional,Al Monitor,Trump sees swift end to war as Iran reviews US peace proposal,1,"[MACRO INFO] Η είδηση αναφέρεται σε πρόταση ειρήνης ΗΠΑ-Ιράν για τερματισμό σύγκρουσης, χωρίς άμεση αναφορά σε πρόσφυγες ή μετανάστες. Η πιθανή επίτευξη ειρήνης στη Μέση Ανατολή εκτιμάται ως παράγοντας περιφερειακής σταθερότητας.",,,"[""US"", ""Iran""]","[""Trump""]",[],"[""Middle East""]",Policy Change,0.9
512,2026-05-07,Cross_Regional,Al Monitor,Rubio to meet Pope Leo as Trump keeps up attacks on pontiff,1,"[MACRO INFO] Η συνάντηση μεταξύ Αμερικανού αξιωματούχου και του Πάπα, σε συνδυασμό με αναφορές σε ""πόλεμο στο Ιράν"", υποδηλώνει γενική γεωπολιτική αστάθεια, χωρίς άμεσες ενδείξεις για μεταναστευτικές ροές.",,,"[""US"", ""Iran""]","[""Rubio"", ""Pope Leo"", ""Trump""]",[],[],Other,0.9
514,2026-05-07,Cross_Regional,Al Monitor,US reinstates deportation proceedings against pro-Palestinian student Mahdawi,1,"[MACRO INFO] Η είδηση αφορά την επανέναρξη διαδικασιών απέλασης εναντίον φοιτητή στις ΗΠΑ. Το ζήτημα είναι εσωτερικής πολιτικής και δικαστικής φύσης των ΗΠΑ, χωρίς άμεση ή έμμεση σύνδεση με μεταναστευτικές ροές προς την Κύπρο ή την Αν. Μεσόγειο.",,,"[""US""]","[""Mahdawi""]",[],[],Policy Change,0.9
523,2026-05-07,Syria,Enab Baladi,"Syria, Jordan, Lebanon Agree on Gas Exchange",1,"[MACRO INFO] Συρία, Ιορδανία και Λίβανος συμφώνησαν σε ανταλλαγή φυσικού αερίου, μια πολιτική εξέλιξη που αφορά την περιφερειακή συνεργασία στον τομέα της ενέργειας και δεν δημιουργεί άμεσο κίνδυνο μεταναστευτικών ροών.",,,"[""Syria"", ""Jordan"", ""Lebanon""]",[],[],[],Policy Change,0.9
532,2026-05-07,Lebanon,Daraj,بالطول وبالعرض… انتهاك على الهواء؟,1,"[MACRO INFO] Ένα τηλεοπτικό πρόγραμμα από τον Λίβανο προκάλεσε αντιδράσεις για παραβιάσεις δεοντολογίας στην κάλυψη θεμάτων βίας και ευθραυστότητας. Η αναφορά σε αυτά τα ζητήματα υποδηλώνει μια υποβόσκουσα κοινωνική αστάθεια στην περιοχή, χωρίς άμεση αναφορά σε μεταναστευτικές ροές.",,,"[""Lebanon""]",[],[],[],Humanitarian,0.9
535,2026-05-07,Turkiye,Evrensel,İran'dan ABD medyasına mizahi yanıt: Anlaşma iddiaları alay konusu oldu,1,"[MACRO INFO] Ο πρόεδρος του ιρανικού κοινοβουλίου χλεύασε δημοσιεύματα αμερικανικών ΜΜΕ περί επικείμενης συμφωνίας, χρησιμοποιώντας γλώσσα των μέσων κοινωνικής δικτύωσης. Η είδηση αφορά μια ήσσονος σημασίας πολιτική δήλωση στο Ιράν, χωρίς άμεση επίπτωση στη σταθερότητα που θα δημιουργούσε μεταναστευτικές ροές.",,,"[""Iran"", ""USA""]",[],[],[],Policy Change,0.9
536,2026-05-07,Turkiye,Evrensel,Çorum'da Denizler anıldı | EMEP: Eşit ve özgür dünya mücadelesi büyüyor,1,"[MACRO INFO] Αναφορά σε επέτειο μνήμης πολιτικών προσώπων και πολιτική δήλωση στην Τουρκία, χωρίς άμεση ένδειξη αστάθειας που να επηρεάζει μεταναστευτικές ροές.",,,"[""Turkey""]",[],"[""EMEP""]","[""Çorum""]",Other,0.9
537,2026-05-07,Turkiye,Evrensel,"İddialar yeniden gündemde: ""CHP'li Belediye Başkanı Burcu Köksal AKP'ye geçiyor""",1,"[MACRO INFO] Αναφορές για πιθανή μετακίνηση δημάρχου από το κόμμα CHP στο AKP στην Τουρκία, γεγονός που συνιστά εσωτερική πολιτική εξέλιξη χωρίς άμεσο κίνδυνο για μεταναστευτικές ροές.",,,"[""Turkey""]","[""Burcu Köksal""]","[""CHP"", ""AKP""]",[],Other,0.9
545,2026-05-07,Egypt,Egyptian Streets,Egypt’s Pop Divas Confront Harassment and Public Scrutiny,1,"[MACRO INFO] Το κείμενο αναφέρεται σε θέματα ποπ κουλτούρας και κοινωνικής κριτικής στην Αίγυπτο, χωρίς να σχετίζεται άμεσα ή έμμεσα με κινδύνους δημιουργίας μεταναστευτικών ροών.",,,"[""Egypt""]",[],[],[],Other,0.9
557,2026-05-07,Cross_Regional,Middle East Eye,US reinstates deportation proceedings against Palestinian green-card holder student,1,[MACRO INFO] Επαναφορά διαδικασίας απέλασης Παλαιστίνιου φοιτητή στις ΗΠΑ. Το περιστατικό δεν συνιστά άμεσο κίνδυνο δημιουργίας μεταναστευτικών ροών προς την Κύπρο ή την Αν. Μεσόγειο.,,,"[""United States"", ""Palestine"", ""Cyprus""]",[],[],"[""Eastern Mediterranean""]",Policy Change,0.9
418,2026-05-06,Syria,North Press Agency,Australia says ISIS-linked citizens in Syria plan to return home,1,"[MACRO INFO] Αυστραλοί πολίτες με διασυνδέσεις με το ISIS σχεδιάζουν να επαναπατριστούν στην Αυστραλία από τη βορειοανατολική Συρία, χωρίς να δημιουργείται κίνδυνος μεταναστευτικών ροών προς την Κύπρο ή την Αν. Μεσόγειο.",,,"[""Australia"", ""Syria"", ""Cyprus""]",[],"[""ISIS""]","[""Northeastern Syria"", ""Eastern Mediterranean""]",Policy Change,0.9
423,2026-05-06,Syria,Enab Baladi,QNB Launches International Card Acceptance in Syria,1,"[MACRO INFO] Η τράπεζα QNB ξεκινά υπηρεσίες αποδοχής διεθνών καρτών στη Συρία, μια εξέλιξη χωρίς άμεση επίδραση στη δημιουργία μεταναστευτικών ροών.",,,"[""Syria""]",[],"[""QNB""]",[],Other,0.9
432,2026-05-06,Lebanon,Daraj,هل تصلح مفارقة “المرأة الزانية” لقراءة أحوالنا؟,1,"[MACRO INFO] Το κείμενο αποτελεί μια αφηρημένη φιλοσοφική/ηθική ανάλυση της ανθρώπινης κατάστασης, χωρίς άμεση αναφορά σε γεωπολιτική αστάθεια, οικονομική κρίση ή παράγοντες που επηρεάζουν μεταναστευτικές ροές.",,,[],[],[],[],Other,0.95
435,2026-05-06,Turkiye,Evrensel,Şebnem Ferah konserine yoğun ilgi: Bilet sitesinde yüz binler sıra bekledi,1,[MACRO INFO] Η είδηση αφορά αυξημένο ενδιαφέρον για συναυλία στην Τουρκία και δεν σχετίζεται με παράγοντες που επηρεάζουν τις μεταναστευτικές ροές ή τη γεωπολιτική αστάθεια.,,,"[""Turkey""]","[""Şebnem Ferah""]",[],[],Other,0.9
436,2026-05-06,Turkiye,Evrensel,"Aziz Yıldırım, Fenerbahçe başkanlığına aday olduğunu açıkladı",1,[MACRO INFO] Η ανακοίνωση υποψηφιότητας για την προεδρία ενός αθλητικού συλλόγου στην Τουρκία δεν συνιστά παράγοντα γενικής αστάθειας και δεν έχει καμία σχέση με μεταναστευτικές ροές.,,,"[""Turkey""]","[""Aziz Yıldırım""]","[""Fenerbahçe""]",[],Other,0.9
439,2026-05-06,Turkiye,Turkish Minute,Woman who fled to US with son after fatal crash says family settled with victim’s heirs,1,[MACRO INFO] Η είδηση αφορά ένα μεμονωμένο ποινικό ζήτημα στην Τουρκία και κρίνεται άσχετη με οποιονδήποτε παράγοντα που θα μπορούσε να οδηγήσει σε μεταναστευτικές ροές προς την Κύπρο ή την Αν. Μεσόγειο.,,,"[""United States"", ""Turkey"", ""Cyprus""]",[],[],"[""Eastern Mediterranean""]",Humanitarian,0.9
440,2026-05-06,Turkiye,Turkish Minute,"Turkey, Saudi Arabia set to sign visa-free travel agreement: report",1,[MACRO INFO] Η συμφωνία Τουρκίας-Σαουδικής Αραβίας για ταξίδια χωρίς βίζα αποτελεί διπλωματική εξέλιξη χωρίς άμεσο ή έμμεσο κίνδυνο δημιουργίας μεταναστευτικών ροών προς την Κύπρο.,,,"[""Turkey"", ""Saudi Arabia"", ""Cyprus""]",[],[],[],Policy Change,0.9
443,2026-05-06,Egypt,Mada Masr English,Unfulfilled imaginaries: Solidarity across time,1,[MACRO INFO] Το κείμενο πραγματεύεται μια φιλοσοφική συζήτηση περί αλληλεγγύης και δεν περιέχει καμία πληροφορία σχετική με κινδύνους δημιουργίας μεταναστευτικών ροών.,,,[],[],[],[],Other,0.9
449,2026-05-06,Cross_Regional,BBC Arabic,"الولايات المتحدة تُعلق ""مشروع الحرية"" لتأمين السفن في مضيق هرمز بسبب ""التقدم الكبير"" نحو التوصل إلى اتفاق مع إيران",1,"[MACRO INFO] Οι ΗΠΑ αναστέλλουν στρατιωτική επιχείρηση στον Περσικό Κόλπο λόγω διπλωματικής προόδου με το Ιράν, διατηρώντας όμως τις κυρώσεις. Η εξέλιξη αφορά τη γενική γεωπολιτική σταθερότητα της ευρύτερης περιοχής.",,,"[""United States"", ""Iran""]",[],[],"[""Strait of Hormuz"", ""Persian Gulf""]",Policy Change,0.9
453,2026-05-06,Cross_Regional,Al Jazeera,Colombia tourist jewel plagued by violence,1,"[MACRO INFO] Βία από ένοπλες ομάδες και εδαφικές συγκρούσεις στην Κολομβία απειλούν αυτόχθονες κοινότητες και τον τουρισμό. Η είδηση αφορά γενική αστάθεια σε γεωγραφικά απομακρυσμένη περιοχή, χωρίς άμεση σύνδεση με τον κίνδυνο μεταναστευτικών ροών προς την Κύπρο ή την Αν. Μεσόγειο.",,,"[""Colombia"", ""Cyprus""]",[],[],"[""Eastern Mediterranean""]",Humanitarian,0.9
455,2026-05-06,Cross_Regional,Al Jazeera,Shopping centre fire kills at least eight people in Iran,1,[MACRO INFO] Πυρκαγιά σε εμπορικό κέντρο στο Ιράν με τουλάχιστον οκτώ νεκρούς. Το περιστατικό αποτελεί μεμονωμένο γεγονός που συνεισφέρει σε ένα γενικό πλαίσιο αστάθειας.,,,"[""Iran""]",[],[],[],Humanitarian,0.9
456,2026-05-06,Cross_Regional,Middle East Eye,"By downplaying Islamophobic attacks over antisemitism, the BBC is reinforcing racism",1,"[MACRO INFO] Το άρθρο εξετάζει την προκατάληψη των βρετανικών μέσων ενημέρωσης στην κάλυψη ισλαμοφοβικών επιθέσεων έναντι του αντισημιτισμού, χωρίς καμία σύνδεση με μεταναστευτικές ροές προς την Κύπρο ή την Ανατολική Μεσόγειο.",,,"[""United Kingdom"", ""Cyprus""]",[],"[""BBC""]","[""Eastern Mediterranean""]",Other,0.9
366,2026-05-05,Syria,North Press Agency,"Family says kidnapped U.S. journalist Austin Tice may be alive, possibly in Iran",1,"[MACRO INFO] Η είδηση αφορά την πιθανή τύχη ενός Αμερικανού δημοσιογράφου που απήχθη στη Συρία το 2012, υποδεικνύοντας τη συνεχιζόμενη αστάθεια στην περιοχή, χωρίς άμεση επίδραση σε μεταναστευτικές ροές.",,,"[""U.S."", ""Iran"", ""Syria""]","[""Austin Tice""]",[],[],Humanitarian,0.9
369,2026-05-05,Syria,Enab Baladi,Sweden Detains Syrian-Flagged Ship Commanded by Chinese Captain,1,[MACRO INFO] Η σύλληψη ενός πλοίου με σημαία Συρίας στη Βαλτική Θάλασσα από τις σουηδικές αρχές αποτελεί ένα απομακρυσμένο περιστατικό που εντάσσεται στο γενικό πλαίσιο της αστάθειας που χαρακτηρίζει τη Συρία.,,,"[""Sweden"", ""Syria"", ""China""]",[],[],"[""Baltic Sea""]",Border Crisis,0.9
374,2026-05-05,Syria,Syria Direct,"Syrian Jews and allies seek a place in the country’s future, divided over Israel",1,"[MACRO INFO] Η είδηση αναφέρεται σε πολιτική διχογνωμία μεταξύ Σύρων Εβραίων της διασποράς σχετικά με τον ρόλο του Ισραήλ, αντανακλώντας μια εσωτερική πολιτική δυναμική που αφορά τη Συρία, χωρίς να υποδεικνύει άμεσες ή γενικευμένες μεταναστευτικές πιέσεις.",,,"[""Syria"", ""Israel""]",[],[],[],Policy Change,0.9
378,2026-05-05,Lebanon,Daraj,هل تصلح مفارقة “المرأة الزانية” لقراءة أحوالنا؟,1,"[MACRO INFO] Το κείμενο αποτελεί φιλοσοφική ανάλυση της ανθρώπινης κατάστασης και ηθικής, χωρίς άμεση αναφορά σε συγκεκριμένα γεγονότα ή καταστάσεις που να συνδέονται με κίνδυνο μεταναστευτικών ροών. Η πιθανή σύνδεση με οποιαδήποτε μορφή γενικής αστάθειας είναι θεωρητική και εξαιρετικά έμμεση.",,,[],[],[],[],Other,0.9
379,2026-05-05,Lebanon,Daraj,مات الحاج أبو علي فقيه بعدما فهم ما حلّ به,1,"[MACRO INFO] Το κείμενο περιγράφει την προσωπική συνειδητοποίηση της καταστροφής ενός κόσμου, κάτι που μπορεί να υποδηλώνει γενική αστάθεια και εκτεταμένη ζημιά σε μια περιοχή, χωρίς άμεση αναφορά σε μεταναστευτικές ροές.",,,[],"[""Abu Ali Faqih""]",[],[],Humanitarian,0.9
382,2026-05-05,Turkiye,Evrensel,"Şırnak'ta ağır hasarlı yapılar ve heyelan yaşamı riske atıyor: Derin çatlaklar, dökülen betonlar",1,"[MACRO INFO] Η είδηση αφορά ζημιές σε κτίρια και κίνδυνο κατολισθήσεων σε μία γειτονιά της Σιρνάκ, Τουρκία, θέτοντας σε κίνδυνο ζωές. Δεν παρέχει άμεσες ενδείξεις δημιουργίας μεταναστευτικών ροών προς την Κύπρο ή την Αν. Μεσόγειο.",,,"[""Turkey"", ""Cyprus""]",[],[],"[""Şırnak"", ""Eastern Mediterranean""]",Humanitarian,0.9
383,2026-05-05,Turkiye,Evrensel,"Tayland'dan 12,2 milyar dolarlık acil borçlanmaya onay",1,"[MACRO INFO] Η Ταϊλάνδη εγκρίνει έκτακτο δανεισμό για να μετριάσει τις οικονομικές επιπτώσεις ενός πιθανού πολέμου ΗΠΑ-Ισραήλ με το Ιράν, υποδηλώνοντας μακροοικονομική αστάθεια.",,,"[""Thailand"", ""USA"", ""Israel"", ""Iran""]",[],[],[],Economic Migration,0.9
384,2026-05-05,Turkiye,Evrensel,"Uzaklaştırma kararları yetmedi: 30 ihlal, 6 kelepçe kırma",1,[MACRO INFO] Η είδηση αφορά περιστατικό ενδοοικογενειακής βίας στην Τουρκία και δεν αξιολογείται ως παράγοντας κινδύνου για τη δημιουργία μεταναστευτικών ροών προς την Κύπρο ή την Αν. Μεσόγειο.,,,"[""Turkey"", ""Cyprus""]",[],[],"[""Eastern Mediterranean""]",Humanitarian,0.9
385,2026-05-05,Turkiye,Evrensel,Erivan'da ABD ve Rusya'ya verilen mesajlar,1,"[MACRO INFO] Η είδηση αφορά γεωπολιτικές εξελίξεις στην Αρμενία και τις στρατηγικές σχέσεις ΗΠΑ-Ρωσίας-ΕΕ, χωρίς άμεση αναφορά σε παράγοντες που επηρεάζουν τον κίνδυνο δημιουργίας μεταναστευτικών ροών προς την Κύπρο ή την Ανατολική Μεσόγειο.",,,"[""United States"", ""Russia"", ""Armenia"", ""Cyprus""]",[],"[""European Union""]","[""Yerevan"", ""Eastern Mediterranean""]",Policy Change,0.9
387,2026-05-05,Turkiye,Turkish Minute,Turkish vice president makes highest-level visit to Armenia since 2008 amid normalization talks,1,"[MACRO INFO] Υψηλόβαθμη επίσκεψη Τούρκου αντιπροέδρου στην Αρμενία για συνομιλίες ομαλοποίησης σηματοδοτεί μια πολιτική εξέλιξη στην ευρύτερη περιοχή, χωρίς άμεση ή έμμεση σχέση με τη δημιουργία μεταναστευτικών ροών.",,,"[""Turkey"", ""Armenia""]","[""Turkish vice president""]",[],[],Policy Change,0.9
394,2026-05-05,Egypt,Mada Masr English,Unfulfilled imaginaries: Solidarity across time,1,[MACRO INFO] Η είδηση πραγματεύεται ένα φιλοσοφικό/πολιτιστικό θέμα περί αλληλεγγύης και δεν σχετίζεται με παράγοντες που επηρεάζουν μεταναστευτικές ροές προς την Κύπρο ή την Αν. Μεσόγειο.,,,"[""Cyprus""]",[],[],"[""Eastern Mediterranean""]",Other,0.9
400,2026-05-05,Egypt,Egyptian Streets,Egypt Moves to Take Over “Happy Land School” After Viral Video Alleges Sexual Assault of a Child,1,"[MACRO INFO] Η είδηση αφορά ένα μεμονωμένο εγκληματικό περιστατικό και την άμεση αντίδραση των αρχών στην Αίγυπτο, χωρίς να υποδεικνύει γενικευμένη αστάθεια ή παράγοντες που θα μπορούσαν να πυροδοτήσουν μεταναστευτικές ροές προς την Κύπρο ή την Αν. Μεσόγειο.",,,"[""Egypt"", ""Cyprus""]",[],[],"[""Happy Land School"", ""Eastern Mediterranean""]",Other,0.9
404,2026-05-05,Cross_Regional,BBC Arabic,ما هو فيروس هانتا الذي ظهر على متن سفينة سياحية في الأطلسي؟,1,[MACRO INFO] Η είδηση αφορά ένα σπάνιο ιό σε κρουαζιερόπλοιο στον Ατλαντικό και δεν έχει καμία σχέση με τη δημιουργία μεταναστευτικών ροών προς την Κύπρο ή την Αν. Μεσόγειο.,,,"[""Cyprus""]",[],[],"[""Atlantic"", ""Eastern Mediterranean""]",Refugee Flow,0.9
405,2026-05-05,Cross_Regional,BBC Arabic,الطبع أم التنشئة: إلى أي مدى تتحدد شخصياتنا منذ الولادة؟,1,"[MACRO INFO] Η είδηση αφορά γενετικές μελέτες και την επίδραση της φύσης έναντι της ανατροφής στην προσωπικότητα, και δεν σχετίζεται με τον κίνδυνο δημιουργίας μεταναστευτικών ροών.",,,[],[],[],[],Other,0.95
408,2026-05-05,Cross_Regional,Al Jazeera,Taiwan has ‘right to engage with the world’ after Eswatini visit,1,"[MACRO INFO] Η είδηση αφορά διπλωματικές σχέσεις μεταξύ Ταϊβάν και Εσουατίνι, γεωγραφικά απομακρυσμένες και άσχετες με τον κίνδυνο δημιουργίας μεταναστευτικών ροών προς την Κύπρο ή την Αν. Μεσόγειο.",,,"[""Taiwan"", ""Eswatini"", ""Cyprus""]",[],[],"[""Eastern Mediterranean""]",Other,0.9
410,2026-05-05,Cross_Regional,Middle East Eye,Israel to extend detention of Gaza flotilla activists,1,"[MACRO INFO] Η είδηση αφορά την παράταση κράτησης ακτιβιστών του στολίσκου της Γάζας, ένα πολιτικό ζήτημα χωρίς άμεση σύνδεση με μεταναστευτικές ροές ή πληθυσμιακές μετακινήσεις.",,,"[""Israel""]",[],[],"[""Gaza""]",Other,0.9
412,2026-05-05,Cross_Regional,Al Monitor,Israel court extends Gaza flotilla activists' detention until Sunday,1,"[MACRO INFO] Ισραηλινό δικαστήριο παρατείνει την κράτηση δύο ξένων ακτιβιστών από στολίσκο προς τη Γάζα, ένα περιστατικό περιορισμένης πολιτικής σημασίας που δεν επηρεάζει άμεσα τις μεταναστευτικές ροές.",,,"[""Israel""]",[],[],"[""Gaza""]",Other,0.9
259,2026-05-04,Syria,North Press Agency,300 unregistered families in Kobani apply for Syrian citizenship,1,"[MACRO INFO] Τριακόσιες αδήλωτες οικογένειες στην Κομπάνι της Συρίας αιτούνται συριακή υπηκοότητα, μια ενέργεια που συνιστά εσωτερική σταθεροποίηση του πληθυσμού και μειώνει τον κίνδυνο μεταναστευτικών ροών για αυτές τις οικογένειες.",,,"[""Syria""]",[],[],"[""Kobani""]",Policy Change,0.9
266,2026-05-04,Syria,Enab Baladi,First Iraqi Oil Shipment Enters Syria via al-Yarubiyah Crossing,1,"[MACRO INFO] Άνοιγμα συνοριακής διάβασης Rabia-al-Yarubiyah και πρώτη αποστολή αργού πετρελαίου από το Ιράκ στη Συρία, γεγονός που σηματοδοτεί οικονομική δραστηριότητα στην περιοχή.",,,"[""Iraq"", ""Syria""]",[],[],"[""al-Yarubiyah Crossing"", ""Rabia""]",Policy Change,0.9
274,2026-05-04,Lebanon,Daraj,فضيلة حسن سلام: أمّي المثالية… بعد أكثر من ثلاثة عقود على مقتلها,1,[MACRO INFO] Το κείμενο αφορά μια προσωπική ιστορία δολοφονίας δεκαετιών και δεν περιέχει καμία πληροφορία σχετική με τον κίνδυνο δημιουργίας μεταναστευτικών ροών ή γεωπολιτική αστάθεια.,,,[],"[""فضيلة حسن سلام""]",[],[],Other,0.9
277,2026-05-04,Turkiye,Evrensel,Mayıs 2026 kira artış oranı belli oluyor,1,[MACRO INFO] Ανακοίνωση του TÜİK για τον τρόπο υπολογισμού της ανώτατης αύξησης ενοικίων για τον Μάιο του 2026 βάσει πληθωρισμού.,,,"[""Turkey""]",[],"[""TÜİK""]",[],Economic Migration,0.9
278,2026-05-04,Turkiye,Evrensel,"Bursa’da emeğinin karşılığını istedi, darbedilip bıçaklandı",1,"[MACRO INFO] Τοπικό έγκλημα στην Προύσα της Τουρκίας, το οποίο δεν σχετίζεται με μεταναστευτικές ροές ούτε σηματοδοτεί γενική αστάθεια που θα μπορούσε να τις προκαλέσει.",,,"[""Turkey""]",[],[],"[""Bursa""]",Other,0.9
279,2026-05-04,Turkiye,Evrensel,Antalya'da kapasite artışına itiraz: “Gidengelmez Dağı’nda doğa talanı var”,1,"[MACRO INFO] Διαμαρτυρία βουλευτή στην Αττάλεια για περιβαλλοντική καταστροφή λόγω αύξησης εξορυκτικής ικανότητας, χωρίς άμεση σχέση με μεταναστευτικές ροές.",,,"[""Turkey""]",[],[],"[""Antalya"", ""Gidengelmez Dağı""]",Other,0.9
280,2026-05-04,Turkiye,Turkish Minute,Saudi energy company to build 2 large solar plants in Turkey under bill sent to parliament,1,"[MACRO INFO] Η είδηση αφορά την κατασκευή ηλιακών μονάδων στην Τουρκία, μια οικονομική πολιτική που δεν σχετίζεται άμεσα με τον κίνδυνο δημιουργίας μεταναστευτικών ροών.",,,"[""Saudi Arabia"", ""Turkey""]",[],[],[],Policy Change,0.9
282,2026-05-04,Turkiye,Turkish Minute,Sumud flotilla participants arrive in İstanbul after Israeli detention,1,"[MACRO INFO] Η αναχαίτιση της νηοπομπής Sumud στην Ανατολική Μεσόγειο και η επιστροφή των συμμετεχόντων στην Τουρκία αποτελεί ένα πολιτικό επεισόδιο. Δεν δημιουργεί άμεσο κίνδυνο μεταναστευτικών ροών προς την Κύπρο, αλλά υπογραμμίζει τις περιφερειακές εντάσεις.",,,"[""Turkey"", ""Israel"", ""Cyprus""]",[],[],"[""İstanbul"", ""Eastern Mediterranean""]",Humanitarian,0.9
285,2026-05-04,Egypt,Mada Masr English,Unfulfilled imaginaries: Solidarity across time,1,[MACRO INFO] Το άρθρο αποτελεί μια πολιτιστική/φιλοσοφική ανάλυση της αλληλεγγύης και δεν σχετίζεται με παράγοντες που προκαλούν μεταναστευτικές ροές ή γεωπολιτική αστάθεια.,,,[],[],[],[],Other,0.9
288,2026-05-04,Egypt,Mada Masr English,"Not a lack of cases, but a lack of will: Just 2 verdicts in over a decade of discrimination lawsuits",1,"[MACRO INFO] Η είδηση αφορά την σπανιότητα δικαστικών αποφάσεων κατά των διακρίσεων στην Αίγυπτο, υποδεικνύοντας αδυναμίες στο νομικό σύστημα.",,,"[""Egypt""]",[],[],[],Policy Change,0.9
289,2026-05-04,Egypt,Egyptian Streets,Gulf-Africa Defence Cooperation: a Shared Lever?,1,"[MACRO INFO] Η είδηση εξετάζει την εμβάθυνση της αμυντικής συνεργασίας μεταξύ αφρικανικών κρατών και χωρών του Κόλπου, καθώς και τον αυξανόμενο ρόλο τους στην ασφάλεια της Αφρικής.",,,"[""African countries"", ""Gulf countries""]",[],[],"[""Africa"", ""Gulf region""]",Other,0.9
290,2026-05-04,Egypt,Egyptian Streets,Egypt Bans Circulation of Content by Deceased Doctor Diaa El-Awady,1,"[MACRO INFO] Η είδηση αφορά μια συγκεκριμένη απόφαση της Αιγύπτου για απαγόρευση κυκλοφορίας περιεχομένου από αποθανόντα γιατρό, επικαλούμενη ανησυχίες για τη δημόσια υγεία, χωρίς άμεση σύνδεση με παράγοντες που προκαλούν μεταναστευτικές ροές.",,,"[""Egypt""]","[""Diaa El-Awady""]",[],[],Policy Change,0.9
293,2026-05-04,Cross_Regional,BBC Arabic,جزر فوكلاند: نزاع قديم بين بريطانيا والأرجنتين وتلميحات بتغير موقف واشنطن,1,"[MACRO INFO] Παλιά διαμάχη για τις Νήσους Φώκλαντ μεταξύ Ηνωμένου Βασιλείου και Αργεντινής, με πιθανή αλλαγή θέσης των ΗΠΑ.",,,"[""United Kingdom"", ""Argentina"", ""USA""]",[],[],"[""Falkland Islands""]",Policy Change,0.9
294,2026-05-04,Cross_Regional,BBC Arabic,"شبكة سرية تُهرّب ""ستارلينك"" إلى إيران لمواجهة قطع الإنترنت",1,"[MACRO INFO] Μυστικό δίκτυο μεταφέρει Starlink στο Ιράν για την αντιμετώπιση της διακοπής του διαδικτύου, υποδηλώνοντας υποβόσκουσα πολιτική ένταση με εξαιρετικά έμμεσο κίνδυνο για μεταναστευτικές ροές.",,,"[""Iran""]",[],[],[],Other,0.9
296,2026-05-04,Cross_Regional,Al Jazeera,North Korean women’s club to play rare football match in the South,1,[MACRO INFO] Η είδηση αφορά αθλητικό γεγονός μεταξύ ομάδων της Βόρειας και Νότιας Κορέας και δεν έχει καμία σχέση με τον κίνδυνο μεταναστευτικών ροών προς την Κύπρο ή την Ανατολική Μεσόγειο.,,,"[""North Korea"", ""South Korea"", ""Cyprus""]",[],[],"[""Eastern Mediterranean""]",Other,0.9
297,2026-05-04,Cross_Regional,Al Jazeera,All-round hero Hardie helps Babar Azam’s Peshawar Zalmi win PSL 2026,1,[MACRO INFO] Αυτή η αθλητική είδηση δεν σχετίζεται με τον κίνδυνο δημιουργίας μεταναστευτικών ροών προς την Κύπρο ή την Αν. Μεσόγειο.,,,"[""Pakistan"", ""Cyprus""]","[""Hardie"", ""Babar Azam""]","[""Peshawar Zalmi"", ""Pakistan Super League""]","[""Peshawar"", ""Eastern Mediterranean""]",Other,0.9
298,2026-05-04,Cross_Regional,Al Jazeera,How to escape Russia’s army: Soldiers serving in Ukraine seek a way out,1,"[MACRO INFO] Η κρίση λιποταξίας στον ρωσικό στρατό στην Ουκρανία αποτελεί δείκτη γενικής αστάθειας, αλλά δεν συνδέεται άμεσα με τη δημιουργία μεταναστευτικών ροών προς την Κύπρο ή την Αν. Μεσόγειο.",,,"[""Russia"", ""Ukraine"", ""Cyprus""]",[],[],"[""Eastern Mediterranean""]",Refugee Flow,0.9
299,2026-05-04,Cross_Regional,Al Jazeera,Fireworks in Milan as Inter clinch Serie A title with a 2-0 win over Parma,1,[MACRO INFO] Η είδηση αφορά αθλητικό γεγονός στην Ιταλία και δεν έχει καμία σχέση με παράγοντες που επηρεάζουν τις μεταναστευτικές ροές προς την Κύπρο ή την Ανατολική Μεσόγειο.,,,"[""Italy""]",[],"[""Inter"", ""Parma"", ""Serie A""]","[""Milan"", ""Parma""]",Other,0.9
305,2026-05-04,Cross_Regional,Al Monitor,Australia begins hearings into Bondi Beach attack and rising antisemitism,1,"[MACRO INFO] Η Αυστραλία διερευνά μαζικούς πυροβολισμούς και αύξηση αντισημιτισμού, γεγονότα που αφορούν την εσωτερική ασφάλεια και κοινωνική αστάθεια της χώρας.",,,"[""Australia""]",[],[],"[""Bondi Beach""]",Humanitarian,0.9
330,2026-05-04,Turkiye,Evrensel,Afyonkarahisar karla kaplandı: 11 ilçede eğitime ara verildi,1,"[MACRO INFO] Οι χιονοπτώσεις στην Afyonkarahisar προκάλεσαν προσωρινή αναστολή της εκπαίδευσης σε τοπικό επίπεδο, χωρίς να συνδέονται με κίνδυνο δημιουργίας μεταναστευτικών ροών προς την Κύπρο ή την Αν. Μεσόγειο.",,,"[""Turkey"", ""Cyprus""]",[],[],"[""Afyonkarahisar"", ""Eastern Mediterranean""]",Humanitarian,0.9
344,2026-05-04,Egypt,Egyptian Streets,"Egypt Unveils New Natural Gas Discovery in the Nile Delta, Targeting Early Production",1,[MACRO INFO] Η ανακάλυψη φυσικού αερίου στην Αίγυπτο αποτελεί θετική οικονομική εξέλιξη για τη χώρα και δεν δημιουργεί κίνδυνο μεταναστευτικών ροών προς την Κύπρο ή την Αν. Μεσόγειο.,,,"[""Egypt"", ""Cyprus""]",[],[],"[""Nile Delta"", ""Eastern Mediterranean""]",Economic Migration,0.9
349,2026-05-04,Cross_Regional,Al Jazeera,Former NYC Mayor Giuliani hospitalised in ‘critical condition’,1,[MACRO INFO] Η νοσηλεία του πρώην Δημάρχου της Νέας Υόρκης δεν συνδέεται με τη δημιουργία μεταναστευτικών ροών προς την Κύπρο ή την Ανατολική Μεσόγειο.,,,"[""Cyprus""]","[""Giuliani""]",[],"[""New York City"", ""Eastern Mediterranean""]",Other,0.9
359,2026-05-04,Cross_Regional,Al Monitor,US evacuates 22 crew members on seized Iranian ship to Pakistan,1,"[MACRO INFO] Οι ΗΠΑ απομάκρυναν 22 μέλη πληρώματος από ιρανικό πλοίο που κατασχέθηκε, παραδίδοντάς τα στο Πακιστάν. Το περιστατικό αποτελεί ένα διπλωματικό/γεωπολιτικό ζήτημα χωρίς άμεσο κίνδυνο δημιουργίας μεταναστευτικών ροών.",,,"[""United States"", ""Iran"", ""Pakistan""]",[],[],"[""Pakistan""]",Humanitarian,0.9
223,2026-05-03,Lebanon,Daraj,فضيلة حسن سلام: أمّي المثالية… بعد أكثر من ثلاثة عقود على مقتلها,1,"[MACRO INFO] Αυτό το κείμενο περιγράφει μια προσωπική ιστορία ενός εγκλήματος τιμής που συνέβη πριν από δεκαετίες, χωρίς καμία άμεση ή έμμεση σύνδεση με παράγοντες που δημιουργούν μεταναστευτικές ροές.",,,[],"[""Fadila Hassan Salam""]",[],[],Other,0.9
227,2026-05-03,Turkiye,Evrensel,"Heyelana neden olan tesisin inşaatı, bilirkişi raporuna rağmen durdurulmamış",1,"[MACRO INFO] Κατολίσθηση σημειώθηκε σε αυτοκινητόδρομο στην επαρχία Χακάρι της Τουρκίας, λόγω κατασκευής εγκατάστασης αποβλήτων. Το περιστατικό αποτελεί ένα τοπικό περιβαλλοντικό ζήτημα χωρίς άμεση σύνδεση με μεταναστευτικές ροές.",,,"[""Turkey""]",[],[],"[""Hakkari province""]",Other,0.9
228,2026-05-03,Turkiye,Evrensel,AYM'den cezaevinde şiddete ihlal kararı: Etkin soruşturma yürütülmedi,1,[MACRO INFO] Το Συνταγματικό Δικαστήριο της Τουρκίας εξέδωσε απόφαση παράβασης σχετικά με βία σε φυλακή και μη αποτελεσματική έρευνα.,,,"[""Turkey""]",[],"[""Constitutional Court of Turkey""]",[],Humanitarian,0.9
229,2026-05-03,Turkiye,Evrensel,Başakşehir’de 4 yavru kedi parçalanarak öldürüldü iddiası,1,"[MACRO INFO] Τοπικό περιστατικό κακοποίησης ζώων στην περιοχή Başakşehir της Τουρκίας, χωρίς καμία άμεση ή έμμεση σχέση με γεωπολιτικές εξελίξεις ή κίνδυνο δημιουργίας μεταναστευτικών ροών προς την Κύπρο ή την Αν. Μεσόγειο.",,,"[""Turkey"", ""Cyprus""]",[],[],"[""Başakşehir"", ""Eastern Mediterranean""]",Other,0.9
230,2026-05-03,Turkiye,Turkish Minute,Saudi energy company to build 2 large solar plants in Turkey under bill sent to parliament,1,"[MACRO INFO] Η Τουρκία προχωρά στην κατασκευή δύο μεγάλων ηλιακών εργοστασίων στην κεντρική Τουρκία με επένδυση από τη Σαουδική Αραβία, ενισχύοντας την ενεργειακή υποδομή της χώρας. Η εξέλιξη αυτή δεν δημιουργεί άμεσο κίνδυνο μεταναστευτικών ροών.",,,"[""Saudi Arabia"", ""Turkey""]",[],[],"[""central Turkey""]",Policy Change,0.9
231,2026-05-03,Turkiye,Turkish Minute,Main opposition leader accuses Erdoğan of hypocrisy over Turkey’s role in US-backed Gaza board,1,"[MACRO INFO] Ο αρχηγός της αξιωματικής αντιπολίτευσης στην Τουρκία κατηγορεί τον Πρόεδρο Ερντογάν για υποκρισία σχετικά με τον ρόλο της χώρας σε συμβούλιο για τη Γάζα, γεγονός που συνιστά εσωτερική πολιτική αντιπαράθεση χωρίς άμεσο κίνδυνο μεταναστευτικών ροών.",,,"[""Turkey"", ""US""]","[""Erdoğan""]",[],"[""Gaza""]",Other,0.9
232,2026-05-03,Turkiye,Turkish Minute,Turkey releases more than 500 May Day protesters detained in İstanbul,1,"[MACRO INFO] Το κείμενο αναφέρεται στην απελευθέρωση διαδηλωτών στην Κωνσταντινούπολη, ένα εσωτερικό ζήτημα ασφάλειας της Τουρκίας που δεν αναμένεται να επηρεάσει άμεσα τις μεταναστευτικές ροές.",,,"[""Turkey""]",[],[],"[""İstanbul""]",Other,0.9
235,2026-05-03,Egypt,Mada Masr English,"Not a lack of cases, but a lack of will: Just 2 verdicts in over a decade of discrimination lawsuits",1,"[MACRO INFO] Η είδηση αναφέρεται στην σπανιότητα δικαστικών αποφάσεων για υποθέσεις διακρίσεων στην Αίγυπτο, υποδηλώνοντας έλλειψη βούλησης στο νομικό σύστημα.",,,"[""Egypt""]",[],[],[],Policy Change,0.9
237,2026-05-03,Egypt,Mada Masr English,"In landmark ruling, hotel manager sentenced for discrimination against women after refusing single-room booking",1,"[MACRO INFO] Δικαστική απόφαση στην Αίγυπτο κατά των διακρίσεων λόγω φύλου σε ξενοδοχεία, η οποία δεν συνδέεται με παράγοντες αστάθειας που προκαλούν μεταναστευτικές ροές.",,,"[""Egypt""]",[],[],[],Policy Change,0.9
238,2026-05-03,Egypt,Egyptian Streets,Egypt Approved for First-Time Aquaculture Exports to European Union,1,[MACRO INFO] Η έγκριση της Αιγύπτου για εξαγωγές υδατοκαλλιεργητικών προϊόντων στην ΕΕ ενισχύει την οικονομία της χώρας. Δεν αναμένεται να δημιουργήσει άμεσο κίνδυνο μεταναστευτικών ροών προς την Κύπρο ή την Αν. Μεσόγειο.,,,"[""Egypt"", ""Cyprus""]",[],"[""European Union""]","[""Eastern Mediterranean""]",Economic Migration,0.9
239,2026-05-03,Egypt,Egyptian Streets,Egypt Launches National Initiative Competition to Combat Digital Violence Against Women,1,"[MACRO INFO] Η είδηση περιγράφει μια εθνική πρωτοβουλία στην Αίγυπτο για την καταπολέμηση της ψηφιακής βίας, η οποία δεν παρουσιάζει άμεσο κίνδυνο δημιουργίας μεταναστευτικών ροών.",,,"[""Egypt""]",[],[],[],Policy Change,0.9
240,2026-05-03,Egypt,Egyptian Streets,Cairo Governor Halts New Café and Restaurant Licences in Residential-Central Districts,1,[MACRO INFO] Η απόφαση του Κυβερνήτη του Καΐρου να αναστείλει την έκδοση νέων αδειών για καφέ και εστιατόρια σε συγκεκριμένες συνοικίες αποτελεί μια τοπική ρυθμιστική πολιτική χωρίς άμεση ή έμμεση επίπτωση στους μεταναστευτικούς κινδύνους προς την Κύπρο ή την Ανατολική Μεσόγειο.,,,"[""Cyprus""]",[],[],"[""Cairo"", ""Eastern Mediterranean""]",Policy Change,0.9
243,2026-05-03,Cross_Regional,BBC Arabic,لماذا تنتشر القواعد العسكرية الأمريكية في أوروبا، وما هو دورها هناك؟,1,"[MACRO INFO] Το κείμενο αναλύει τον ρόλο και την κατανομή των αμερικανικών στρατιωτικών βάσεων στην Ευρώπη, ένα θέμα που άπτεται της ευρύτερης γεωπολιτικής σταθερότητας χωρίς άμεση σύνδεση με μεταναστευτικές ροές προς την Κύπρο.",,,"[""United States"", ""Cyprus""]",[],[],"[""Europe""]",Other,0.9
246,2026-05-03,Cross_Regional,Al Jazeera,China blocks US sanctions against five ‘teapot’ refineries,1,[MACRO INFO] Η Κίνα μπλοκάρει τις αμερικανικές κυρώσεις εναντίον διυλιστηρίων που κατηγορούνται για εισαγωγή ιρανικού πετρελαίου. Το Υπουργείο Εμπορίου της Κίνας θεωρεί τις κυρώσεις παράνομες.,,,"[""China"", ""United States"", ""Iran""]",[],"[""Ministry of Commerce of China""]",[],Policy Change,0.9
247,2026-05-03,Cross_Regional,Al Jazeera,Taiwan leader visits Eswatini despite China’s attempts to block trip,1,"[MACRO INFO] Ο ηγέτης της Ταϊβάν επισκέφθηκε το Εσουατίν για εμπορικές συμφωνίες, παρά τις αντιδράσεις της Κίνας. Πρόκειται για πολιτική εξέλιξη σε άλλη ήπειρο, χωρίς επιπτώσεις στις μεταναστευτικές ροές προς την Κύπρο ή την Ανατολική Μεσόγειο.",,,"[""Taiwan"", ""Eswatini"", ""China"", ""Cyprus""]",[],[],"[""East Mediterranean""]",Policy Change,0.9
252,2026-05-03,Cross_Regional,Al Monitor,Israel approves plan to buy F-35 and F-15I aircraft from US,1,"[MACRO INFO] Η έγκριση της αγοράς μαχητικών αεροσκαφών από το Ισραήλ είναι μια στρατηγική αμυντική απόφαση, που αντικατοπτρίζει την υφιστάμενη γεωπολιτική κατάσταση στην ευρύτερη περιοχή χωρίς άμεση σύνδεση με μεταναστευτικές ροές.",,,"[""Israel"", ""US""]",[],[],[],Other,0.9
16,2026-05-02,Lebanon,Daraj,فضيلة حسن سلام: أمّي المثالية… بعد أكثر من ثلاثة عقود على مقتلها,1,"[MACRO INFO] Το κείμενο αναφέρεται σε μια ιστορική δολοφονία τιμής, η οποία, αν και παρελθούσα, αφορά ένα σοβαρό ζήτημα κοινωνικής βίας που αποτελεί έναν πιθανό παράγοντα αστάθειας.",,,[],"[""Fadhila Hassan Salam""]",[],[],Humanitarian,0.8
20,2026-05-02,Turkiye,Evrensel,"""Salınmazsa bu savaş ilanıdır"" demişti: Aykut Erdoğdu'nun eşi avukat Tuba Torun hakkında inceleme",1,"[MACRO INFO] Έρευνα κατά δικηγόρου στην Τουρκία για πολιτικά φορτισμένες δηλώσεις, υποδεικνύοντας εσωτερικές πολιτικές εντάσεις χωρίς άμεση επίπτωση στις μεταναστευτικές ροές.",,,"[""Turkey""]","[""Aykut Erdoğdu"", ""Tuba Torun""]",[],[],Other,0.9
21,2026-05-02,Turkiye,Evrensel,Iğdır FK-Amedspor: 1-0,1,[MACRO INFO] Η είδηση αφορά έναν ποδοσφαιρικό αγώνα στην Τουρκία και δεν παρουσιάζει κανέναν κίνδυνο για τη δημιουργία μεταναστευτικών ροών προς την Κύπρο ή την Αν. Μεσόγειο.,,,"[""Turkey"", ""Cyprus""]",[],[],"[""Iğdır"", ""Diyarbakır"", ""Eastern Mediterranean""]",Other,0.9
22,2026-05-02,Turkiye,Turkish Minute,Saudi energy company to build 2 large solar plants in Turkey under bill sent to parliament,1,"[MACRO INFO] Η Τουρκία προχωρά σε σημαντική επένδυση στην ηλιακή ενέργεια, μια πολιτική απόφαση με μακροοικονομικές επιπτώσεις που δεν συνδέεται άμεσα με κίνδυνο μεταναστευτικών ροών.",,,"[""Saudi Arabia"", ""Turkey""]",[],[],[],Policy Change,0.9
23,2026-05-02,Turkiye,Turkish Minute,Main opposition leader accuses Erdoğan of hypocrisy over Turkey’s role in US-backed Gaza board,1,"[MACRO INFO] Η είδηση αφορά πολιτική αντιπαράθεση στην Τουρκία για την εξωτερική της πολιτική σχετικά με τη Γάζα. Αν και δεν αναφέρεται σε μετανάστες, αποτελεί πληροφορία για τις πολιτικές εξελίξεις σε βασικό περιφερειακό παράγοντα.",,,"[""Turkey"", ""US""]","[""Erdoğan""]",[],"[""Gaza""]",Policy Change,0.9
27,2026-05-02,Egypt,Egyptian Streets,Learning to Fall in Love with Nature Through Art,1,[MACRO INFO] Η είδηση αφορά έκθεση τέχνης στην Αίγυπτο και δεν παρουσιάζει κανένα κίνδυνο δημιουργίας μεταναστευτικών ροών προς την Κύπρο ή την Αν. Μεσόγειο.,,,"[""Egypt"", ""Cyprus""]",[],[],"[""Eastern Mediterranean""]",Other,0.9
31,2026-05-02,Cross_Regional,BBC Arabic,"إطلاق سراح كل ناشطي ""أسطول الصمود العالمي"" باستثناء اثنين، فما قصّتهما؟",1,"[MACRO INFO] Η είδηση αφορά την απελευθέρωση ακτιβιστών από «στόλο αντοχής» στην Κρήτη, με δύο να κρατούνται στο Ισραήλ, γεγονός που συνιστά πολιτική εξέλιξη στην Ανατολική Μεσόγειο χωρίς άμεση σύνδεση με μεταναστευτικές ροές.",,,"[""Israel"", ""Greece""]",[],"[""Global Endurance Fleet""]","[""Crete"", ""Eastern Mediterranean""]",Other,0.9
34,2026-05-02,Cross_Regional,Al Jazeera,Flotilla activists return to Istanbul after Israel detains them at sea,1,"[MACRO INFO] Ακτιβιστές του στολίσκου της Γάζας επέστρεψαν στην Κωνσταντινούπολη μετά την παρεμπόδιση από το Ισραήλ, ένα πολιτικό συμβάν χωρίς άμεσο κίνδυνο δημιουργίας μεταναστευτικών ροών.",,,"[""Israel""]",[],[],"[""Istanbul"", ""Gaza""]",Other,0.9
35,2026-05-02,Cross_Regional,Al Jazeera,Rallies under way as workers gather for International Labour Day,1,"[MACRO INFO] Η είδηση αφορά παγκόσμιες εκδηλώσεις για την Εργατική Πρωτομαγιά, οι οποίες δεν υποδηλώνουν άμεση αστάθεια ή κίνδυνο μεταναστευτικών ροών προς την Κύπρο ή την Αν. Μεσόγειο.",,,"[""Cyprus""]",[],[],"[""Eastern Mediterranean""]",Economic Migration,0.9
36,2026-05-02,Cross_Regional,Middle East Eye,Pro-Palestine coalition condemns Starmer for suggesting ban on marches,1,"[MACRO INFO] Η είδηση αφορά πολιτικές συζητήσεις και διαδηλώσεις στο Ηνωμένο Βασίλειο σχετικές με την Παλαιστίνη, γεγονός που συνδέεται πολύ έμμεσα με τη γενικότερη αστάθεια στην Ανατολική Μεσόγειο χωρίς άμεσο αντίκτυπο στις μεταναστευτικές ροές.",,,"[""United Kingdom"", ""Palestine""]","[""Starmer""]","[""Pro-Palestine coalition""]","[""Eastern Mediterranean""]",Policy Change,0.9
39,2026-05-02,Cross_Regional,Middle East Eye,UAE says air traffic back to normal as measures lifted,1,"[MACRO INFO] Η είδηση αναφέρει την επιστροφή στην ομαλότητα της εναέριας κυκλοφορίας στα ΗΑΕ μετά την άρση προληπτικών μέτρων που σχετίζονταν με ανησυχίες για σύγκρουση στο Ιράν, υποδηλώνοντας μείωση της περιφερειακής έντασης και όχι αύξηση κινδύνου για μεταναστευτικές ροές.",,,"[""UAE"", ""Iran""]",[],[],[],Policy Change,0.9
45,2026-05-02,Syria,North Press Agency,"Syria detains Lebanese drug suspect, hands him to Beirut",1,"[MACRO INFO] Η Συρία συνέλαβε και παρέδωσε έναν ύποπτο διακινητή ναρκωτικών στον Λίβανο, γεγονός που δεν συνδέεται άμεσα με τη δημιουργία μεταναστευτικών ροών.",,,"[""Syria"", ""Lebanon""]",[],[],"[""Beirut""]",Other,0.9
63,2026-05-02,Turkiye,Evrensel,Basın Konseyi’nin Basın Özgürlüğü Ödülleri sahiplerini buldu,1,"[MACRO INFO] Η είδηση αφορά βραβεία για την ελευθερία του Τύπου στην Τουρκία, γεγονός που δεν σχετίζεται άμεσα με τον κίνδυνο δημιουργίας μεταναστευτικών ροών.",,,"[""Turkey""]",[],"[""Press Council""]",[],Other,0.9
64,2026-05-02,Turkiye,Evrensel,Türkiye’de ultra zengin sayısı son 5 yılda hızlı arttı,1,[MACRO INFO] Η αύξηση του αριθμού των υπερπλουσίων στην Τουρκία αποτελεί γενική οικονομική πληροφορία χωρίς άμεση σύνδεση με κίνδυνο δημιουργίας μεταναστευτικών ροών προς την Κύπρο.,,,"[""Turkey"", ""Cyprus""]",[],[],[],Economic Migration,0.9
66,2026-05-02,Turkiye,Evrensel,Iğdır FK-Amedspor: 2-1,1,[MACRO INFO] Η είδηση αφορά αποτέλεσμα ποδοσφαιρικού αγώνα στην Τουρκία και δεν σχετίζεται με τον κίνδυνο δημιουργίας μεταναστευτικών ροών.,,,"[""Turkey""]",[],"[""Iğdır FK"", ""Amedspor""]","[""Iğdır"", ""Amed""]",Other,0.9
69,2026-05-02,Turkiye,Turkish Minute,Sumud flotilla participants arrive in İstanbul after Israeli detention,1,"[MACRO INFO] Συμμετέχοντες σε στολίσκο προς τη Γάζα, συμπεριλαμβανομένων Τούρκων πολιτών, έφτασαν στην Κωνσταντινούπολη μετά από κράτηση από τις ισραηλινές δυνάμεις στην ανατολική Μεσόγειο. Το γεγονός αποτελεί πολιτικό περιστατικό χωρίς να δημιουργεί κίνδυνο μεταναστευτικών ροών προς την Κύπρο ή την περιοχή.",,,"[""Israel"", ""Turkey"", ""Cyprus""]",[],[],"[""Istanbul"", ""Gaza"", ""Eastern Mediterranean""]",Humanitarian,0.9
70,2026-05-02,Turkiye,Turkish Minute,Turkey releases more than 500 May Day protesters detained in İstanbul,1,"[MACRO INFO] Η είδηση αφορά εσωτερικές πολιτικές εντάσεις στην Κωνσταντινούπολη, με συλλήψεις διαδηλωτών που όμως αφέθηκαν ελεύθεροι, χωρίς άμεση σύνδεση με μεταναστευτικές ροές.",,,"[""Turkey""]",[],[],"[""İstanbul""]",Other,0.9
71,2026-05-02,Turkiye,Turkish Minute,Turkey to repatriate nationals from Gaza aid flotilla intercepted by Israel,1,"[MACRO INFO] Το περιστατικό με τον στολίσκο ανθρωπιστικής βοήθειας προς τη Γάζα και την εμπλοκή διαφόρων κρατών υποδηλώνει γενική αστάθεια στην Ανατολική Μεσόγειο, χωρίς άμεση σχέση με μεταναστευτικές ροές.",,,"[""Turkey"", ""Israel""]",[],[],"[""Gaza"", ""Eastern Mediterranean""]",Humanitarian,0.9
75,2026-05-02,Egypt,Mada Masr English,"In landmark ruling, hotel manager sentenced for discrimination against women after refusing single-room booking",1,"[MACRO INFO] Η είδηση αφορά μια δικαστική απόφαση στην Αίγυπτο σχετικά με την καταπολέμηση των διακρίσεων, ένα εσωτερικό ζήτημα που δεν δημιουργεί κίνδυνο μεταναστευτικών ροών προς την Κύπρο ή την Αν. Μεσόγειο.",,,"[""Egypt"", ""Cyprus""]",[],[],"[""Eastern Mediterranean""]",Other,0.9
77,2026-05-02,Egypt,Egyptian Streets,Egypt Approved for First-Time Aquaculture Exports to European Union,1,"[MACRO INFO] Η Αίγυπτος έλαβε έγκριση για εξαγωγές υδατοκαλλιεργειών στην ΕΕ, γεγονός που σηματοδοτεί μια θετική οικονομική εξέλιξη για τη χώρα.",,,"[""Egypt""]",[],"[""European Union""]",[],Policy Change,0.9
78,2026-05-02,Egypt,Egyptian Streets,Egypt Launches National Initiative Competition to Combat Digital Violence Against Women,1,"[MACRO INFO] Η είδηση αφορά ένα εθνικό διαγωνισμό στην Αίγυπτο για την καταπολέμηση της ψηφιακής βίας κατά των γυναικών, χωρίς άμεση ή έμμεση σχέση με μεταναστευτικές ροές ή αστάθεια που θα μπορούσε να τις προκαλέσει.",,,"[""Egypt""]",[],[],[],Other,0.95
79,2026-05-02,Egypt,Egyptian Streets,Cairo Governor Halts New Café and Restaurant Licences in Residential-Central Districts,1,"[MACRO INFO] Η απόφαση της κυβέρνησης του Καΐρου να αναστείλει την έκδοση νέων αδειών για καφέ και εστιατόρια σε συγκεκριμένες συνοικίες, αποσκοπεί στην προστασία της αρχιτεκτονικής κληρονομιάς και την αντιμετώπιση της ηχορύπανσης. Η πολιτική αυτή δεν αναμένεται να προκαλέσει μεταναστευτικές ροές.",,,[],[],[],"[""Cairo"", ""Residential-Central Districts""]",Policy Change,0.9
85,2026-05-02,Cross_Regional,Al Jazeera,Mali probes soldiers suspected of involvement in military base attacks,1,"[MACRO INFO] Εσωτερικές αναταραχές και επίθεση σε στρατιωτική βάση στο Μάλι, χωρίς άμεση σύνδεση με μεταναστευτικές ροές προς την Κύπρο ή την Αν. Μεσόγειο.",,,"[""Mali"", ""Cyprus""]",[],[],"[""Eastern Mediterranean""]",Other,0.9
90,2026-05-02,Cross_Regional,Middle East Eye,Nato seeking to understand US decision to withdraw troops from Germany,1,[MACRO INFO] Η απόφαση των ΗΠΑ να αποσύρουν στρατεύματα από τη Γερμανία και οι εντάσεις στο ΝΑΤΟ αποτελούν μια μορφή πολιτικής αστάθειας. Δεν υπάρχει άμεση σύνδεση με μεταναστευτικές ροές προς την Κύπρο ή την Ανατολική Μεσόγειο.,,,"[""US"", ""Germany"", ""Cyprus""]",[],"[""Nato""]","[""Eastern Mediterranean""]",Policy Change,0.9
95,2026-05-02,Cross_Regional,Al Monitor,UK PM Starmer says there could be new powers to ban pro-Palestinian marches,1,"[MACRO INFO] Η είδηση αφορά συζήτηση στο Ηνωμένο Βασίλειο για πιθανή απαγόρευση φιλοπαλαιστινιακών διαδηλώσεων, ένα εσωτερικό πολιτικό θέμα χωρίς άμεση σύνδεση με μεταναστευτικές ροές προς την Κύπρο.",,,"[""United Kingdom""]","[""Keir Starmer""]",[],[],Policy Change,0.9
98,2026-05-02,Cross_Regional,Al Monitor,"US troop drawback underlines European defence responsibility, German minister says",1,"[MACRO INFO] Η απόσυρση 5.000 αμερικανικών στρατευμάτων από τη Γερμανία και η έμφαση στην ευρωπαϊκή αμυντική ευθύνη συνιστούν μια πολιτική αλλαγή στο γεωπολιτικό τοπίο, χωρίς άμεση σύνδεση με μεταναστευτικές ροές προς την Κύπρο ή την Αν. Μεσόγειο.",,,"[""United States"", ""Germany"", ""Cyprus""]",[],[],"[""Europe"", ""Eastern Mediterranean""]",Policy Change,0.9
121,2026-05-02,Turkiye,Evrensel,ABD’de İran politikası tartışılıyor: Ankete göre halkın yüzde 61’i “saldırı hata” diyor,1,"[MACRO INFO] Δημοσκόπηση στις ΗΠΑ δείχνει ότι η κοινή γνώμη θεωρεί λάθος τη χρήση βίας κατά του Ιράν, σηματοδοτώντας πιθανές μελλοντικές γεωπολιτικές συζητήσεις.",,,"[""USA"", ""Iran""]",[],[],[],Policy Change,0.9
130,2026-05-02,Egypt,Mada Masr English,"Not a lack of cases, but a lack of will: Just 2 verdicts in over a decade of discrimination lawsuits",1,"[MACRO INFO] Η είδηση αφορά την ανεπαρκή εφαρμογή της αντιδιακριτικής νομοθεσίας στην Αίγυπτο, υποδεικνύοντας συστημικά προβλήματα στην επιβολή του νόμου και την πολιτική βούληση.",,,"[""Egypt""]",[],[],[],Policy Change,0.9
134,2026-05-02,Egypt,Egyptian Streets,"Egypt as a Global Operations Hub: How It Got Here, and a Framework for Where It Goes Next",1,"[MACRO INFO] Η είδηση αφορά τη σημαντική ανάπτυξη της Αιγύπτου ως κόμβου εξωτερικής ανάθεσης υπηρεσιών και τη δημιουργία δεκάδων χιλιάδων νέων θέσεων εργασίας, ενισχύοντας την οικονομική σταθερότητα και μειώνοντας τους παράγοντες ώθησης για μετανάστευση.",,,"[""Egypt""]",[],[],[],Economic Migration,0.95
141,2026-05-02,Cross_Regional,BBC Arabic,ارتفاع معدلات السرطان بين الشباب: هل تفسّر السمنة جزءاً من اللغز؟,1,[MACRO INFO] Η είδηση περί αύξησης των ποσοστών καρκίνου μεταξύ των νέων δεν σχετίζεται άμεσα με τη δημιουργία μεταναστευτικών ροών προς την Κύπρο ή την Αν. Μεσόγειο.,,,"[""Cyprus""]",[],[],"[""Eastern Mediterranean""]",Humanitarian,0.9
142,2026-05-02,Cross_Regional,Al Jazeera,LIVE: Arsenal vs Fulham – Premier League,1,[MACRO INFO] Η είδηση αφορά έναν ποδοσφαιρικό αγώνα και δεν σχετίζεται με γεωπολιτική αστάθεια ή παράγοντες που επηρεάζουν τις μεταναστευτικές ροές προς την Κύπρο ή την Αν. Μεσόγειο.,,,[],[],[],[],Other,0.9
143,2026-05-02,Cross_Regional,Al Jazeera,The United States of Conspiracy,1,"[MACRO INFO] Η είδηση αφορά πολιτική αστάθεια στις Ηνωμένες Πολιτείες λόγω απόπειρας δολοφονίας, γεγονός που δεν σχετίζεται άμεσα με τον κίνδυνο δημιουργίας μεταναστευτικών ροών προς την Κύπρο ή την Ανατολική Μεσόγειο.",,,"[""United States"", ""Cyprus""]",[],[],"[""Eastern Mediterranean""]",Other,0.9
177,2026-05-02,Turkiye,Evrensel,"Erdoğan, “Aile ve Nüfus 10 Yılı” programında konuştu: Doğurganlık hızının düşmesinden yakındı",1,"[MACRO INFO] Ο Πρόεδρος Ερντογάν εξέφρασε ανησυχία για τη μείωση του ρυθμού γεννήσεων στην Τουρκία, ένα μακροοικονομικό δημογραφικό ζήτημα που δεν συνδέεται άμεσα με μεταναστευτικές ροές προς την Κύπρο.",,,"[""Turkey"", ""Cyprus""]","[""Erdoğan""]",[],[],Policy Change,0.9
